"ID","starting","grazing","environmt","mort_int","mortality","mortality_border","rho_plus","rho_plus_ungrazed","q_plus","q_plus_ungrazed","rho_zero","rho_minus"
3,"high",0,0.4,0,0,NA,1,1,1,1,0,0
1,"high",0,0.2,0,0,0,0.9972,0.994761238761239,0.997192137986362,0.994733635379879,0.00251468531468531,0.000285314685314685
6,"high",0,0.7,0,0,NA,1,1,1,1,0,0
10,"high",0.1,0.2,0,0.00423903551445493,0.0298693928787804,0.719456143856144,0.994269330669331,0.909568642349415,0.994236265004883,0.135753846153846,0.14479000999001
8,"high",0,0.9,0,0,NA,1,1,1,1,0,0
12,"high",0.1,0.4,0,0,NA,1,1,1,1,0,0
7,"high",0,0.8,0,0,NA,1,1,1,1,0,0
11,"high",0.1,0.3,0,0,NA,1,1,1,1,0,0
20,"high",0.2,0.3,0,0,NA,1,1,1,1,0,0
5,"high",0,0.6,0,0,NA,1,1,1,1,0,0
23,"high",0.2,0.6,0,0,NA,1,1,1,1,0,0
17,"high",0.1,0.9,0,0,NA,1,1,1,1,0,0
9,"high",0,1,0,0,NA,1,1,1,1,0,0
15,"high",0.1,0.7,0,0,NA,1,1,1,1,0,0
22,"high",0.2,0.5,0,0,NA,1,1,1,1,0,0
14,"high",0.1,0.6,0,0,NA,1,1,1,1,0,0
4,"high",0,0.5,0,0,NA,1,1,1,1,0,0
18,"high",0.1,1,0,0,NA,1,1,1,1,0,0
21,"high",0.2,0.4,0,0,NA,1,1,1,1,0,0
19,"high",0.2,0.2,0,0.0180915774744905,0.0645301203251011,0.406380819180819,0.993597202797203,0.809206863552768,0.994159671732812,0.215373826173826,0.378245354645355
16,"high",0.1,0.8,0,0,NA,1,1,1,1,0,0
2,"high",0,0.3,0,0,NA,1,1,1,1,0,0
13,"high",0.1,0.5,0,0,NA,1,1,1,1,0,0
24,"high",0.2,0.7,0,0,NA,1,1,1,1,0,0
26,"high",0.2,0.9,0,0,NA,1,1,1,1,0,0
25,"high",0.2,0.8,0,0,NA,1,1,1,1,0,0
27,"high",0.2,1,0,0,NA,1,1,1,1,0,0
28,"high",0.3,0.2,0,0.0444967797677737,0.0968156023382687,0.0264423576423576,0.994633366633367,0.671560979198034,0.994604331669373,0.109593206793207,0.863964435564436
30,"high",0.3,0.4,0,0,NA,1,1,1,1,0,0
31,"high",0.3,0.5,0,0,NA,1,1,1,1,0,0
32,"high",0.3,0.6,0,0,NA,1,1,1,1,0,0
36,"high",0.3,1,0,0,NA,1,1,1,1,0,0
29,"high",0.3,0.3,0,0,NA,1,1,1,1,0,0
40,"high",0.4,0.5,0,0,NA,1,1,1,1,0,0
46,"high",0.5,0.2,0,NA,NA,0,0.996,0,0.996184738955823,0.0890917082917083,0.910908291708292
37,"high",0.4,0.2,0,NA,NA,0,0.9936,0,0.993558776167472,0.0885054945054945,0.911494505494506
35,"high",0.3,0.9,0,0,NA,1,1,1,1,0,0
34,"high",0.3,0.8,0,0,NA,1,1,1,1,0,0
41,"high",0.4,0.6,0,0,NA,1,1,1,1,0,0
33,"high",0.3,0.7,0,0,NA,1,1,1,1,0,0
38,"high",0.4,0.3,0,0,NA,1,1,1,1,0,0
39,"high",0.4,0.4,0,0,NA,1,1,1,1,0,0
44,"high",0.4,0.9,0,0,NA,1,1,1,1,0,0
45,"high",0.4,1,0,0,NA,1,1,1,1,0,0
43,"high",0.4,0.8,0,0,NA,1,1,1,1,0,0
42,"high",0.4,0.7,0,0,NA,1,1,1,1,0,0
47,"high",0.5,0.3,0,0,NA,1,1,1,1,0,0
49,"high",0.5,0.5,0,0,NA,1,1,1,1,0,0
48,"high",0.5,0.4,0,0,NA,1,1,1,1,0,0
50,"high",0.5,0.6,0,0,NA,1,1,1,1,0,0
51,"high",0.5,0.7,0,0,NA,1,1,1,1,0,0
52,"high",0.5,0.8,0,0,NA,1,1,1,1,0,0
53,"high",0.5,0.9,0,0,NA,1,1,1,1,0,0
54,"high",0.5,1,0,0,NA,1,1,1,1,0,0
55,"high",0.6,0.2,0,NA,NA,0,0.994637762237762,0,0.994608814424875,0.0888371628371628,0.911162837162837
57,"high",0.6,0.4,0,0,NA,1,1,1,1,0,0
60,"high",0.6,0.7,0,0,NA,1,1,1,1,0,0
56,"high",0.6,0.3,0,0,NA,1,1,1,1,0,0
61,"high",0.6,0.8,0,0,NA,1,1,1,1,0,0
64,"high",0.7,0.2,0,NA,NA,0,0.994393206793207,0,0.994763746975409,0.0895368631368631,0.910463136863137
62,"high",0.6,0.9,0,0,NA,1,1,1,1,0,0
65,"high",0.7,0.3,0,0,NA,1,1,1,1,0,0
58,"high",0.6,0.5,0,0,NA,1,1,1,1,0,0
66,"high",0.7,0.4,0,0,NA,1,1,1,1,0,0
67,"high",0.7,0.5,0,0,NA,1,1,1,1,0,0
59,"high",0.6,0.6,0,0,NA,1,1,1,1,0,0
69,"high",0.7,0.7,0,0,NA,1,1,1,1,0,0
63,"high",0.6,1,0,0,NA,1,1,1,1,0,0
68,"high",0.7,0.6,0,0,NA,1,1,1,1,0,0
70,"high",0.7,0.8,0,0,NA,1,1,1,1,0,0
71,"high",0.7,0.9,0,0,NA,1,1,1,1,0,0
73,"high",0.8,0.2,0,NA,NA,0,0.994452347652348,0,0.99462242913354,0.088977022977023,0.911022977022977
72,"high",0.7,1,0,0,NA,1,1,1,1,0,0
74,"high",0.8,0.3,0,0,NA,1,1,1,1,0,0
75,"high",0.8,0.4,0,0,NA,1,1,1,1,0,0
78,"high",0.8,0.7,0,0,NA,1,1,1,1,0,0
76,"high",0.8,0.5,0,0,NA,1,1,1,1,0,0
79,"high",0.8,0.8,0,0,NA,1,1,1,1,0,0
77,"high",0.8,0.6,0,0,NA,1,1,1,1,0,0
80,"high",0.8,0.9,0,0,NA,1,1,1,1,0,0
81,"high",0.8,1,0,0,NA,1,1,1,1,0,0
86,"high",0.9,0.6,0,0,NA,1,1,1,1,0,0
83,"high",0.9,0.3,0,0,NA,1,1,1,1,0,0
82,"high",0.9,0.2,0,NA,NA,0,0.994426773226773,0,0.994797666252421,0.0917162837162837,0.908283716283716
89,"high",0.9,0.9,0,0,NA,1,1,1,1,0,0
93,"high",0,0.4,0.1,0.1,0.1,0.518997002997003,0.52296023976024,0.593653244725799,0.592038315362328,0.362027972027972,0.118975024975025
88,"high",0.9,0.8,0,0,NA,1,1,1,1,0,0
84,"high",0.9,0.4,0,0,NA,1,1,1,1,0,0
94,"high",0,0.5,0.1,0.1,0.1,0.642604995004995,0.639061738261738,0.683393347231974,0.680223439135407,0.292935464535465,0.0644595404595405
90,"high",0.9,1,0,0,NA,1,1,1,1,0,0
85,"high",0.9,0.5,0,0,NA,1,1,1,1,0,0
95,"high",0,0.6,0.1,0.1,0.1,0.722751248751249,0.717982817182817,0.747238662902514,0.743271181518196,0.233188811188811,0.0440599400599401
87,"high",0.9,0.7,0,0,NA,1,1,1,1,0,0
96,"high",0,0.7,0.1,0.1,0.1,0.77488991008991,0.773857742257742,0.790606113401535,0.788744960941055,0.193613186813187,0.0314969030969031
91,"high",0,0.2,0.1,NA,NA,0,0,0,0,0.0897742257742258,0.910225774225774
92,"high",0,0.3,0.1,0.1,0.1,0.258561838161838,0.254034765234765,0.457995279554257,0.461903562314182,0.355944855144855,0.385493306693307
97,"high",0,0.8,0.1,0.1,0.1,0.809382217782218,0.808394005994006,0.820645141639527,0.81914164455155,0.165521278721279,0.0250965034965035
98,"high",0,0.9,0.1,0.1,0.1,0.837036163836164,0.838747252747253,0.845139623415909,0.846058436170296,0.142099100899101,0.0208647352647353
100,"high",0.1,0.2,0.1,NA,NA,0,0,0,0,0.090015984015984,0.909984015984016
102,"high",0.1,0.4,0.1,0.124954933486264,0.135531511261313,0.310909490509491,0.510854745254745,0.498487707119966,0.591557168598418,0.382903896103896,0.306186613386613
101,"high",0.1,0.3,0.1,NA,NA,0,0.269058141858142,0,0.459499412647265,0.0950293706293706,0.904970629370629
99,"high",0,1,0.1,0.1,0.1,0.859895704295704,0.858388811188811,0.866236966593967,0.863770555359623,0.123020579420579,0.0170837162837163
109,"high",0.2,0.2,0.1,NA,NA,0,0,0,0,0.0871724275724276,0.912827572427572
112,"high",0.2,0.5,0.1,0.143243390161753,0.168014672487208,0.395996803196803,0.643666333666334,0.562976337313796,0.685974916823303,0.378163036963037,0.22584015984016
105,"high",0.1,0.7,0.1,0.111355218158236,0.128920207863461,0.745595204795205,0.774977022977023,0.772060640994175,0.7898871003459,0.216063136863137,0.0383416583416583
104,"high",0.1,0.6,0.1,0.114409188810284,0.130313692274458,0.663943656343656,0.721491308691309,0.710509796227964,0.74728610382359,0.273035364635365,0.063020979020979
107,"high",0.1,0.9,0.1,0.108459788565936,0.127813722572965,0.817101698301698,0.839878121878122,0.830916564105723,0.847760441846843,0.158691308691309,0.024206993006993
115,"high",0.2,0.8,0.1,0.12118495845105,0.157211770570821,0.75780979020979,0.811859340659341,0.786258394150334,0.822934035685348,0.20568031968032,0.0365098901098901
108,"high",0.1,1,0.1,0.107365555348505,0.127447774077463,0.8435000999001,0.858568631368631,0.853653556651737,0.864285371569818,0.136811988011988,0.0196879120879121
103,"high",0.1,0.5,0.1,0.118076220222268,0.131983867780148,0.556529470529471,0.631621178821179,0.63451163281166,0.676492636590283,0.340502697302697,0.102967832167832
111,"high",0.2,0.4,0.1,NA,NA,0,0.507858541458541,0,0.589683076073059,0.0905166833166833,0.909483316683317
116,"high",0.2,0.9,0.1,0.118071313459313,0.156058336719277,0.796295304695305,0.836881518481518,0.816388537984479,0.845175788903947,0.175604795204795,0.0280999000999001
106,"high",0.1,0.8,0.1,0.109525914186449,0.128165017498039,0.788537062937063,0.808641358641359,0.806978294222939,0.819098248210683,0.182576223776224,0.0288867132867133
114,"high",0.2,0.7,0.1,0.125828078653848,0.159260399436312,0.695057742257742,0.777972427572428,0.740006968923977,0.792388429924841,0.252190609390609,0.0527516483516484
120,"high",0.3,0.4,0.1,NA,NA,0,0.515966433566434,0,0.593758510486426,0.0900963036963037,0.909903696303696
117,"high",0.2,1,0.1,0.115501873775333,0.155096838587762,0.830254145854146,0.856176223776224,0.844926073214071,0.862481703595476,0.14714005994006,0.0226057942057942
110,"high",0.2,0.3,0.1,NA,NA,0,0.26614025974026,0,0.450475332914089,0.0911424575424575,0.908857542457542
113,"high",0.2,0.6,0.1,0.132588593806637,0.16219590386221,0.595934065934066,0.731093306693307,0.67021175954742,0.75249113829494,0.31855984015984,0.0855060939060939
118,"high",0.3,0.2,0.1,NA,NA,0,0,0,0,0.0885734265734266,0.911426573426573
119,"high",0.3,0.3,0.1,NA,NA,0,0.245931668331668,0,0.456244237244819,0.094027972027972,0.905972027972028
121,"high",0.3,0.5,0.1,NA,NA,0,0.640521078921079,0,0.681998691339759,0.0885414585414585,0.911458541458541
122,"high",0.3,0.6,0.1,0.157301025584161,0.198103315551363,0.481838161838162,0.7174001998002,0.611509266547182,0.743382276538066,0.362467532467532,0.155694305694306
125,"high",0.3,0.9,0.1,0.129429312389568,0.185387601947489,0.767998401598402,0.837709090909091,0.799538282751933,0.84621500949192,0.196086313686314,0.0359152847152847
126,"high",0.3,1,0.1,0.125111011571612,0.183508314423124,0.809283516483516,0.856120679320679,0.829957656350064,0.862775285349513,0.164146653346653,0.0265698301698302
127,"high",0.4,0.2,0.1,NA,NA,0,0,0,0,0.0894337662337662,0.910566233766234
123,"high",0.3,0.7,0.1,0.143801618609259,0.19131419287214,0.633874925074925,0.769386613386613,0.703560865076523,0.788070029499664,0.290498301698302,0.0756267732267732
131,"high",0.4,0.6,0.1,0.211845066040002,0.249472379075877,0.020210989010989,0.71937022977023,0.437287783393231,0.743143383048922,0.125339060939061,0.85444995004995
124,"high",0.3,0.8,0.1,0.135017746965474,0.187598818249212,0.720645354645355,0.805660739260739,0.762729486833361,0.81740359360809,0.231877722277722,0.0474769230769231
133,"high",0.4,0.8,0.1,0.153115858626134,0.219875236382147,0.664813586413586,0.808181018981019,0.728789310607515,0.819917969402645,0.270527072927073,0.0646593406593407
128,"high",0.4,0.3,0.1,NA,NA,0,0.232431968031968,0,0.445624019510321,0.0921986013986014,0.907801398601399
129,"high",0.4,0.4,0.1,NA,NA,0,0.504908291708292,0,0.588664098818119,0.09083996003996,0.90916003996004
138,"high",0.5,0.4,0.1,NA,NA,0,0.522617782217782,0,0.597321131612669,0.0876175824175824,0.912382417582418
130,"high",0.4,0.5,0.1,NA,NA,0,0.646401598401598,0,0.687747935843811,0.0934333666333666,0.906566633366633
134,"high",0.4,0.9,0.1,0.143495422753994,0.215484931149324,0.738706893106893,0.83744975024975,0.779016127371849,0.845805350782676,0.218928671328671,0.0423644355644356
139,"high",0.5,0.5,0.1,NA,NA,0,0.645826173826174,0,0.683998396236305,0.0877446553446554,0.912255344655345
132,"high",0.4,0.7,0.1,0.167092160529745,0.226432835912689,0.549808191808192,0.773964035964036,0.656666201460797,0.790007867030903,0.335846553446553,0.114345254745255
137,"high",0.5,0.3,0.1,NA,NA,0,0.258274125874126,0,0.449930731295112,0.0913134865134865,0.908686513486514
135,"high",0.4,1,0.1,0.137167893686432,0.213204029302857,0.78307012987013,0.856412787212787,0.812560688422326,0.862898227534792,0.183784615384615,0.0331452547452547
142,"high",0.5,0.8,0.1,0.17557376848048,0.254425529994192,0.59690989010989,0.812523876123876,0.690203670477762,0.823278160102358,0.309806993006993,0.0932831168831169
140,"high",0.5,0.6,0.1,NA,NA,0,0.720567432567433,0,0.744904586622811,0.0896755244755245,0.910324475524475
136,"high",0.5,0.2,0.1,NA,NA,0,0,0,0,0.0888583416583417,0.911141658341658
141,"high",0.5,0.7,0.1,0.200622752156769,0.267447880755664,0.396588211788212,0.771285514485515,0.585597715734085,0.787940075673612,0.375188011988012,0.228223776223776
143,"high",0.5,0.9,0.1,0.160784676310461,0.247833035288904,0.689696703296703,0.836845154845155,0.751259567439643,0.845128960712938,0.251349450549451,0.0589538461538462
147,"high",0.6,0.4,0.1,NA,NA,0,0.505955644355644,0,0.588909599198329,0.0916455544455544,0.908354445554446
144,"high",0.5,1,0.1,0.150145280601047,0.242946389502851,0.755575624375624,0.858658941058941,0.796102747382993,0.864468553005674,0.204476723276723,0.0399476523476523
148,"high",0.6,0.5,0.1,NA,NA,0,0.639677122877123,0,0.681730652384769,0.0914021978021978,0.908597802197802
145,"high",0.6,0.2,0.1,NA,NA,0,0,0,0,0.0907972027972028,0.909202797202797
150,"high",0.6,0.7,0.1,NA,NA,0,0.77636043956044,0,0.792685962550277,0.0924523476523477,0.907547652347652
152,"high",0.6,0.9,0.1,0.181667047301624,0.282346998798209,0.630973826173826,0.838837962037962,0.72005564023855,0.846562690681785,0.286796403596404,0.0822297702297702
155,"high",0.7,0.3,0.1,NA,NA,0,0.266302897102897,0,0.46281859775194,0.0933574425574426,0.906642557442557
149,"high",0.6,0.6,0.1,NA,NA,0,0.72113046953047,0,0.746747388886694,0.0931828171828172,0.906817182817183
146,"high",0.6,0.3,0.1,NA,NA,0,0.228055944055944,0,0.458840193182691,0.089420979020979,0.910579020979021
158,"high",0.7,0.6,0.1,NA,NA,0,0.718457542457542,0,0.742983638912556,0.0941118881118881,0.905888111888112
157,"high",0.7,0.5,0.1,NA,NA,0,0.641015384615385,0,0.682094454276205,0.093154045954046,0.906845954045954
156,"high",0.7,0.4,0.1,NA,NA,0,0.514254545454545,0,0.598126451636493,0.092851948051948,0.907148051948052
153,"high",0.6,1,0.1,0.16409700883125,0.273781361556328,0.73056023976024,0.857624775224775,0.781940037860223,0.863857853025578,0.22225974025974,0.04718001998002
151,"high",0.6,0.8,0.1,0.206428922343953,0.294140481194374,0.487914885114885,0.810897502497502,0.633958179141631,0.822164427680016,0.356141458541459,0.155943656343656
154,"high",0.7,0.2,0.1,NA,NA,0,0,0,0,0.0903116883116883,0.909688311688312
160,"high",0.7,0.8,0.1,NA,NA,0,0.810443556443556,0,0.82188961520122,0.0877522477522478,0.912247752247752
162,"high",0.7,1,0.1,0.186374041524981,0.308044606691861,0.673102497502498,0.857406993006993,0.745104218404529,0.863380933528544,0.260501098901099,0.0663964035964036
159,"high",0.7,0.7,0.1,NA,NA,0,0.772867532467532,0,0.788808378396659,0.0959752247752248,0.904024775224775
163,"high",0.8,0.2,0.1,NA,NA,0,0,0,0,0.0887308691308691,0.911269130869131
161,"high",0.7,0.9,0.1,0.210957864998266,0.320825906525369,0.546091508491508,0.837456543456543,0.674218070020193,0.845832455855832,0.330926273726274,0.122982217782218
167,"high",0.8,0.6,0.1,NA,NA,0,0.718440759240759,0,0.743675502073521,0.0924051948051948,0.907594805194805
164,"high",0.8,0.3,0.1,NA,NA,0,0.247043756243756,0,0.449971197849256,0.0939164835164835,0.906083516483516
169,"high",0.8,0.8,0.1,NA,NA,0,0.81048031968032,0,0.821347856763688,0.0901594405594406,0.909840559440559
171,"high",0.8,1,0.1,0.211025823768675,0.344633161011478,0.614307292707293,0.85591008991009,0.715103923008245,0.862359796317217,0.296735264735265,0.0889574425574426
166,"high",0.8,0.5,0.1,NA,NA,0,0.642079120879121,0,0.683357077986338,0.0919440559440559,0.908055944055944
165,"high",0.8,0.4,0.1,NA,NA,0,0.511158841158841,0,0.587699871386304,0.0922869130869131,0.907713086913087
170,"high",0.8,0.9,0.1,NA,0.4137570861678,0.000634965034965035,0.837172027972028,0.11110199324485,0.844776310684179,0.0925842157842158,0.906780819180819
168,"high",0.8,0.7,0.1,NA,NA,0,0.77284035964036,0,0.789335220465219,0.0891764235764236,0.910823576423576
176,"high",0.9,0.6,0.1,NA,NA,0,0.719719080919081,0,0.744252262996914,0.0922537462537463,0.907746253746254
173,"high",0.9,0.3,0.1,NA,NA,0,0.246156243756244,0,0.447003196027231,0.093024975024975,0.906975024975025
172,"high",0.9,0.2,0.1,NA,NA,0,0,0,0,0.0907732267732268,0.909226773226773
179,"high",0.9,0.9,0.1,NA,NA,0,0.836167032967033,0,0.8449620227737,0.0888851148851149,0.911114885114885
177,"high",0.9,0.7,0.1,NA,NA,0,0.775504895104895,0,0.791493632672935,0.0926285714285714,0.907371428571429
178,"high",0.9,0.8,0.1,NA,NA,0,0.809570829170829,0,0.820081069940974,0.0903512487512488,0.909648751248751
183,"high",0,0.4,0.2,NA,NA,0,0,0,0,0.0938353646353646,0.906164635364635
175,"high",0.9,0.5,0.1,NA,NA,0,0.63681038961039,0,0.679333958336261,0.0885106893106893,0.911489310689311
174,"high",0.9,0.4,0.1,NA,NA,0,0.506856743256743,0,0.590389227742674,0.0926701298701299,0.90732987012987
181,"high",0,0.2,0.2,NA,NA,0,0,0,0,0.0881142857142857,0.911885714285714
184,"high",0,0.5,0.2,NA,NA,0,0,0,0,0.0912555444555445,0.908744455544455
180,"high",0.9,1,0.1,0.248138582839146,0.386586586972881,0.501081718281718,0.857974825174825,0.658760290478658,0.863352909491716,0.347173626373626,0.151744655344655
186,"high",0,0.7,0.2,0.2,0.2,0.51297022977023,0.526437562437562,0.588571159874014,0.597746250583517,0.368732867132867,0.118296903096903
182,"high",0,0.3,0.2,NA,NA,0,0,0,0,0.0920615384615385,0.907938461538462
187,"high",0,0.8,0.2,0.2,0.2,0.610113886113886,0.604103496503496,0.656674575493442,0.654080584816152,0.315478921078921,0.0744071928071928
185,"high",0,0.6,0.2,0.2,0.2,0.371149250749251,0.360125874125874,0.507801722845834,0.50052609035493,0.409082917082917,0.219767832167832
189,"high",0,1,0.2,0.2,0.2,0.707281518481518,0.70206993006993,0.731842407712504,0.728403566674659,0.247676723276723,0.0450417582417582
190,"high",0.1,0.2,0.2,NA,NA,0,0,0,0,0.092630969030969,0.907369030969031
188,"high",0,0.9,0.2,0.2,0.2,0.660191008991009,0.660105894105894,0.694773035438551,0.694607357445586,0.28199000999001,0.057818981018981
192,"high",0.1,0.4,0.2,NA,NA,0,0,0,0,0.0928639360639361,0.907136063936064
193,"high",0.1,0.5,0.2,NA,NA,0,0,0,0,0.0908171828171828,0.909182817182817
195,"high",0.1,0.7,0.2,0.223090449646966,0.234522277815381,0.410396003996004,0.512475124875125,0.535561128504901,0.58805495533966,0.401797402597403,0.187806593406593
196,"high",0.1,0.8,0.2,0.219023054150057,0.232460630858011,0.540628171828172,0.605778221778222,0.618247356607648,0.651559824004787,0.351613586413586,0.107758241758242
191,"high",0.1,0.3,0.2,NA,NA,0,0,0,0,0.0893886113886114,0.910611388611389
194,"high",0.1,0.6,0.2,0.229650364782716,0.23827522544056,0.00371508491508491,0.3736999000999,0.398861590088436,0.510421780784879,0.0983872127872128,0.897897702297702
198,"high",0.1,1,0.2,0.214201834089992,0.230082248399089,0.678120679320679,0.703398601398601,0.714026187770797,0.729883406575471,0.268583416583417,0.0532959040959041
197,"high",0.1,0.9,0.2,0.216346607132829,0.231056158251932,0.623024975024975,0.658722477522477,0.672352924227694,0.694845500986455,0.305436963036963,0.0715380619380619
199,"high",0.2,0.2,0.2,NA,NA,0,0,0,0,0.0953078921078921,0.904692107892108
201,"high",0.2,0.4,0.2,NA,NA,0,0,0,0,0.0891076923076923,0.910892307692308
200,"high",0.2,0.3,0.2,NA,NA,0,0,0,0,0.0933230769230769,0.906676923076923
205,"high",0.2,0.8,0.2,0.242725139691023,0.267397101797099,0.452514685314685,0.60863976023976,0.571953724767312,0.655028487391731,0.3860995004995,0.161385814185814
202,"high",0.2,0.5,0.2,NA,NA,0,0,0,0,0.0914993006993007,0.908500699300699
209,"high",0.3,0.3,0.2,NA,NA,0,0,0,0,0.0890709290709291,0.910929070929071
204,"high",0.2,0.7,0.2,0.266224235529332,0.278768188709072,0.00455144855144855,0.511542457542458,0.335593226066722,0.589059075833796,0.100706493506494,0.894742057942058
207,"high",0.2,1,0.2,0.231146994948016,0.261497757647609,0.636855544455544,0.706462337662338,0.687795014759945,0.730873133488948,0.296583816183816,0.0665606393606394
206,"high",0.2,0.9,0.2,0.235731278699158,0.263570208099924,0.573184415584416,0.660420779220779,0.641561916951192,0.694204191091908,0.337579220779221,0.0892363636363636
211,"high",0.3,0.5,0.2,NA,NA,0,0,0,0,0.0919488511488512,0.908051148851149
203,"high",0.2,0.6,0.2,NA,NA,0,0.366394405594406,0,0.503322639840689,0.0921626373626374,0.907837362637363
210,"high",0.3,0.4,0.2,NA,NA,0,0,0,0,0.0880487512487513,0.911951248751249
212,"high",0.3,0.6,0.2,NA,NA,0,0.389305094905095,0,0.511198328643456,0.0875684315684316,0.912431568431568
213,"high",0.3,0.7,0.2,NA,NA,0,0.513600799200799,0,0.589913760945525,0.0913478521478522,0.908652147852148
208,"high",0.3,0.2,0.2,NA,NA,0,0,0,0,0.0871476523476523,0.912852347652348
217,"high",0.4,0.2,0.2,NA,NA,0,0,0,0,0.0868763236763237,0.913123676323676
215,"high",0.3,0.9,0.2,0.258092574649206,0.297815971462557,0.507128871128871,0.667594005994006,0.606731432900853,0.700508977826906,0.367974025974026,0.124897102897103
216,"high",0.3,1,0.2,0.250938513959703,0.294145581354059,0.589564835164835,0.703309090909091,0.658255031474545,0.730790411907541,0.324844755244755,0.0855904095904096
218,"high",0.4,0.3,0.2,NA,NA,0,0,0,0,0.0926353646353646,0.907364635364635
214,"high",0.3,0.8,0.2,0.276652903593492,0.308681723522744,0.255188411588412,0.604932267732268,0.488860416588383,0.652060379898711,0.366724075924076,0.378087512487512
219,"high",0.4,0.4,0.2,NA,NA,0,0,0,0,0.088642957042957,0.911357042957043
224,"high",0.4,0.9,0.2,0.288876430618167,0.337200167679704,0.385865334665335,0.658552247752248,0.547829802671142,0.695029674467289,0.396241758241758,0.217892907092907
223,"high",0.4,0.8,0.2,NA,NA,0,0.604781618381618,0,0.652207660724538,0.0905722277722278,0.909427772227772
227,"high",0.5,0.3,0.2,NA,NA,0,0,0,0,0.0930677322677323,0.906932267732268
222,"high",0.4,0.7,0.2,NA,NA,0,0.513643956043956,0,0.588553783028053,0.0898773226773227,0.910122677322677
221,"high",0.4,0.6,0.2,NA,NA,0,0.375354645354645,0,0.509136434805776,0.0871016983016983,0.912898301698302
225,"high",0.4,1,0.2,0.272840101968166,0.328895567393914,0.53108971028971,0.703551648351648,0.630150355869535,0.729128737981027,0.352945454545455,0.115964835164835
231,"high",0.5,0.7,0.2,NA,NA,0,0.518482717282717,0,0.591446786972974,0.0848047952047952,0.915195204795205
226,"high",0.5,0.2,0.2,NA,NA,0,0,0,0,0.0878365634365634,0.912163436563437
220,"high",0.4,0.5,0.2,NA,NA,0,0,0,0,0.0897962037962038,0.910203796203796
229,"high",0.5,0.5,0.2,NA,NA,0,0,0,0,0.0951436563436563,0.904856343656344
234,"high",0.5,1,0.2,0.302628829973002,0.366750825113812,0.451497702297702,0.706882317682318,0.582259452462058,0.732051559550634,0.38881958041958,0.159682717282717
228,"high",0.5,0.4,0.2,NA,NA,0,0,0,0,0.0962813186813187,0.903718681318681
233,"high",0.5,0.9,0.2,NA,NA,0,0.660372027972028,0,0.69653253751096,0.0927156843156843,0.907284315684316
230,"high",0.5,0.6,0.2,NA,NA,0,0.36910969030969,0,0.50201907074871,0.0899868131868132,0.910013186813187
237,"high",0.6,0.4,0.2,NA,NA,0,0,0,0,0.0940723276723277,0.905927672327672
239,"high",0.6,0.6,0.2,NA,NA,0,0.37098021978022,0,0.503538796827251,0.0903240759240759,0.909675924075924
232,"high",0.5,0.8,0.2,NA,NA,0,0.601030569430569,0,0.651485843927099,0.0878645354645355,0.912135464535465
235,"high",0.6,0.2,0.2,NA,NA,0,0,0,0,0.08676003996004,0.91323996003996
238,"high",0.6,0.5,0.2,NA,NA,0,0,0,0,0.0909258741258741,0.909074125874126
236,"high",0.6,0.3,0.2,NA,NA,0,0,0,0,0.0913318681318681,0.908668131868132
241,"high",0.6,0.8,0.2,NA,NA,0,0.599173226773227,0,0.651245740409412,0.0898653346653347,0.910134665334665
242,"high",0.6,0.9,0.2,NA,NA,0,0.657014185814186,0,0.692362841078807,0.0879956043956044,0.912004395604396
240,"high",0.6,0.7,0.2,NA,NA,0,0.515941258741259,0,0.588495099827737,0.0924979020979021,0.907502097902098
245,"high",0.7,0.3,0.2,NA,NA,0,0,0,0,0.090443956043956,0.909556043956044
249,"high",0.7,0.7,0.2,NA,NA,0,0.510964235764236,0,0.587406382624907,0.0901074925074925,0.909892507492507
244,"high",0.7,0.2,0.2,NA,NA,0,0,0,0,0.0908371628371628,0.909162837162837
243,"high",0.6,1,0.2,NA,NA,0,0.701916883116883,0,0.728830014016189,0.0917202797202797,0.90827972027972
248,"high",0.7,0.6,0.2,NA,NA,0,0.375012187812188,0,0.508581223666458,0.0825374625374625,0.917462537462537
247,"high",0.7,0.5,0.2,NA,NA,0,0,0,0,0.0875288711288711,0.912471128871129
250,"high",0.7,0.8,0.2,NA,NA,0,0.601502097902098,0,0.65109297991695,0.0893346653346653,0.910665334665335
246,"high",0.7,0.4,0.2,NA,NA,0,0,0,0,0.0890317682317682,0.910968231768232
253,"high",0.8,0.2,0.2,NA,NA,0,0,0,0,0.0919488511488512,0.908051148851149
258,"high",0.8,0.7,0.2,NA,NA,0,0.521987612387612,0,0.594322520806667,0.0902977022977023,0.909702297702298
257,"high",0.8,0.6,0.2,NA,NA,0,0.36886993006993,0,0.50242097007692,0.0947988011988012,0.905201198801199
254,"high",0.8,0.3,0.2,NA,NA,0,0,0,0,0.0917486513486513,0.908251348651349
252,"high",0.7,1,0.2,NA,NA,0,0.705279120879121,0,0.73053257517538,0.0904411588411588,0.909558841158841
251,"high",0.7,0.9,0.2,NA,NA,0,0.661226373626374,0,0.69647791635267,0.0944527472527473,0.905547252747253
256,"high",0.8,0.5,0.2,NA,NA,0,0,0,0,0.0889822177822178,0.911017782217782
255,"high",0.8,0.4,0.2,NA,NA,0,0,0,0,0.089838961038961,0.910161038961039
259,"high",0.8,0.8,0.2,NA,NA,0,0.596203796203796,0,0.646707312515133,0.090551048951049,0.909448951048951
260,"high",0.8,0.9,0.2,NA,NA,0,0.658741258741259,0,0.69408049224831,0.0927204795204795,0.90727952047952
261,"high",0.8,1,0.2,NA,NA,0,0.704132267732268,0,0.729764883189367,0.091038961038961,0.908961038961039
266,"high",0.9,0.6,0.2,NA,NA,0,0.389803396603397,0,0.517497193041336,0.0954797202797203,0.90452027972028
262,"high",0.9,0.2,0.2,NA,NA,0,0,0,0,0.0881518481518482,0.911848151848152
264,"high",0.9,0.4,0.2,NA,NA,0,0,0,0,0.0893998001998002,0.9106001998002
263,"high",0.9,0.3,0.2,NA,NA,0,0,0,0,0.0914565434565435,0.908543456543457
267,"high",0.9,0.7,0.2,NA,NA,0,0.517048551448551,0,0.591682934097593,0.0886405594405594,0.911359440559441
269,"high",0.9,0.9,0.2,NA,NA,0,0.657965234765235,0,0.693398701644538,0.0876783216783217,0.912321678321678
268,"high",0.9,0.8,0.2,NA,NA,0,0.601423376623377,0,0.650642657451654,0.0868351648351648,0.913164835164835
265,"high",0.9,0.5,0.2,NA,NA,0,0,0,0,0.0862637362637363,0.913736263736264
274,"high",0,0.5,0.3,NA,NA,0,0,0,0,0.0902785214785215,0.909721478521479
270,"high",0.9,1,0.2,NA,NA,0,0.703061738261738,0,0.730103274921112,0.0882005994005994,0.911799400599401
275,"high",0,0.6,0.3,NA,NA,0,0,0,0,0.0933210789210789,0.906678921078921
273,"high",0,0.4,0.3,NA,NA,0,0,0,0,0.0875340659340659,0.912465934065934
276,"high",0,0.7,0.3,NA,NA,0,0,0,0,0.0904743256743257,0.909525674325674
277,"high",0,0.8,0.3,NA,NA,0,0.0480771228771229,0,0.385172721993874,0.0934837162837163,0.906516283716284
271,"high",0,0.2,0.3,NA,NA,0,0,0,0,0.0905106893106893,0.909489310689311
279,"high",0,1,0.3,0.3,0.3,0.517319080919081,0.53063016983017,0.59013233097187,0.597465242979073,0.372119080919081,0.110561838161838
272,"high",0,0.3,0.3,NA,NA,0,0,0,0,0.0937794205794206,0.906220579420579
278,"high",0,0.9,0.3,0.3,0.3,0.409986013986014,0.436344855144855,0.522079377605687,0.539308165516568,0.411106893106893,0.178907092907093
280,"high",0.1,0.2,0.3,NA,NA,0,0,0,0,0.0912127872127872,0.908787212787213
285,"high",0.1,0.7,0.3,NA,NA,0,0,0,0,0.0885514485514486,0.911448551448551
281,"high",0.1,0.3,0.3,NA,NA,0,0,0,0,0.0920483516483517,0.907951648351648
283,"high",0.1,0.5,0.3,NA,NA,0,0,0,0,0.0887084915084915,0.911291508491509
282,"high",0.1,0.4,0.3,NA,NA,0,0,0,0,0.0922841158841159,0.907715884115884
287,"high",0.1,0.9,0.3,0.327352391763919,0.337214016839074,0.204087112887113,0.43283996003996,0.446423202783211,0.535617843799189,0.349784215784216,0.446128671328671
284,"high",0.1,0.6,0.3,NA,NA,0,0,0,0,0.0886817182817183,0.911318281718282
286,"high",0.1,0.8,0.3,NA,NA,0,0.0347912087912088,0,0.389795789726482,0.090628971028971,0.909371028971029
289,"high",0.2,0.2,0.3,NA,NA,0,0,0,0,0.0932255744255744,0.906774425574426
293,"high",0.2,0.6,0.3,NA,NA,0,0,0,0,0.0906133866133866,0.909386613386613
290,"high",0.2,0.3,0.3,NA,NA,0,0,0,0,0.0876775224775225,0.912322477522478
288,"high",0.1,1,0.3,0.322166601497445,0.33403505450153,0.455638361638362,0.520268931068931,0.555740336881642,0.590732769077563,0.398881518481518,0.14548011988012
295,"high",0.2,0.8,0.3,NA,NA,0,0.168898701298701,0,0.424980195799071,0.0881062937062937,0.911893706293706
297,"high",0.2,1,0.3,0.34982357059163,0.37149674746805,0.328927472527473,0.526218981018981,0.499414027739704,0.595670765655679,0.412535064935065,0.258537462537463
291,"high",0.2,0.4,0.3,NA,NA,0,0,0,0,0.0896939060939061,0.910306093906094
294,"high",0.2,0.7,0.3,NA,NA,0,0,0,0,0.0854137862137862,0.914586213786214
292,"high",0.2,0.5,0.3,NA,NA,0,0,0,0,0.0894997002997003,0.9105002997003
296,"high",0.2,0.9,0.3,NA,NA,0,0.433831368631369,0,0.53654116160239,0.087414985014985,0.912585014985015
298,"high",0.3,0.2,0.3,NA,NA,0,0,0,0,0.0896195804195804,0.91038041958042
300,"high",0.3,0.4,0.3,NA,NA,0,0,0,0,0.0929018981018981,0.907098101898102
302,"high",0.3,0.6,0.3,NA,NA,0,0,0,0,0.0948615384615385,0.905138461538462
299,"high",0.3,0.3,0.3,NA,NA,0,0,0,0,0.0925734265734266,0.907426573426573
303,"high",0.3,0.7,0.3,NA,NA,0,0,0,0,0.0879516483516484,0.912048351648352
304,"high",0.3,0.8,0.3,NA,NA,0,0,0,0,0.0873274725274725,0.912672527472527
301,"high",0.3,0.5,0.3,NA,NA,0,0,0,0,0.092037962037962,0.907962037962038
311,"high",0.4,0.6,0.3,NA,NA,0,0,0,0,0.0937062937062937,0.906293706293706
306,"high",0.3,1,0.3,NA,NA,0,0.520694105894106,0,0.59246024115841,0.0901366633366633,0.909863336663337
308,"high",0.4,0.3,0.3,NA,NA,0,0,0,0,0.0874705294705295,0.912529470529471
307,"high",0.4,0.2,0.3,NA,NA,0,0,0,0,0.0902265734265734,0.909773426573427
305,"high",0.3,0.9,0.3,NA,NA,0,0.433388611388611,0,0.539645073511225,0.0919384615384615,0.908061538461538
309,"high",0.4,0.4,0.3,NA,NA,0,0,0,0,0.0927576423576424,0.907242357642358
312,"high",0.4,0.7,0.3,NA,NA,0,0,0,0,0.0864887112887113,0.913511288711289
310,"high",0.4,0.5,0.3,NA,NA,0,0,0,0,0.0868515484515485,0.913148451548452
315,"high",0.4,1,0.3,NA,NA,0,0.524167432567433,0,0.596238249621416,0.0935480519480519,0.906451948051948
316,"high",0.5,0.2,0.3,NA,NA,0,0,0,0,0.0886645354645355,0.911335464535465
313,"high",0.4,0.8,0.3,NA,NA,0,0.0670593406593407,0,0.381366267641279,0.0942757242757243,0.905724275724276
317,"high",0.5,0.3,0.3,NA,NA,0,0,0,0,0.0907808191808192,0.909219180819181
314,"high",0.4,0.9,0.3,NA,NA,0,0.444367232767233,0,0.540829343576179,0.0889222777222777,0.911077722277722
318,"high",0.5,0.4,0.3,NA,NA,0,0,0,0,0.0901386613386613,0.909861338661339
320,"high",0.5,0.6,0.3,NA,NA,0,0,0,0,0.0883524475524475,0.911647552447552
319,"high",0.5,0.5,0.3,NA,NA,0,0,0,0,0.0894581418581419,0.910541858141858
321,"high",0.5,0.7,0.3,NA,NA,0,0,0,0,0.091793006993007,0.908206993006993
328,"high",0.6,0.5,0.3,NA,NA,0,0,0,0,0.0905902097902098,0.90940979020979
326,"high",0.6,0.3,0.3,NA,NA,0,0,0,0,0.0926137862137862,0.907386213786214
325,"high",0.6,0.2,0.3,NA,NA,0,0,0,0,0.0863108891108891,0.913689110889111
323,"high",0.5,0.9,0.3,NA,NA,0,0.434100699300699,0,0.539084915559248,0.0930733266733267,0.906926673326673
324,"high",0.5,1,0.3,NA,NA,0,0.519453746253746,0,0.590706410799953,0.0921806193806194,0.907819380619381
327,"high",0.6,0.4,0.3,NA,NA,0,0,0,0,0.0896603396603397,0.91033966033966
322,"high",0.5,0.8,0.3,NA,NA,0,0.00726153846153846,0,0.271869980699334,0.0931404595404595,0.90685954045954
334,"high",0.7,0.2,0.3,NA,NA,0,0,0,0,0.0863808191808192,0.913619180819181
329,"high",0.6,0.6,0.3,NA,NA,0,0,0,0,0.0940091908091908,0.905990809190809
337,"high",0.7,0.5,0.3,NA,NA,0,0,0,0,0.0910701298701299,0.90892987012987
332,"high",0.6,0.9,0.3,NA,NA,0,0.422006793206793,0,0.531607070135939,0.094027972027972,0.905972027972028
330,"high",0.6,0.7,0.3,NA,NA,0,0,0,0,0.0926005994005994,0.907399400599401
336,"high",0.7,0.4,0.3,NA,NA,0,0,0,0,0.092244955044955,0.907755044955045
331,"high",0.6,0.8,0.3,NA,NA,0,0,0,0,0.0931816183816184,0.906818381618382
338,"high",0.7,0.6,0.3,NA,NA,0,0,0,0,0.0910173826173826,0.908982617382617
333,"high",0.6,1,0.3,NA,NA,0,0.523109290709291,0,0.595489794587598,0.091349050949051,0.908650949050949
335,"high",0.7,0.3,0.3,NA,NA,0,0,0,0,0.0889170829170829,0.911082917082917
339,"high",0.7,0.7,0.3,NA,NA,0,0,0,0,0.0916635364635365,0.908336463536464
341,"high",0.7,0.9,0.3,NA,NA,0,0.432727272727273,0,0.535578782441903,0.0916135864135864,0.908386413586414
345,"high",0.8,0.4,0.3,NA,NA,0,0,0,0,0.0959292707292707,0.904070729270729
342,"high",0.7,1,0.3,NA,NA,0,0.515944055944056,0,0.589098031933228,0.0946361638361638,0.905363836163836
340,"high",0.7,0.8,0.3,NA,NA,0,0.00134465534465534,0,0.134780903412272,0.091434965034965,0.908565034965035
346,"high",0.8,0.5,0.3,NA,NA,0,0,0,0,0.0932067932067932,0.906793206793207
349,"high",0.8,0.8,0.3,NA,NA,0,0,0,0,0.0922225774225774,0.907777422577423
343,"high",0.8,0.2,0.3,NA,NA,0,0,0,0,0.0922769230769231,0.907723076923077
344,"high",0.8,0.3,0.3,NA,NA,0,0,0,0,0.0935436563436563,0.906456343656344
347,"high",0.8,0.6,0.3,NA,NA,0,0,0,0,0.0886317682317682,0.911368231768232
348,"high",0.8,0.7,0.3,NA,NA,0,0,0,0,0.093192007992008,0.906807992007992
352,"high",0.9,0.2,0.3,NA,NA,0,0,0,0,0.0913618381618382,0.908638161838162
350,"high",0.8,0.9,0.3,NA,NA,0,0.430199000999001,0,0.533929664733276,0.0929314685314685,0.907068531468532
354,"high",0.9,0.4,0.3,NA,NA,0,0,0,0,0.0895824175824176,0.910417582417582
351,"high",0.8,1,0.3,NA,NA,0,0.525637562437562,0,0.593029948197581,0.0923944055944056,0.907605594405594
355,"high",0.9,0.5,0.3,NA,NA,0,0,0,0,0.0944675324675325,0.905532467532468
357,"high",0.9,0.7,0.3,NA,NA,0,0,0,0,0.0929846153846154,0.907015384615385
359,"high",0.9,0.9,0.3,NA,NA,0,0.430672127872128,0,0.536164428526917,0.0884575424575425,0.911542457542458
356,"high",0.9,0.6,0.3,NA,NA,0,0,0,0,0.0898565434565435,0.910143456543457
353,"high",0.9,0.3,0.3,NA,NA,0,0,0,0,0.0903948051948052,0.909605194805195
360,"high",0.9,1,0.3,NA,NA,0,0.521257942057942,0,0.59281318573783,0.0921546453546453,0.907845354645355
358,"high",0.9,0.8,0.3,NA,NA,0,0.0452571428571429,0,0.392452937992822,0.0906813186813187,0.909318681318681
362,"high",0,0.3,0.4,NA,NA,0,0,0,0,0.088813986013986,0.911186013986014
364,"high",0,0.5,0.4,NA,NA,0,0,0,0,0.0890133866133866,0.910986613386613
361,"high",0,0.2,0.4,NA,NA,0,0,0,0,0.0923404595404595,0.90765954045954
363,"high",0,0.4,0.4,NA,NA,0,0,0,0,0.0893438561438561,0.910656143856144
367,"high",0,0.8,0.4,NA,NA,0,0,0,0,0.0868203796203796,0.91317962037962
365,"high",0,0.6,0.4,NA,NA,0,0,0,0,0.092374025974026,0.907625974025974
366,"high",0,0.7,0.4,NA,NA,0,0,0,0,0.0927168831168831,0.907283116883117
373,"high",0.1,0.5,0.4,NA,NA,0,0,0,0,0.0911116883116883,0.908888311688312
370,"high",0.1,0.2,0.4,NA,NA,0,0,0,0,0.088232967032967,0.911767032967033
375,"high",0.1,0.7,0.4,NA,NA,0,0,0,0,0.0920871128871129,0.907912887112887
371,"high",0.1,0.3,0.4,NA,NA,0,0,0,0,0.0930873126873127,0.906912687312687
368,"high",0,0.9,0.4,NA,NA,0,0,0,0,0.0883776223776224,0.911622377622378
372,"high",0.1,0.4,0.4,NA,NA,0,0,0,0,0.0925070929070929,0.907492907092907
369,"high",0,1,0.4,NA,NA,0,0,0,0,0.0948543456543457,0.905145654345654
378,"high",0.1,1,0.4,NA,NA,0,0,0,0,0.0902557442557443,0.909744255744256
374,"high",0.1,0.6,0.4,NA,NA,0,0,0,0,0.091000999000999,0.908999000999001
377,"high",0.1,0.9,0.4,NA,NA,0,0,0,0,0.0862177822177822,0.913782217782218
376,"high",0.1,0.8,0.4,NA,NA,0,0,0,0,0.0928847152847153,0.907115284715285
379,"high",0.2,0.2,0.4,NA,NA,0,0,0,0,0.0914841158841159,0.908515884115884
385,"high",0.2,0.8,0.4,NA,NA,0,0,0,0,0.089351048951049,0.910648951048951
384,"high",0.2,0.7,0.4,NA,NA,0,0,0,0,0.0949722277722278,0.905027772227772
382,"high",0.2,0.5,0.4,NA,NA,0,0,0,0,0.0912063936063936,0.908793606393606
383,"high",0.2,0.6,0.4,NA,NA,0,0,0,0,0.0888731268731269,0.911126873126873
380,"high",0.2,0.3,0.4,NA,NA,0,0,0,0,0.0915240759240759,0.908475924075924
388,"high",0.3,0.2,0.4,NA,NA,0,0,0,0,0.088354045954046,0.911645954045954
381,"high",0.2,0.4,0.4,NA,NA,0,0,0,0,0.0894057942057942,0.910594205794206
386,"high",0.2,0.9,0.4,NA,NA,0,0,0,0,0.0930977022977023,0.906902297702298
387,"high",0.2,1,0.4,NA,NA,0,0,0,0,0.0928435564435564,0.907156443556444
389,"high",0.3,0.3,0.4,NA,NA,0,0,0,0,0.0927484515484515,0.907251548451548
391,"high",0.3,0.5,0.4,NA,NA,0,0,0,0,0.0900943056943057,0.909905694305694
393,"high",0.3,0.7,0.4,NA,NA,0,0,0,0,0.0896131868131868,0.910386813186813
390,"high",0.3,0.4,0.4,NA,NA,0,0,0,0,0.0937290709290709,0.906270929070929
396,"high",0.3,1,0.4,NA,NA,0,0,0,0,0.090947052947053,0.909052947052947
395,"high",0.3,0.9,0.4,NA,NA,0,0,0,0,0.0903508491508491,0.909649150849151
398,"high",0.4,0.3,0.4,NA,NA,0,0,0,0,0.0921374625374625,0.907862537462537
394,"high",0.3,0.8,0.4,NA,NA,0,0,0,0,0.0893018981018981,0.910698101898102
397,"high",0.4,0.2,0.4,NA,NA,0,0,0,0,0.0925050949050949,0.907494905094905
392,"high",0.3,0.6,0.4,NA,NA,0,0,0,0,0.092185014985015,0.907814985014985
401,"high",0.4,0.6,0.4,NA,NA,0,0,0,0,0.0894457542457542,0.910554245754246
403,"high",0.4,0.8,0.4,NA,NA,0,0,0,0,0.0932043956043956,0.906795604395604
402,"high",0.4,0.7,0.4,NA,NA,0,0,0,0,0.092179020979021,0.907820979020979
399,"high",0.4,0.4,0.4,NA,NA,0,0,0,0,0.0901538461538462,0.909846153846154
400,"high",0.4,0.5,0.4,NA,NA,0,0,0,0,0.0901814185814186,0.909818581418581
408,"high",0.5,0.4,0.4,NA,NA,0,0,0,0,0.0881338661338661,0.911866133866134
405,"high",0.4,1,0.4,NA,NA,0,0,0,0,0.090366033966034,0.909633966033966
404,"high",0.4,0.9,0.4,NA,NA,0,0,0,0,0.0947304695304695,0.905269530469531
410,"high",0.5,0.6,0.4,NA,NA,0,0,0,0,0.0891480519480519,0.910851948051948
414,"high",0.5,1,0.4,NA,NA,0,0,0,0,0.0862725274725275,0.913727472527473
406,"high",0.5,0.2,0.4,NA,NA,0,0,0,0,0.0872115884115884,0.912788411588412
407,"high",0.5,0.3,0.4,NA,NA,0,0,0,0,0.0879612387612388,0.912038761238761
413,"high",0.5,0.9,0.4,NA,NA,0,0,0,0,0.0878453546453546,0.912154645354645
409,"high",0.5,0.5,0.4,NA,NA,0,0,0,0,0.0893666333666334,0.910633366633367
411,"high",0.5,0.7,0.4,NA,NA,0,0,0,0,0.0895752247752248,0.910424775224775
418,"high",0.6,0.5,0.4,NA,NA,0,0,0,0,0.0891148851148851,0.910885114885115
412,"high",0.5,0.8,0.4,NA,NA,0,0,0,0,0.0897778221778222,0.910222177822178
415,"high",0.6,0.2,0.4,NA,NA,0,0,0,0,0.0872355644355644,0.912764435564436
419,"high",0.6,0.6,0.4,NA,NA,0,0,0,0,0.0916031968031968,0.908396803196803
416,"high",0.6,0.3,0.4,NA,NA,0,0,0,0,0.0890753246753247,0.910924675324675
417,"high",0.6,0.4,0.4,NA,NA,0,0,0,0,0.0902945054945055,0.909705494505495
421,"high",0.6,0.8,0.4,NA,NA,0,0,0,0,0.0925246753246753,0.907475324675325
423,"high",0.6,1,0.4,NA,NA,0,0,0,0,0.0893838161838162,0.910616183816184
424,"high",0.7,0.2,0.4,NA,NA,0,0,0,0,0.0886297702297702,0.91137022977023
426,"high",0.7,0.4,0.4,NA,NA,0,0,0,0,0.092979020979021,0.907020979020979
420,"high",0.6,0.7,0.4,NA,NA,0,0,0,0,0.0885342657342657,0.911465734265734
427,"high",0.7,0.5,0.4,NA,NA,0,0,0,0,0.0916959040959041,0.908304095904096
422,"high",0.6,0.9,0.4,NA,NA,0,0,0,0,0.0910013986013986,0.908998601398601
425,"high",0.7,0.3,0.4,NA,NA,0,0,0,0,0.0923048951048951,0.907695104895105
431,"high",0.7,0.9,0.4,NA,NA,0,0,0,0,0.0922273726273726,0.907772627372627
429,"high",0.7,0.7,0.4,NA,NA,0,0,0,0,0.0893514485514486,0.910648551448552
434,"high",0.8,0.3,0.4,NA,NA,0,0,0,0,0.0903020979020979,0.909697902097902
430,"high",0.7,0.8,0.4,NA,NA,0,0,0,0,0.0906081918081918,0.909391808191808
428,"high",0.7,0.6,0.4,NA,NA,0,0,0,0,0.0906745254745255,0.909325474525475
433,"high",0.8,0.2,0.4,NA,NA,0,0,0,0,0.0923280719280719,0.907671928071928
437,"high",0.8,0.6,0.4,NA,NA,0,0,0,0,0.0937658341658342,0.906234165834166
435,"high",0.8,0.4,0.4,NA,NA,0,0,0,0,0.0875948051948052,0.912405194805195
432,"high",0.7,1,0.4,NA,NA,0,0,0,0,0.0966913086913087,0.903308691308691
438,"high",0.8,0.7,0.4,NA,NA,0,0,0,0,0.0883116883116883,0.911688311688312
441,"high",0.8,1,0.4,NA,NA,0,0,0,0,0.0940555444555445,0.905944455544456
439,"high",0.8,0.8,0.4,NA,NA,0,0,0,0,0.0907728271728272,0.909227172827173
436,"high",0.8,0.5,0.4,NA,NA,0,0,0,0,0.0863532467532468,0.913646753246753
440,"high",0.8,0.9,0.4,NA,NA,0,0,0,0,0.0937842157842158,0.906215784215784
442,"high",0.9,0.2,0.4,NA,NA,0,0,0,0,0.0893294705294705,0.91067052947053
444,"high",0.9,0.4,0.4,NA,NA,0,0,0,0,0.089611988011988,0.910388011988012
448,"high",0.9,0.8,0.4,NA,NA,0,0,0,0,0.0885646353646354,0.911435364635365
445,"high",0.9,0.5,0.4,NA,NA,0,0,0,0,0.0926901098901099,0.90730989010989
443,"high",0.9,0.3,0.4,NA,NA,0,0,0,0,0.0921038961038961,0.907896103896104
446,"high",0.9,0.6,0.4,NA,NA,0,0,0,0,0.0892575424575425,0.910742457542458
451,"high",0,0.2,0.5,NA,NA,0,0,0,0,0.0899080919080919,0.910091908091908
447,"high",0.9,0.7,0.4,NA,NA,0,0,0,0,0.0916835164835165,0.908316483516484
453,"high",0,0.4,0.5,NA,NA,0,0,0,0,0.0877422577422577,0.912257742257742
449,"high",0.9,0.9,0.4,NA,NA,0,0,0,0,0.0869382617382617,0.913061738261738
450,"high",0.9,1,0.4,NA,NA,0,0,0,0,0.0876227772227772,0.912377222777223
457,"high",0,0.8,0.5,NA,NA,0,0,0,0,0.0898333666333666,0.910166633366633
454,"high",0,0.5,0.5,NA,NA,0,0,0,0,0.0909822177822178,0.909017782217782
456,"high",0,0.7,0.5,NA,NA,0,0,0,0,0.0859996003996004,0.9140003996004
455,"high",0,0.6,0.5,NA,NA,0,0,0,0,0.0921030969030969,0.907896903096903
452,"high",0,0.3,0.5,NA,NA,0,0,0,0,0.0894041958041958,0.910595804195804
458,"high",0,0.9,0.5,NA,NA,0,0,0,0,0.089373026973027,0.910626973026973
462,"high",0.1,0.4,0.5,NA,NA,0,0,0,0,0.0895376623376623,0.910462337662338
464,"high",0.1,0.6,0.5,NA,NA,0,0,0,0,0.0916735264735265,0.908326473526474
466,"high",0.1,0.8,0.5,NA,NA,0,0,0,0,0.0879796203796204,0.91202037962038
467,"high",0.1,0.9,0.5,NA,NA,0,0,0,0,0.094374025974026,0.905625974025974
459,"high",0,1,0.5,NA,NA,0,0,0,0,0.090242957042957,0.909757042957043
468,"high",0.1,1,0.5,NA,NA,0,0,0,0,0.0913210789210789,0.908678921078921
469,"high",0.2,0.2,0.5,NA,NA,0,0,0,0,0.0896907092907093,0.910309290709291
461,"high",0.1,0.3,0.5,NA,NA,0,0,0,0,0.0918977022977023,0.908102297702298
470,"high",0.2,0.3,0.5,NA,NA,0,0,0,0,0.0916231768231768,0.908376823176823
460,"high",0.1,0.2,0.5,NA,NA,0,0,0,0,0.0880935064935065,0.911906493506494
471,"high",0.2,0.4,0.5,NA,NA,0,0,0,0,0.0927436563436563,0.907256343656344
463,"high",0.1,0.5,0.5,NA,NA,0,0,0,0,0.0893982017982018,0.910601798201798
465,"high",0.1,0.7,0.5,NA,NA,0,0,0,0,0.0907304695304695,0.909269530469531
473,"high",0.2,0.6,0.5,NA,NA,0,0,0,0,0.0853470529470529,0.914652947052947
472,"high",0.2,0.5,0.5,NA,NA,0,0,0,0,0.0902193806193806,0.909780619380619
476,"high",0.2,0.9,0.5,NA,NA,0,0,0,0,0.0864047952047952,0.913595204795205
475,"high",0.2,0.8,0.5,NA,NA,0,0,0,0,0.0914157842157842,0.908584215784216
478,"high",0.3,0.2,0.5,NA,NA,0,0,0,0,0.093012987012987,0.906987012987013
474,"high",0.2,0.7,0.5,NA,NA,0,0,0,0,0.0910165834165834,0.908983416583417
477,"high",0.2,1,0.5,NA,NA,0,0,0,0,0.0960771228771229,0.903922877122877
479,"high",0.3,0.3,0.5,NA,NA,0,0,0,0,0.0904327672327672,0.909567232767233
484,"high",0.3,0.8,0.5,NA,NA,0,0,0,0,0.0948483516483516,0.905151648351648
482,"high",0.3,0.6,0.5,NA,NA,0,0,0,0,0.0913086913086913,0.908691308691309
485,"high",0.3,0.9,0.5,NA,NA,0,0,0,0,0.0946829170829171,0.905317082917083
480,"high",0.3,0.4,0.5,NA,NA,0,0,0,0,0.0929082917082917,0.907091708291708
486,"high",0.3,1,0.5,NA,NA,0,0,0,0,0.0897322677322677,0.910267732267732
483,"high",0.3,0.7,0.5,NA,NA,0,0,0,0,0.0928651348651349,0.907134865134865
487,"high",0.4,0.2,0.5,NA,NA,0,0,0,0,0.0951332667332667,0.904866733266733
489,"high",0.4,0.4,0.5,NA,NA,0,0,0,0,0.0919648351648352,0.908035164835165
481,"high",0.3,0.5,0.5,NA,NA,0,0,0,0,0.088242957042957,0.911757042957043
492,"high",0.4,0.7,0.5,NA,NA,0,0,0,0,0.0893766233766234,0.910623376623377
490,"high",0.4,0.5,0.5,NA,NA,0,0,0,0,0.0903072927072927,0.909692707292707
491,"high",0.4,0.6,0.5,NA,NA,0,0,0,0,0.0903176823176823,0.909682317682318
488,"high",0.4,0.3,0.5,NA,NA,0,0,0,0,0.0888579420579421,0.911142057942058
495,"high",0.4,1,0.5,NA,NA,0,0,0,0,0.0892831168831169,0.910716883116883
497,"high",0.5,0.3,0.5,NA,NA,0,0,0,0,0.0938197802197802,0.90618021978022
493,"high",0.4,0.8,0.5,NA,NA,0,0,0,0,0.0933582417582418,0.906641758241758
494,"high",0.4,0.9,0.5,NA,NA,0,0,0,0,0.0927420579420579,0.907257942057942
499,"high",0.5,0.5,0.5,NA,NA,0,0,0,0,0.089771028971029,0.910228971028971
496,"high",0.5,0.2,0.5,NA,NA,0,0,0,0,0.0912043956043956,0.908795604395604
498,"high",0.5,0.4,0.5,NA,NA,0,0,0,0,0.0897450549450549,0.910254945054945
500,"high",0.5,0.6,0.5,NA,NA,0,0,0,0,0.0881074925074925,0.911892507492507
503,"high",0.5,0.9,0.5,NA,NA,0,0,0,0,0.0869738261738262,0.913026173826174
505,"high",0.6,0.2,0.5,NA,NA,0,0,0,0,0.0905886113886114,0.909411388611389
506,"high",0.6,0.3,0.5,NA,NA,0,0,0,0,0.0920555444555445,0.907944455544456
507,"high",0.6,0.4,0.5,NA,NA,0,0,0,0,0.0911356643356643,0.908864335664336
508,"high",0.6,0.5,0.5,NA,NA,0,0,0,0,0.0879520479520479,0.912047952047952
512,"high",0.6,0.9,0.5,NA,NA,0,0,0,0,0.0879224775224775,0.912077522477522
502,"high",0.5,0.8,0.5,NA,NA,0,0,0,0,0.0919576423576424,0.908042357642358
501,"high",0.5,0.7,0.5,NA,NA,0,0,0,0,0.0904619380619381,0.909538061938062
504,"high",0.5,1,0.5,NA,NA,0,0,0,0,0.0905902097902098,0.90940979020979
509,"high",0.6,0.6,0.5,NA,NA,0,0,0,0,0.0896375624375624,0.910362437562438
511,"high",0.6,0.8,0.5,NA,NA,0,0,0,0,0.0921258741258741,0.907874125874126
516,"high",0.7,0.4,0.5,NA,NA,0,0,0,0,0.089361038961039,0.910638961038961
513,"high",0.6,1,0.5,NA,NA,0,0,0,0,0.0935612387612388,0.906438761238761
517,"high",0.7,0.5,0.5,NA,NA,0,0,0,0,0.0906073926073926,0.909392607392607
510,"high",0.6,0.7,0.5,NA,NA,0,0,0,0,0.0910809190809191,0.908919080919081
518,"high",0.7,0.6,0.5,NA,NA,0,0,0,0,0.0912511488511488,0.908748851148851
514,"high",0.7,0.2,0.5,NA,NA,0,0,0,0,0.0903040959040959,0.909695904095904
515,"high",0.7,0.3,0.5,NA,NA,0,0,0,0,0.0912919080919081,0.908708091908092
519,"high",0.7,0.7,0.5,NA,NA,0,0,0,0,0.090161038961039,0.909838961038961
520,"high",0.7,0.8,0.5,NA,NA,0,0,0,0,0.0885778221778222,0.911422177822178
524,"high",0.8,0.3,0.5,NA,NA,0,0,0,0,0.0881522477522478,0.911847752247752
525,"high",0.8,0.4,0.5,NA,NA,0,0,0,0,0.097040959040959,0.902959040959041
523,"high",0.8,0.2,0.5,NA,NA,0,0,0,0,0.0898617382617383,0.910138261738262
522,"high",0.7,1,0.5,NA,NA,0,0,0,0,0.0880775224775225,0.911922477522478
521,"high",0.7,0.9,0.5,NA,NA,0,0,0,0,0.0962505494505494,0.903749450549451
529,"high",0.8,0.8,0.5,NA,NA,0,0,0,0,0.0922709290709291,0.907729070929071
527,"high",0.8,0.6,0.5,NA,NA,0,0,0,0,0.091194005994006,0.908805994005994
535,"high",0.9,0.5,0.5,NA,NA,0,0,0,0,0.0939420579420579,0.906057942057942
526,"high",0.8,0.5,0.5,NA,NA,0,0,0,0,0.0901118881118881,0.909888111888112
528,"high",0.8,0.7,0.5,NA,NA,0,0,0,0,0.0887380619380619,0.911261938061938
534,"high",0.9,0.4,0.5,NA,NA,0,0,0,0,0.090368031968032,0.909631968031968
533,"high",0.9,0.3,0.5,NA,NA,0,0,0,0,0.0937314685314685,0.906268531468531
538,"high",0.9,0.8,0.5,NA,NA,0,0,0,0,0.0911428571428571,0.908857142857143
537,"high",0.9,0.7,0.5,NA,NA,0,0,0,0,0.0915304695304695,0.90846953046953
532,"high",0.9,0.2,0.5,NA,NA,0,0,0,0,0.0862505494505495,0.913749450549451
530,"high",0.8,0.9,0.5,NA,NA,0,0,0,0,0.0916955044955045,0.908304495504496
536,"high",0.9,0.6,0.5,NA,NA,0,0,0,0,0.0907696303696304,0.90923036963037
531,"high",0.8,1,0.5,NA,NA,0,0,0,0,0.0894057942057942,0.910594205794206
539,"high",0.9,0.9,0.5,NA,NA,0,0,0,0,0.0894373626373626,0.910562637362637
540,"high",0.9,1,0.5,NA,NA,0,0,0,0,0.092421978021978,0.907578021978022
