"ID","starting","globalgrazing","stock","g","b","m0","mortality","mortality_border","rho_plus","q_plus","rho_zero","rho_minus"
16,"low",TRUE,TRUE,0.033,0.5,0.05,NA,NA,0,0,0.0895369261477046,0.910463073852295
3,"low",TRUE,TRUE,0.033,0.24,0.05,NA,NA,0,0,0.0898217564870259,0.910178243512974
8,"low",TRUE,TRUE,0.033,0.34,0.05,NA,NA,0,0,0.0924622754491018,0.907537724550898
20,"low",TRUE,TRUE,0.033,0.58,0.05,NA,NA,0,0,0.0909395209580838,0.909060479041916
12,"low",TRUE,TRUE,0.033,0.42,0.05,NA,NA,0,0,0.0896978043912176,0.910302195608782
4,"low",TRUE,TRUE,0.033,0.26,0.05,NA,NA,0,0,0.0907321357285429,0.909267864271457
18,"low",TRUE,TRUE,0.033,0.54,0.05,NA,NA,0,0,0.0901365269461078,0.909863473053892
2,"low",TRUE,TRUE,0.033,0.22,0.05,NA,NA,0,0,0.0897556886227545,0.910244311377245
6,"low",TRUE,TRUE,0.033,0.3,0.05,NA,NA,0,0,0.0916027944111776,0.908397205588822
22,"low",TRUE,TRUE,0.033,0.62,0.05,NA,NA,0,0,0.0899403193612774,0.910059680638723
23,"low",TRUE,TRUE,0.033,0.64,0.05,NA,NA,0,0,0.0887874251497006,0.911212574850299
11,"low",TRUE,TRUE,0.033,0.4,0.05,NA,NA,0,0,0.0915706586826347,0.908429341317365
14,"low",TRUE,TRUE,0.033,0.46,0.05,NA,NA,0,0,0.089473253493014,0.910526746506986
19,"low",TRUE,TRUE,0.033,0.56,0.05,NA,NA,0,0,0.0917225548902196,0.90827744510978
10,"low",TRUE,TRUE,0.033,0.38,0.05,NA,NA,0,0,0.0911780439121757,0.908821956087824
17,"low",TRUE,TRUE,0.033,0.52,0.05,NA,NA,0,0,0.0892305389221557,0.910769461077844
21,"low",TRUE,TRUE,0.033,0.6,0.05,NA,NA,0,0,0.0919073852295409,0.908092614770459
13,"low",TRUE,TRUE,0.033,0.44,0.05,NA,NA,0,0,0.0905197604790419,0.909480239520958
5,"low",TRUE,TRUE,0.033,0.28,0.05,NA,NA,0,0,0.0913345309381238,0.908665469061876
15,"low",TRUE,TRUE,0.033,0.48,0.05,NA,NA,0,0,0.0905832335329341,0.909416766467066
9,"low",TRUE,TRUE,0.033,0.36,0.05,NA,NA,0,0,0.0906560878243513,0.909343912175649
1,"low",TRUE,TRUE,0.033,0.2,0.05,NA,NA,0,0,0.0931568862275449,0.906843113772455
7,"low",TRUE,TRUE,0.033,0.32,0.05,NA,NA,0,0,0.0916437125748503,0.90835628742515
24,"low",TRUE,TRUE,0.033,0.66,0.05,NA,NA,0,0,0.091011377245509,0.908988622754491
30,"low",TRUE,TRUE,0.033,0.78,0.05,NA,NA,0,0,0.0910101796407186,0.908989820359281
25,"low",TRUE,TRUE,0.033,0.68,0.05,NA,NA,0,0,0.0910726546906188,0.908927345309381
26,"low",TRUE,TRUE,0.033,0.7,0.05,NA,NA,0,0,0.0914830339321357,0.908516966067864
28,"low",TRUE,TRUE,0.033,0.74,0.05,NA,NA,0,0,0.0927998003992016,0.907200199600798
29,"low",TRUE,TRUE,0.033,0.76,0.05,NA,NA,0,0,0.0919447105788423,0.908055289421158
27,"low",TRUE,TRUE,0.033,0.72,0.05,NA,NA,0,0,0.0901614770459082,0.909838522954092
33,"low",TRUE,TRUE,0.033,0.84,0.05,NA,NA,0,0,0.092559880239521,0.907440119760479
32,"low",TRUE,TRUE,0.033,0.82,0.05,NA,NA,0,0,0.0911313373253493,0.908868662674651
35,"low",TRUE,TRUE,0.033,0.88,0.05,NA,NA,0,0,0.093889620758483,0.906110379241517
31,"low",TRUE,TRUE,0.033,0.8,0.05,NA,NA,0,0,0.0915528942115768,0.908447105788423
36,"low",TRUE,TRUE,0.033,0.9,0.05,NA,NA,0,0,0.0894860279441118,0.910513972055888
37,"low",TRUE,TRUE,0.033,0.92,0.05,NA,NA,0,0,0.0900724550898204,0.90992754491018
34,"low",TRUE,TRUE,0.033,0.86,0.05,NA,NA,0,0,0.0892219560878244,0.910778043912176
38,"low",TRUE,TRUE,0.033,0.94,0.05,NA,NA,0,0,0.092262874251497,0.907737125748503
39,"low",TRUE,TRUE,0.033,0.96,0.05,NA,NA,0,0,0.0917926147704591,0.908207385229541
40,"low",TRUE,TRUE,0.033,0.98,0.05,NA,NA,0,0,0.0900650698602794,0.909934930139721
41,"low",TRUE,TRUE,0.033,1,0.05,NA,NA,0,0,0.0924534930139721,0.907546506986028
43,"low",TRUE,TRUE,0.099,0.22,0.05,NA,NA,0,0,0.0933592814371258,0.906640718562874
42,"low",TRUE,TRUE,0.099,0.2,0.05,NA,NA,0,0,0.0931263473053892,0.906873652694611
45,"low",TRUE,TRUE,0.099,0.26,0.05,NA,NA,0,0,0.0892616766467066,0.910738323353293
46,"low",TRUE,TRUE,0.099,0.28,0.05,NA,NA,0,0,0.0891952095808383,0.910804790419162
44,"low",TRUE,TRUE,0.099,0.24,0.05,NA,NA,0,0,0.0894826347305389,0.910517365269461
48,"low",TRUE,TRUE,0.099,0.32,0.05,NA,NA,0,0,0.0923748502994012,0.907625149700599
47,"low",TRUE,TRUE,0.099,0.3,0.05,NA,NA,0,0,0.0911678642714571,0.908832135728543
70,"low",TRUE,TRUE,0.099,0.76,0.05,NA,NA,0,0,0.0912562874251497,0.90874371257485
49,"low",TRUE,TRUE,0.099,0.34,0.05,NA,NA,0,0,0.0907728542914172,0.909227145708583
50,"low",TRUE,TRUE,0.099,0.36,0.05,NA,NA,0,0,0.0915916167664671,0.908408383233533
51,"low",TRUE,TRUE,0.099,0.38,0.05,NA,NA,0,0,0.0908175648702595,0.909182435129741
52,"low",TRUE,TRUE,0.099,0.4,0.05,NA,NA,0,0,0.091701996007984,0.908298003992016
53,"low",TRUE,TRUE,0.099,0.42,0.05,NA,NA,0,0,0.0926720558882236,0.907327944111776
54,"low",TRUE,TRUE,0.099,0.44,0.05,NA,NA,0,0,0.0892534930139721,0.910746506986028
55,"low",TRUE,TRUE,0.099,0.46,0.05,NA,NA,0,0,0.0900820359281437,0.909917964071856
56,"low",TRUE,TRUE,0.099,0.48,0.05,NA,NA,0,0,0.0903101796407186,0.909689820359281
58,"low",TRUE,TRUE,0.099,0.52,0.05,NA,NA,0,0,0.090413373253493,0.909586626746507
59,"low",TRUE,TRUE,0.099,0.54,0.05,NA,NA,0,0,0.0919702594810379,0.908029740518962
57,"low",TRUE,TRUE,0.099,0.5,0.05,NA,NA,0,0,0.0907666666666667,0.909233333333333
60,"low",TRUE,TRUE,0.099,0.56,0.05,NA,NA,0,0,0.0923449101796407,0.907655089820359
61,"low",TRUE,TRUE,0.099,0.58,0.05,NA,NA,0,0,0.0906688622754491,0.909331137724551
63,"low",TRUE,TRUE,0.099,0.62,0.05,NA,NA,0,0,0.0913303393213573,0.908669660678643
62,"low",TRUE,TRUE,0.099,0.6,0.05,NA,NA,0,0,0.0917794411177645,0.908220558882236
64,"low",TRUE,TRUE,0.099,0.64,0.05,NA,NA,0,0,0.092211377245509,0.907788622754491
65,"low",TRUE,TRUE,0.099,0.66,0.05,NA,NA,0,0,0.0909271457085828,0.909072854291417
66,"low",TRUE,TRUE,0.099,0.68,0.05,NA,NA,0,0,0.0925469061876247,0.907453093812375
67,"low",TRUE,TRUE,0.099,0.7,0.05,NA,NA,0,0,0.0921279441117765,0.907872055888224
68,"low",TRUE,TRUE,0.099,0.72,0.05,NA,NA,0,0,0.089972255489022,0.910027744510978
69,"low",TRUE,TRUE,0.099,0.74,0.05,NA,NA,0,0,0.0916357285429142,0.908364271457086
71,"low",TRUE,TRUE,0.099,0.78,0.05,NA,NA,0,0,0.0918005988023952,0.908199401197605
72,"low",TRUE,TRUE,0.099,0.8,0.05,NA,NA,0,0,0.0921622754491018,0.907837724550898
73,"low",TRUE,TRUE,0.099,0.82,0.05,NA,NA,0,0,0.0904572854291417,0.909542714570858
74,"low",TRUE,TRUE,0.099,0.84,0.05,NA,NA,0,0,0.0889780439121756,0.911021956087824
77,"low",TRUE,TRUE,0.099,0.9,0.05,NA,NA,0,0,0.0904956087824351,0.909504391217565
75,"low",TRUE,TRUE,0.099,0.86,0.05,NA,NA,0,0,0.0915137724550898,0.90848622754491
78,"low",TRUE,TRUE,0.099,0.92,0.05,NA,NA,0,0,0.0931263473053892,0.906873652694611
79,"low",TRUE,TRUE,0.099,0.94,0.05,NA,NA,0,0,0.0914285429141717,0.908571457085828
80,"low",TRUE,TRUE,0.099,0.96,0.05,NA,NA,0,0,0.0902241516966068,0.909775848303393
76,"low",TRUE,TRUE,0.099,0.88,0.05,NA,NA,0,0,0.0919435129740519,0.908056487025948
81,"low",TRUE,TRUE,0.099,0.98,0.05,NA,NA,0,0,0.0920992015968064,0.907900798403194
82,"low",TRUE,TRUE,0.099,1,0.05,NA,NA,0,0,0.091889620758483,0.908110379241517
83,"low",TRUE,TRUE,0.165,0.2,0.05,NA,NA,0,0,0.0907491017964072,0.909250898203593
85,"low",TRUE,TRUE,0.165,0.24,0.05,NA,NA,0,0,0.0895443113772455,0.910455688622754
84,"low",TRUE,TRUE,0.165,0.22,0.05,NA,NA,0,0,0.0924325349301397,0.90756746506986
86,"low",TRUE,TRUE,0.165,0.26,0.05,NA,NA,0,0,0.0915141716566866,0.908485828343313
87,"low",TRUE,TRUE,0.165,0.28,0.05,NA,NA,0,0,0.0919317365269461,0.908068263473054
88,"low",TRUE,TRUE,0.165,0.3,0.05,NA,NA,0,0,0.091775249500998,0.908224750499002
89,"low",TRUE,TRUE,0.165,0.32,0.05,NA,NA,0,0,0.0901481037924152,0.909851896207585
90,"low",TRUE,TRUE,0.165,0.34,0.05,NA,NA,0,0,0.0901125748502994,0.909887425149701
91,"low",TRUE,TRUE,0.165,0.36,0.05,NA,NA,0,0,0.0908756487025948,0.909124351297405
92,"low",TRUE,TRUE,0.165,0.38,0.05,NA,NA,0,0,0.092640119760479,0.907359880239521
93,"low",TRUE,TRUE,0.165,0.4,0.05,NA,NA,0,0,0.0894724550898204,0.91052754491018
95,"low",TRUE,TRUE,0.165,0.44,0.05,NA,NA,0,0,0.0898960079840319,0.910103992015968
94,"low",TRUE,TRUE,0.165,0.42,0.05,NA,NA,0,0,0.0902558882235529,0.909744111776447
117,"low",TRUE,TRUE,0.165,0.88,0.05,NA,NA,0,0,0.0910626746506986,0.908937325349301
96,"low",TRUE,TRUE,0.165,0.46,0.05,NA,NA,0,0,0.09122375249501,0.90877624750499
98,"low",TRUE,TRUE,0.165,0.5,0.05,NA,NA,0,0,0.088913373253493,0.911086626746507
97,"low",TRUE,TRUE,0.165,0.48,0.05,NA,NA,0,0,0.0920225548902196,0.90797744510978
101,"low",TRUE,TRUE,0.165,0.56,0.05,NA,NA,0,0,0.0885506986027944,0.911449301397206
100,"low",TRUE,TRUE,0.165,0.54,0.05,NA,NA,0,0,0.0915724550898204,0.90842754491018
99,"low",TRUE,TRUE,0.165,0.52,0.05,NA,NA,0,0,0.0905357285429142,0.909464271457086
102,"low",TRUE,TRUE,0.165,0.58,0.05,NA,NA,0,0,0.0905039920159681,0.909496007984032
103,"low",TRUE,TRUE,0.165,0.6,0.05,NA,NA,0,0,0.0907161676646707,0.909283832335329
104,"low",TRUE,TRUE,0.165,0.62,0.05,NA,NA,0,0,0.0902998003992016,0.909700199600798
105,"low",TRUE,TRUE,0.165,0.64,0.05,NA,NA,0,0,0.092759880239521,0.907240119760479
106,"low",TRUE,TRUE,0.165,0.66,0.05,NA,NA,0,0,0.088775249500998,0.911224750499002
107,"low",TRUE,TRUE,0.165,0.68,0.05,NA,NA,0,0,0.0932275449101796,0.90677245508982
108,"low",TRUE,TRUE,0.165,0.7,0.05,NA,NA,0,0,0.0897269461077844,0.910273053892216
109,"low",TRUE,TRUE,0.165,0.72,0.05,NA,NA,0,0,0.0906159680638723,0.909384031936128
110,"low",TRUE,TRUE,0.165,0.74,0.05,NA,NA,0,0,0.0909500998003992,0.909049900199601
112,"low",TRUE,TRUE,0.165,0.78,0.05,NA,NA,0,0,0.0910027944111776,0.908997205588822
111,"low",TRUE,TRUE,0.165,0.76,0.05,NA,NA,0,0,0.090873253493014,0.909126746506986
114,"low",TRUE,TRUE,0.165,0.82,0.05,NA,NA,0,0,0.0906950099800399,0.90930499001996
113,"low",TRUE,TRUE,0.165,0.8,0.05,NA,NA,0,0,0.0907882235528942,0.909211776447106
116,"low",TRUE,TRUE,0.165,0.86,0.05,NA,NA,0,0,0.0901554890219561,0.909844510978044
115,"low",TRUE,TRUE,0.165,0.84,0.05,NA,NA,0,0,0.0923916167664671,0.907608383233533
118,"low",TRUE,TRUE,0.165,0.9,0.05,NA,NA,0,0,0.0914141716566866,0.908585828343313
119,"low",TRUE,TRUE,0.165,0.92,0.05,NA,NA,0,0,0.0909081836327345,0.909091816367265
120,"low",TRUE,TRUE,0.165,0.94,0.05,NA,NA,0,0,0.0902147704590818,0.909785229540918
121,"low",TRUE,TRUE,0.165,0.96,0.05,NA,NA,0,0,0.0908950099800399,0.90910499001996
122,"low",TRUE,TRUE,0.165,0.98,0.05,NA,NA,0,0,0.0898433133732535,0.910156686626747
123,"low",TRUE,TRUE,0.165,1,0.05,NA,NA,0,0,0.0909229540918164,0.909077045908184
124,"high",TRUE,TRUE,0.033,0.2,0.05,NA,NA,0,0,0.0915930139720559,0.908406986027944
125,"high",TRUE,TRUE,0.033,0.22,0.05,NA,NA,0,0,0.0907125748502994,0.909287425149701
126,"high",TRUE,TRUE,0.033,0.24,0.05,NA,NA,0,0,0.0901540918163673,0.909845908183633
128,"high",TRUE,TRUE,0.033,0.28,0.05,NA,NA,0,0,0.0910319361277445,0.908968063872255
127,"high",TRUE,TRUE,0.033,0.26,0.05,NA,NA,0,0,0.0920319361277445,0.907968063872255
129,"high",TRUE,TRUE,0.033,0.3,0.05,NA,NA,0,0,0.091150499001996,0.908849500998004
131,"high",TRUE,TRUE,0.033,0.34,0.05,NA,NA,0,0,0.0911614770459082,0.908838522954092
130,"high",TRUE,TRUE,0.033,0.32,0.05,NA,NA,0,0,0.0884119760479042,0.911588023952096
132,"high",TRUE,TRUE,0.033,0.36,0.05,NA,NA,0,0,0.0907175648702595,0.90928243512974
135,"high",TRUE,TRUE,0.033,0.42,0.05,NA,NA,0,0,0.0915556886227545,0.908444311377245
133,"high",TRUE,TRUE,0.033,0.38,0.05,NA,NA,0,0,0.0899848303393214,0.910015169660679
134,"high",TRUE,TRUE,0.033,0.4,0.05,NA,NA,0,0,0.0920429141716567,0.907957085828343
142,"high",TRUE,TRUE,0.033,0.56,0.05,0.0965074559048109,0.0965303823471154,0.708783433133732,0.734109255497586,0.244623952095808,0.0465926147704591
155,"high",TRUE,TRUE,0.033,0.82,0.05,0.0894780438354187,0.0894752470432721,0.835525349301397,0.843627272335643,0.143492614770459,0.0209820359281437
154,"high",TRUE,TRUE,0.033,0.8,0.05,0.0897034569390024,0.0896924182909567,0.831437325349301,0.839789870005558,0.146978642714571,0.0215840319361277
156,"high",TRUE,TRUE,0.033,0.84,0.05,0.0891613192511472,0.0892106768099879,0.84309880239521,0.850437815171633,0.137280439121756,0.0196207584830339
152,"high",TRUE,TRUE,0.033,0.76,0.05,0.0903576684321776,0.0903181609905738,0.8180624750499,0.827879308720546,0.158521357285429,0.0234161676646707
151,"high",TRUE,TRUE,0.033,0.74,0.05,0.0906604295369887,0.0906828534130707,0.811470658682635,0.82259303235299,0.163340718562874,0.025188622754491
157,"high",TRUE,TRUE,0.033,0.86,0.05,0.0889375306119267,0.088943350377494,0.847545708582834,0.854652752962355,0.133492215568862,0.0189620758483034
158,"high",TRUE,TRUE,0.033,0.88,0.05,0.0886488392138704,0.0886591196924196,0.853556886227545,0.859557730133404,0.128545908183633,0.0178972055888224
149,"high",TRUE,TRUE,0.033,0.7,0.05,0.0914589837539444,0.0914200947145002,0.795685429141717,0.808373701830438,0.176606586826347,0.0277079840319361
153,"high",TRUE,TRUE,0.033,0.78,0.05,0.0899637008267243,0.0899136000372657,0.825520159680639,0.834589433626568,0.152159880239521,0.0223199600798403
150,"high",TRUE,TRUE,0.033,0.72,0.05,0.0911595750420573,0.0912004125499207,0.802560479041916,0.814527203585619,0.171222355289421,0.0262171656686627
147,"high",TRUE,TRUE,0.033,0.66,0.05,0.0926728300121892,0.0926866362824439,0.773514371257485,0.788756862123384,0.194658483033932,0.0318271457085828
146,"high",TRUE,TRUE,0.033,0.64,0.05,0.0932868865811391,0.0932606996492868,0.762577245508982,0.779758171244627,0.203302794411178,0.0341199600798403
148,"high",TRUE,TRUE,0.033,0.68,0.05,0.0919900376539417,0.0919939132859334,0.785540319361277,0.799466086550969,0.184698003992016,0.0297616766467066
145,"high",TRUE,TRUE,0.033,0.62,0.05,0.093833125217107,0.0938621734944517,0.752872055888224,0.771916032854386,0.210785429141717,0.0363425149700599
144,"high",TRUE,TRUE,0.033,0.6,0.05,0.0948066400981514,0.0948042979170039,0.73620119760479,0.757769276496048,0.22397744510978,0.0398213572854291
143,"high",TRUE,TRUE,0.033,0.58,0.05,0.0957506962944236,0.095704407534835,0.720935528942116,0.745052353541621,0.235402594810379,0.043661876247505
141,"high",TRUE,TRUE,0.033,0.54,0.05,0.098197060809797,0.0981930416198761,0.685276846307385,0.715765819830034,0.262139720558882,0.0525834331337325
159,"high",TRUE,TRUE,0.033,0.9,0.05,0.0885116155749026,0.0884732982087411,0.856841117764471,0.862831355653672,0.125766866267465,0.0173920159680639
169,"high",TRUE,TRUE,0.099,0.28,0.05,NA,NA,0,0,0.0910558882235529,0.908944111776447
174,"high",TRUE,TRUE,0.099,0.38,0.05,NA,NA,0,0,0.0885880239520958,0.911411976047904
167,"high",TRUE,TRUE,0.099,0.24,0.05,NA,NA,0,0,0.0903477045908184,0.909652295409182
166,"high",TRUE,TRUE,0.099,0.22,0.05,NA,NA,0,0,0.0915884231536926,0.908411576846307
165,"high",TRUE,TRUE,0.099,0.2,0.05,NA,NA,0,0,0.090250499001996,0.909749500998004
168,"high",TRUE,TRUE,0.099,0.26,0.05,NA,NA,0,0,0.0910347305389222,0.908965269461078
170,"high",TRUE,TRUE,0.099,0.3,0.05,NA,NA,0,0,0.0898259481037924,0.910174051896208
171,"high",TRUE,TRUE,0.099,0.32,0.05,NA,NA,0,0,0.0905564870259481,0.909443512974052
172,"high",TRUE,TRUE,0.099,0.34,0.05,NA,NA,0,0,0.0905548902195609,0.909445109780439
173,"high",TRUE,TRUE,0.099,0.36,0.05,NA,NA,0,0,0.0895049900199601,0.91049500998004
175,"high",TRUE,TRUE,0.099,0.4,0.05,NA,NA,0,0,0.0904001996007984,0.909599800399202
179,"high",TRUE,TRUE,0.099,0.48,0.05,NA,NA,0,0,0.0897528942115769,0.910247105788423
176,"high",TRUE,TRUE,0.099,0.42,0.05,NA,NA,0,0,0.0929405189620758,0.907059481037924
177,"high",TRUE,TRUE,0.099,0.44,0.05,NA,NA,0,0,0.0926487025948104,0.90735129740519
140,"high",TRUE,TRUE,0.033,0.52,0.05,0.0994910031106229,0.0994908784424475,0.666494411177645,0.700499173123847,0.275482435129741,0.0580231536926148
178,"high",TRUE,TRUE,0.099,0.46,0.05,NA,NA,0,0,0.0913329341317365,0.908667065868264
162,"high",TRUE,TRUE,0.033,0.96,0.05,0.0880614251370434,0.0880404451512909,0.866889820359281,0.872044898800834,0.116697604790419,0.0164125748502994
160,"high",TRUE,TRUE,0.033,0.92,0.05,0.0883480374619088,0.0883490055688411,0.860323153692615,0.866158643842774,0.122762275449102,0.0169145708582834
163,"high",TRUE,TRUE,0.033,0.98,0.05,0.0878448630381456,0.0878373196774551,0.872117964071856,0.876632117879623,0.112904391217565,0.0149776447105788
181,"high",TRUE,TRUE,0.099,0.52,0.05,NA,NA,0,0,0.0927714570858283,0.907228542914172
164,"high",TRUE,TRUE,0.033,1,0.05,0.0876206210051462,0.087650764951473,0.8771624750499,0.88133465057897,0.108518562874252,0.0143189620758483
182,"high",TRUE,TRUE,0.099,0.54,0.05,NA,NA,0,0,0.0921469061876247,0.907853093812375
139,"high",TRUE,TRUE,0.033,0.5,0.05,0.102089644174862,0.101976985672115,0.633861477045908,0.677494798022926,0.297046107784431,0.0690924151696607
180,"high",TRUE,TRUE,0.099,0.5,0.05,NA,NA,0,0,0.0887678642714571,0.911232135728543
161,"high",TRUE,TRUE,0.033,0.94,0.05,0.0881082452072631,0.0880799934880995,0.865933133732535,0.871164402430703,0.118103992015968,0.015962874251497
184,"high",TRUE,TRUE,0.099,0.58,0.05,NA,NA,0,0,0.0902756487025948,0.909724351297405
183,"high",TRUE,TRUE,0.099,0.56,0.05,NA,NA,0,0,0.0892718562874251,0.910728143712575
186,"high",TRUE,TRUE,0.099,0.62,0.05,NA,NA,0,0,0.0900217564870259,0.909978243512974
185,"high",TRUE,TRUE,0.099,0.6,0.05,NA,NA,0,0,0.0892960079840319,0.910703992015968
189,"high",TRUE,TRUE,0.099,0.68,0.05,NA,NA,0,0,0.0906163672654691,0.909383632734531
187,"high",TRUE,TRUE,0.099,0.64,0.05,NA,NA,0,0,0.0898942115768463,0.910105788423154
188,"high",TRUE,TRUE,0.099,0.66,0.05,NA,NA,0,0,0.0911746506986028,0.908825349301397
190,"high",TRUE,TRUE,0.099,0.7,0.05,NA,NA,0,0,0.0938652694610778,0.906134730538922
191,"high",TRUE,TRUE,0.099,0.72,0.05,NA,NA,0,0,0.0897892215568862,0.910210778443114
207,"high",TRUE,TRUE,0.165,0.22,0.05,NA,NA,0,0,0.0912912175648703,0.90870878243513
193,"high",TRUE,TRUE,0.099,0.76,0.05,NA,NA,0,0,0.0904175648702595,0.90958243512974
194,"high",TRUE,TRUE,0.099,0.78,0.05,NA,NA,0,0,0.0899059880239521,0.910094011976048
195,"high",TRUE,TRUE,0.099,0.8,0.05,NA,NA,0,0,0.090938123752495,0.909061876247505
192,"high",TRUE,TRUE,0.099,0.74,0.05,NA,NA,0,0,0.0926175648702595,0.90738243512974
196,"high",TRUE,TRUE,0.099,0.82,0.05,NA,NA,0,0,0.0923952095808383,0.907604790419162
206,"high",TRUE,TRUE,0.165,0.2,0.05,NA,NA,0,0,0.0894187624750499,0.91058123752495
136,"high",TRUE,TRUE,0.033,0.44,0.05,0.116766138195131,0.11670155589765,0.495084830339321,0.581744080187639,0.371163473053892,0.133751696606786
208,"high",TRUE,TRUE,0.165,0.24,0.05,NA,NA,0,0,0.0915499001996008,0.908450099800399
212,"high",TRUE,TRUE,0.165,0.32,0.05,NA,NA,0,0,0.0906832335329341,0.909316766467066
209,"high",TRUE,TRUE,0.165,0.26,0.05,NA,NA,0,0,0.0916632734530938,0.908336726546906
210,"high",TRUE,TRUE,0.165,0.28,0.05,NA,NA,0,0,0.0904588822355289,0.909541117764471
211,"high",TRUE,TRUE,0.165,0.3,0.05,NA,NA,0,0,0.0893173652694611,0.910682634730539
213,"high",TRUE,TRUE,0.165,0.34,0.05,NA,NA,0,0,0.0918281437125748,0.908171856287425
214,"high",TRUE,TRUE,0.165,0.36,0.05,NA,NA,0,0,0.0923449101796407,0.907655089820359
215,"high",TRUE,TRUE,0.165,0.38,0.05,NA,NA,0,0,0.0910055888223553,0.908994411177645
216,"high",TRUE,TRUE,0.165,0.4,0.05,NA,NA,0,0,0.0906730538922156,0.909326946107784
217,"high",TRUE,TRUE,0.165,0.42,0.05,NA,NA,0,0,0.0892746506986028,0.910725349301397
221,"high",TRUE,TRUE,0.165,0.5,0.05,NA,NA,0,0,0.0923307385229541,0.907669261477046
218,"high",TRUE,TRUE,0.165,0.44,0.05,NA,NA,0,0,0.0912215568862275,0.908778443113772
220,"high",TRUE,TRUE,0.165,0.48,0.05,NA,NA,0,0,0.0916862275449102,0.90831377245509
219,"high",TRUE,TRUE,0.165,0.46,0.05,NA,NA,0,0,0.0894622754491018,0.910537724550898
222,"high",TRUE,TRUE,0.165,0.52,0.05,NA,NA,0,0,0.0915820359281437,0.908417964071856
223,"high",TRUE,TRUE,0.165,0.54,0.05,NA,NA,0,0,0.0892780439121756,0.910721956087824
230,"high",TRUE,TRUE,0.165,0.68,0.05,NA,NA,0,0,0.0905287425149701,0.90947125748503
224,"high",TRUE,TRUE,0.165,0.56,0.05,NA,NA,0,0,0.091650499001996,0.908349500998004
226,"high",TRUE,TRUE,0.165,0.6,0.05,NA,NA,0,0,0.0910347305389222,0.908965269461078
227,"high",TRUE,TRUE,0.165,0.62,0.05,NA,NA,0,0,0.0925265469061876,0.907473453093812
225,"high",TRUE,TRUE,0.165,0.58,0.05,NA,NA,0,0,0.0934828343313373,0.906517165668663
228,"high",TRUE,TRUE,0.165,0.64,0.05,NA,NA,0,0,0.091088622754491,0.908911377245509
229,"high",TRUE,TRUE,0.165,0.66,0.05,NA,NA,0,0,0.0881169660678643,0.911883033932136
205,"high",TRUE,TRUE,0.099,1,0.05,0.186128488014534,0.18605828511593,0.727370259481038,0.749328048137421,0.231271057884232,0.0413586826347305
231,"high",TRUE,TRUE,0.165,0.7,0.05,NA,NA,0,0,0.0921852295409182,0.907814770459082
204,"high",TRUE,TRUE,0.099,0.98,0.05,0.188158087156023,0.188253716118743,0.716800598802395,0.740192227093867,0.239883233532934,0.0433161676646707
232,"high",TRUE,TRUE,0.165,0.72,0.05,NA,NA,0,0,0.0906415169660679,0.909358483033932
236,"high",TRUE,TRUE,0.165,0.8,0.05,NA,NA,0,0,0.0914453093812375,0.908554690618762
233,"high",TRUE,TRUE,0.165,0.74,0.05,NA,NA,0,0,0.0917740518962076,0.908225948103792
203,"high",TRUE,TRUE,0.099,0.96,0.05,0.190204432269713,0.190307053654835,0.705107784431138,0.731547317481695,0.247985229540918,0.0469069860279441
138,"high",TRUE,TRUE,0.033,0.48,0.05,0.104343321492131,0.104326854140979,0.608069860279441,0.657002830521973,0.314910778443114,0.0770193612774451
234,"high",TRUE,TRUE,0.165,0.76,0.05,NA,NA,0,0,0.0928033932135729,0.907196606786427
235,"high",TRUE,TRUE,0.165,0.78,0.05,NA,NA,0,0,0.0921810379241517,0.907818962075848
202,"high",TRUE,TRUE,0.099,0.94,0.05,0.19230605944028,0.192355664776265,0.695112974051896,0.722681740710278,0.256115568862275,0.0487714570858283
201,"high",TRUE,TRUE,0.099,0.92,0.05,0.194577873597089,0.194533201614408,0.685098403193613,0.713609680473945,0.264277045908184,0.0506245508982036
237,"high",TRUE,TRUE,0.165,0.82,0.05,NA,NA,0,0,0.0908269461077844,0.909173053892216
239,"high",TRUE,TRUE,0.165,0.86,0.05,NA,NA,0,0,0.0939552894211577,0.906044710578842
247,"low",TRUE,FALSE,0.033,0.2,0.05,NA,NA,0,0,0.0899724550898204,0.91002754491018
238,"high",TRUE,TRUE,0.165,0.84,0.05,NA,NA,0,0,0.089914371257485,0.910085628742515
240,"high",TRUE,TRUE,0.165,0.88,0.05,NA,NA,0,0,0.0912035928143713,0.908796407185629
242,"high",TRUE,TRUE,0.165,0.92,0.05,NA,NA,0,0,0.0907662674650699,0.90923373253493
241,"high",TRUE,TRUE,0.165,0.9,0.05,NA,NA,0,0,0.0891025948103792,0.910897405189621
243,"high",TRUE,TRUE,0.165,0.94,0.05,NA,NA,0,0,0.0914271457085828,0.908572854291417
244,"high",TRUE,TRUE,0.165,0.96,0.05,NA,NA,0,0,0.0904383233532934,0.909561676646707
245,"high",TRUE,TRUE,0.165,0.98,0.05,NA,NA,0,0,0.0910463073852295,0.90895369261477
249,"low",TRUE,FALSE,0.033,0.24,0.05,NA,NA,0,0,0.0913413173652695,0.908658682634731
200,"high",TRUE,TRUE,0.099,0.9,0.05,0.1984907505438,0.19853878790441,0.665099001996008,0.698286998410163,0.278312574850299,0.0565884231536926
246,"high",TRUE,TRUE,0.165,1,0.05,NA,NA,0,0,0.0923978043912176,0.907602195608782
248,"low",TRUE,FALSE,0.033,0.22,0.05,NA,NA,0,0,0.091275249500998,0.908724750499002
250,"low",TRUE,FALSE,0.033,0.26,0.05,NA,NA,0.00710738522954092,0.358553122889115,0.10205748502994,0.890835129740519
251,"low",TRUE,FALSE,0.033,0.28,0.05,0.1,0.1,0.131081037924152,0.407571604290175,0.266932734530938,0.60198622754491
199,"high",TRUE,TRUE,0.099,0.88,0.05,0.203781740792276,0.203677010328465,0.644508582834331,0.682258901762543,0.293315568862275,0.0621758483033932
252,"low",TRUE,FALSE,0.033,0.3,0.05,0.1,0.1,0.243719361277445,0.449684691921195,0.357286027944112,0.398994610778443
253,"low",TRUE,FALSE,0.033,0.32,0.05,0.1,0.1,0.314523353293413,0.483243076408619,0.383295209580838,0.302181437125749
254,"low",TRUE,FALSE,0.033,0.34,0.05,0.1,0.1,0.380353493013972,0.513848937232447,0.394497005988024,0.225149500998004
269,"low",TRUE,FALSE,0.033,0.64,0.05,0.1,0.1,0.746197405189621,0.765762886144936,0.215968463073852,0.0378341317365269
268,"low",TRUE,FALSE,0.033,0.62,0.05,0.1,0.1,0.735972654690619,0.757616171867257,0.224338323353293,0.0396890219560878
266,"low",TRUE,FALSE,0.033,0.58,0.05,0.1,0.1,0.708109580838323,0.733955197478224,0.24544630738523,0.0464441117764471
137,"high",TRUE,TRUE,0.033,0.46,0.05,0.109421179872894,0.10942248075334,0.554482235528942,0.620247347456674,0.343496606786427,0.102021157684631
270,"low",TRUE,FALSE,0.033,0.66,0.05,0.1,0.1,0.757045908183633,0.774802162103131,0.207509381237525,0.0354447105788423
255,"low",TRUE,FALSE,0.033,0.36,0.05,0.1,0.1,0.43747245508982,0.545113136591872,0.388741117764471,0.173786427145709
267,"low",TRUE,FALSE,0.033,0.6,0.05,0.1,0.1,0.722493612774451,0.7457589425771,0.234945708582834,0.0425606786427146
198,"high",TRUE,TRUE,0.099,0.86,0.05,0.210689783408746,0.210863399999467,0.616748502994012,0.661038494121721,0.311876846307385,0.0713746506986028
272,"low",TRUE,FALSE,0.033,0.7,0.05,0.1,0.1,0.775716766467066,0.790849669932228,0.19298502994012,0.0312982035928144
271,"low",TRUE,FALSE,0.033,0.68,0.05,0.1,0.1,0.764184431137725,0.780891690907841,0.202082235528942,0.0337333333333333
265,"low",TRUE,FALSE,0.033,0.56,0.05,0.1,0.1,0.695140319361277,0.724176556420475,0.255568662674651,0.0492910179640719
273,"low",TRUE,FALSE,0.033,0.72,0.05,0.1,0.1,0.783014570858283,0.797018097805531,0.18682754491018,0.0301578842315369
264,"low",TRUE,FALSE,0.033,0.54,0.05,0.1,0.1,0.678794610778443,0.71145472437404,0.266740319361277,0.0544650698602794
263,"low",TRUE,FALSE,0.033,0.52,0.05,0.1,0.1,0.662729341317365,0.698308999679076,0.278386826347305,0.0588838323353293
274,"low",TRUE,FALSE,0.033,0.74,0.05,0.1,0.1,0.790732934131737,0.803882113525176,0.181011177644711,0.0282558882235529
262,"low",TRUE,FALSE,0.033,0.5,0.05,0.1,0.1,0.646198602794411,0.685511189634954,0.289513173652695,0.0642882235528942
285,"low",TRUE,FALSE,0.033,0.96,0.05,0.1,0.1,0.850837724550898,0.857190051405093,0.130919361277445,0.0182429141716567
277,"low",TRUE,FALSE,0.033,0.8,0.05,0.1,0.1,0.811235129740519,0.821587883867692,0.163774650698603,0.0249902195608782
279,"low",TRUE,FALSE,0.033,0.84,0.05,0.1,0.1,0.821284231536926,0.830490843330163,0.15543373253493,0.0232820359281437
288,"low",TRUE,FALSE,0.099,0.2,0.05,NA,NA,0,0,0.0894231536926148,0.910576846307385
275,"low",TRUE,FALSE,0.033,0.76,0.05,0.1,0.1,0.79623373253493,0.808652277422658,0.175888622754491,0.0278776447105788
256,"low",TRUE,FALSE,0.033,0.38,0.05,0.1,0.1,0.470140718562874,0.56666971978705,0.377808982035928,0.152050299401198
276,"low",TRUE,FALSE,0.033,0.78,0.05,0.1,0.1,0.804695608782435,0.815280468024519,0.169709181636727,0.0255952095808383
280,"low",TRUE,FALSE,0.033,0.86,0.05,0.1,0.1,0.828083433133733,0.836578821417616,0.149318363273453,0.0225982035928144
278,"low",TRUE,FALSE,0.033,0.82,0.05,0.1,0.1,0.817103193612775,0.826865381209016,0.159016167664671,0.0238806387225549
289,"low",TRUE,FALSE,0.099,0.22,0.05,NA,NA,0,0,0.090461876247505,0.909538123752495
281,"low",TRUE,FALSE,0.033,0.88,0.05,0.1,0.1,0.832988023952096,0.84126298835172,0.145615568862275,0.0213964071856287
282,"low",TRUE,FALSE,0.033,0.9,0.05,0.1,0.1,0.83569620758483,0.843389956121206,0.143712375249501,0.0205914171656687
290,"low",TRUE,FALSE,0.099,0.24,0.05,NA,NA,0,0,0.090325748502994,0.909674251497006
283,"low",TRUE,FALSE,0.033,0.92,0.05,0.1,0.1,0.842242914171657,0.849454161428389,0.138140918163673,0.0196161676646707
284,"low",TRUE,FALSE,0.033,0.94,0.05,0.1,0.1,0.846520159680639,0.853082585570684,0.134714371257485,0.0187654690618762
197,"high",TRUE,TRUE,0.099,0.84,0.05,0.218685133658679,0.218581209625434,0.587047904191617,0.639091700345544,0.330777844311377,0.082174251497006
293,"low",TRUE,FALSE,0.099,0.3,0.05,NA,NA,0,0,0.0917107784431138,0.908289221556886
291,"low",TRUE,FALSE,0.099,0.26,0.05,NA,NA,0,0,0.0912083832335329,0.908791616766467
292,"low",TRUE,FALSE,0.099,0.28,0.05,NA,NA,0,0,0.0903810379241517,0.909618962075848
286,"low",TRUE,FALSE,0.033,0.98,0.05,0.1,0.1,0.85541377245509,0.861048757820251,0.127099800399202,0.0174864271457086
294,"low",TRUE,FALSE,0.099,0.32,0.05,NA,NA,0,0,0.0899169660678643,0.910083033932136
296,"low",TRUE,FALSE,0.099,0.36,0.05,NA,NA,0,0,0.0908073852295409,0.909192614770459
297,"low",TRUE,FALSE,0.099,0.38,0.05,NA,NA,0,0,0.0921345309381238,0.907865469061876
295,"low",TRUE,FALSE,0.099,0.34,0.05,NA,NA,0,0,0.091525748502994,0.908474251497006
298,"low",TRUE,FALSE,0.099,0.4,0.05,NA,NA,0,0,0.087589620758483,0.912410379241517
287,"low",TRUE,FALSE,0.033,1,0.05,0.1,0.1,0.857467864271457,0.863410876285442,0.125312574850299,0.0172195608782435
300,"low",TRUE,FALSE,0.099,0.44,0.05,NA,NA,0,0,0.089586626746507,0.910413373253493
299,"low",TRUE,FALSE,0.099,0.42,0.05,NA,NA,0,0,0.0924191616766467,0.907580838323353
301,"low",TRUE,FALSE,0.099,0.46,0.05,NA,NA,0,0,0.0907321357285429,0.909267864271457
302,"low",TRUE,FALSE,0.099,0.48,0.05,NA,NA,0,0,0.0908331337325349,0.909166866267465
303,"low",TRUE,FALSE,0.099,0.5,0.05,NA,NA,0,0,0.0930748502994012,0.906925149700599
304,"low",TRUE,FALSE,0.099,0.52,0.05,NA,NA,0,0,0.0910670658682635,0.908932934131736
305,"low",TRUE,FALSE,0.099,0.54,0.05,NA,NA,0,0,0.0914285429141717,0.908571457085828
261,"low",TRUE,FALSE,0.033,0.48,0.05,0.1,0.1,0.622508982035928,0.667698721456307,0.305213373253493,0.0722776447105788
306,"low",TRUE,FALSE,0.099,0.56,0.05,0.2,0.2,0.18159880239521,0.436921389152831,0.314688622754491,0.503712574850299
257,"low",TRUE,FALSE,0.033,0.4,0.05,0.1,0.1,0.512549500998004,0.590536014703105,0.364031936127745,0.123418562874252
307,"low",TRUE,FALSE,0.099,0.58,0.05,0.2,0.2,0.341207984031936,0.488862596928269,0.410149500998004,0.24864251497006
309,"low",TRUE,FALSE,0.099,0.62,0.05,0.2,0.2,0.406769261477046,0.525407236842379,0.402421357285429,0.190809381237525
260,"low",TRUE,FALSE,0.033,0.46,0.05,0.1,0.1,0.596778443113772,0.649748590852404,0.320247904191617,0.0829736526946108
308,"low",TRUE,FALSE,0.099,0.6,0.05,0.2,0.2,0.375010379241517,0.507046930034714,0.408030738522954,0.216958882235529
330,"low",TRUE,FALSE,0.165,0.22,0.05,NA,NA,0,0,0.0890948103792415,0.910905189620759
329,"low",TRUE,FALSE,0.165,0.2,0.05,NA,NA,0,0,0.0906323353293413,0.909367664670659
331,"low",TRUE,FALSE,0.165,0.24,0.05,NA,NA,0,0,0.0907924151696607,0.909207584830339
332,"low",TRUE,FALSE,0.165,0.26,0.05,NA,NA,0,0,0.0900115768463074,0.909988423153693
328,"low",TRUE,FALSE,0.099,1,0.05,0.2,0.2,0.70441876247505,0.729924231969417,0.248485429141717,0.0470958083832335
311,"low",TRUE,FALSE,0.099,0.66,0.05,0.2,0.2,0.476744311377245,0.564418553392614,0.387452095808383,0.135803592814371
326,"low",TRUE,FALSE,0.099,0.96,0.05,0.2,0.2,0.686995409181637,0.715441557689252,0.26249880239521,0.0505057884231537
310,"low",TRUE,FALSE,0.099,0.64,0.05,0.2,0.2,0.445406387225549,0.543550472080769,0.397451497005988,0.157142115768463
333,"low",TRUE,FALSE,0.165,0.28,0.05,NA,NA,0,0,0.090763872255489,0.909236127744511
322,"low",TRUE,FALSE,0.099,0.88,0.05,0.2,0.2,0.653074451097804,0.688375208979066,0.287620558882236,0.0593049900199601
323,"low",TRUE,FALSE,0.099,0.9,0.05,0.2,0.2,0.658811776447106,0.693804902324872,0.28198003992016,0.0592081836327345
325,"low",TRUE,FALSE,0.099,0.94,0.05,0.2,0.2,0.67975129740519,0.710166338283609,0.268040718562874,0.0522079840319361
334,"low",TRUE,FALSE,0.165,0.3,0.05,NA,NA,0,0,0.0901510978043912,0.909848902195609
259,"low",TRUE,FALSE,0.033,0.44,0.05,0.1,0.1,0.572449301397206,0.631720480107845,0.333421756487026,0.0941289421157685
335,"low",TRUE,FALSE,0.165,0.32,0.05,NA,NA,0,0,0.0909890219560878,0.909010978043912
327,"low",TRUE,FALSE,0.099,0.98,0.05,0.2,0.2,0.698880838323353,0.724952957949884,0.253746706586826,0.0473724550898204
324,"low",TRUE,FALSE,0.099,0.92,0.05,0.2,0.2,0.669360279441118,0.702476144467972,0.275036327345309,0.0556033932135729
336,"low",TRUE,FALSE,0.165,0.34,0.05,NA,NA,0,0,0.091424750499002,0.908575249500998
337,"low",TRUE,FALSE,0.165,0.36,0.05,NA,NA,0,0,0.0904331337325349,0.909566866267465
338,"low",TRUE,FALSE,0.165,0.38,0.05,NA,NA,0,0,0.0911894211576846,0.908810578842315
339,"low",TRUE,FALSE,0.165,0.4,0.05,NA,NA,0,0,0.0922850299401198,0.90771497005988
340,"low",TRUE,FALSE,0.165,0.42,0.05,NA,NA,0,0,0.0909135728542914,0.909086427145709
342,"low",TRUE,FALSE,0.165,0.46,0.05,NA,NA,0,0,0.0930085828343313,0.906991417165669
341,"low",TRUE,FALSE,0.165,0.44,0.05,NA,NA,0,0,0.0912748502994012,0.908725149700599
343,"low",TRUE,FALSE,0.165,0.48,0.05,NA,NA,0,0,0.0897978043912176,0.910202195608782
321,"low",TRUE,FALSE,0.099,0.86,0.05,0.2,0.2,0.644245708582834,0.682068314997231,0.293107784431138,0.0626465069860279
344,"low",TRUE,FALSE,0.165,0.5,0.05,NA,NA,0,0,0.0911319361277445,0.908868063872255
346,"low",TRUE,FALSE,0.165,0.54,0.05,NA,NA,0,0,0.0898676646706587,0.910132335329341
345,"low",TRUE,FALSE,0.165,0.52,0.05,NA,NA,0,0,0.0913796407185629,0.908620359281437
258,"low",TRUE,FALSE,0.033,0.42,0.05,0.1,0.1,0.545660878243513,0.61528619004003,0.348147305389222,0.106191816367265
349,"low",TRUE,FALSE,0.165,0.6,0.05,NA,NA,0,0,0.0897750499001996,0.9102249500998
347,"low",TRUE,FALSE,0.165,0.56,0.05,NA,NA,0,0,0.0898115768463074,0.910188423153693
348,"low",TRUE,FALSE,0.165,0.58,0.05,NA,NA,0,0,0.0949221556886228,0.905077844311377
350,"low",TRUE,FALSE,0.165,0.62,0.05,NA,NA,0,0,0.089409381237525,0.910590618762475
320,"low",TRUE,FALSE,0.099,0.84,0.05,0.2,0.2,0.628958083832335,0.670727882016997,0.303572854291417,0.0674690618762475
351,"low",TRUE,FALSE,0.165,0.64,0.05,NA,NA,0,0,0.0907471057884232,0.909252894211577
352,"low",TRUE,FALSE,0.165,0.66,0.05,NA,NA,0,0,0.0910620758483034,0.908937924151697
353,"low",TRUE,FALSE,0.165,0.68,0.05,NA,NA,0,0,0.0919918163672655,0.908008183632735
354,"low",TRUE,FALSE,0.165,0.7,0.05,NA,NA,0,0,0.0916932135728543,0.908306786427146
356,"low",TRUE,FALSE,0.165,0.74,0.05,NA,NA,0,0,0.0914646706586826,0.908535329341317
355,"low",TRUE,FALSE,0.165,0.72,0.05,NA,NA,0,0,0.0907195608782435,0.909280439121756
358,"low",TRUE,FALSE,0.165,0.78,0.05,NA,NA,0,0,0.0919423153692615,0.908057684630739
357,"low",TRUE,FALSE,0.165,0.76,0.05,NA,NA,0,0,0.0887061876247505,0.91129381237525
312,"low",TRUE,FALSE,0.099,0.68,0.05,0.2,0.2,0.499560479041916,0.579876098184115,0.376691616766467,0.123747904191617
360,"low",TRUE,FALSE,0.165,0.82,0.05,NA,NA,0,0,0.0919840319361277,0.908015968063872
359,"low",TRUE,FALSE,0.165,0.8,0.05,NA,NA,0,0,0.0903590818363273,0.909640918163673
361,"low",TRUE,FALSE,0.165,0.84,0.05,NA,NA,0,0,0.0925932135728543,0.907406786427146
319,"low",TRUE,FALSE,0.099,0.82,0.05,0.2,0.2,0.615702594810379,0.660032455348337,0.31240998003992,0.0718874251497006
318,"low",TRUE,FALSE,0.099,0.8,0.05,0.2,0.2,0.603868263473054,0.651245264024065,0.320699001996008,0.0754327345309381
371,"high",TRUE,FALSE,0.033,0.22,0.05,NA,NA,0,0,0.0878255489021956,0.912174451097804
370,"high",TRUE,FALSE,0.033,0.2,0.05,NA,NA,0,0,0.0921333333333333,0.907866666666667
372,"high",TRUE,FALSE,0.033,0.24,0.05,NA,NA,0,0,0.0922397205588822,0.907760279441118
373,"high",TRUE,FALSE,0.033,0.26,0.05,NA,NA,0.0269357285429142,0.381959880703792,0.129404391217565,0.843659880239521
374,"high",TRUE,FALSE,0.033,0.28,0.05,NA,NA,0.140735329341317,0.415100612703407,0.274357684630739,0.584906986027944
375,"high",TRUE,FALSE,0.033,0.3,0.05,0.1,0.1,0.25002874251497,0.452852509811657,0.360207584830339,0.389763672654691
362,"low",TRUE,FALSE,0.165,0.86,0.05,0.3,0.3,0.381877245508982,0.506307876994315,0.414194810379241,0.203927944111776
376,"high",TRUE,FALSE,0.033,0.32,0.05,0.1,0.1,0.322039720558882,0.484820198402368,0.387449900199601,0.290510379241517
363,"low",TRUE,FALSE,0.165,0.88,0.05,0.3,0.3,0.412334730538922,0.523318911020632,0.412424550898204,0.175240718562874
313,"low",TRUE,FALSE,0.099,0.7,0.05,0.2,0.2,0.519832135728543,0.591449675244509,0.368295808383234,0.111872055888224
377,"high",TRUE,FALSE,0.033,0.34,0.05,0.1,0.1,0.378899001996008,0.511596911803119,0.395114570858283,0.225986427145709
364,"low",TRUE,FALSE,0.165,0.9,0.05,0.3,0.3,0.434934131736527,0.535145831662536,0.407533133732535,0.157532734530938
365,"low",TRUE,FALSE,0.165,0.92,0.05,0.3,0.3,0.458943113772455,0.548952632878059,0.397989620758483,0.143067265469062
315,"low",TRUE,FALSE,0.099,0.74,0.05,0.2,0.2,0.555651497005988,0.617022308441867,0.348507784431138,0.0958407185628743
317,"low",TRUE,FALSE,0.099,0.78,0.05,0.2,0.2,0.589068662674651,0.640140918768146,0.329466067864271,0.0814652694610778
378,"high",TRUE,FALSE,0.033,0.36,0.05,0.1,0.1,0.434152295409182,0.540759347578695,0.389264870259481,0.176582834331337
366,"low",TRUE,FALSE,0.165,0.94,0.05,0.3,0.3,0.478914770459082,0.561522913820041,0.391988622754491,0.129096606786427
316,"low",TRUE,FALSE,0.099,0.76,0.05,0.2,0.2,0.571073652694611,0.628632051806307,0.340076447105788,0.0888499001996008
387,"high",TRUE,FALSE,0.033,0.54,0.05,0.1,0.1,0.681417365269461,0.713127213583029,0.264557085828343,0.0540255489021956
314,"low",TRUE,FALSE,0.099,0.72,0.05,0.2,0.2,0.542897604790419,0.60720708992358,0.356020758483034,0.101081636726547
367,"low",TRUE,FALSE,0.165,0.96,0.05,0.3,0.3,0.489203393213573,0.568637439632747,0.384479840319361,0.126316766467066
388,"high",TRUE,FALSE,0.033,0.56,0.05,0.1,0.1,0.69345369261477,0.722290771601869,0.256341317365269,0.0502049900199601
390,"high",TRUE,FALSE,0.033,0.6,0.05,0.1,0.1,0.722708582834331,0.746554804241685,0.234276447105788,0.0430149700598802
391,"high",TRUE,FALSE,0.033,0.62,0.05,0.1,0.1,0.733556686626747,0.755309281474313,0.22612255489022,0.0403207584830339
389,"high",TRUE,FALSE,0.033,0.58,0.05,0.1,0.1,0.707107784431138,0.734472093457778,0.245418962075848,0.047473253493014
379,"high",TRUE,FALSE,0.033,0.38,0.05,0.1,0.1,0.470083233532934,0.563783008418421,0.38064371257485,0.149273053892216
392,"high",TRUE,FALSE,0.033,0.64,0.05,0.1,0.1,0.747323952095808,0.766789301334291,0.215429740518962,0.0372463073852295
393,"high",TRUE,FALSE,0.033,0.66,0.05,0.1,0.1,0.753904790419162,0.772847849176843,0.209921157684631,0.0361740518962076
385,"high",TRUE,FALSE,0.033,0.5,0.05,0.1,0.1,0.646667065868264,0.685356999488383,0.289312574850299,0.0640203592814371
386,"high",TRUE,FALSE,0.033,0.52,0.05,0.1,0.1,0.662154291417166,0.698044129759907,0.278811377245509,0.0590343313373254
394,"high",TRUE,FALSE,0.033,0.68,0.05,0.1,0.1,0.76717624750499,0.783772415796855,0.199966067864271,0.0328576846307385
395,"high",TRUE,FALSE,0.033,0.7,0.05,0.1,0.1,0.775217365269461,0.790188242755992,0.193230938123752,0.0315516966067864
401,"high",TRUE,FALSE,0.033,0.82,0.05,0.1,0.1,0.81928123752495,0.828718520541208,0.157660079840319,0.0230586826347305
396,"high",TRUE,FALSE,0.033,0.72,0.05,0.1,0.1,0.782125548902196,0.796892639338435,0.187456886227545,0.0304175648702595
397,"high",TRUE,FALSE,0.033,0.74,0.05,0.1,0.1,0.791105988023952,0.803889394872771,0.180166866267465,0.0287271457085828
412,"high",TRUE,FALSE,0.099,0.22,0.05,NA,NA,0,0,0.0900001996007984,0.909999800399202
398,"high",TRUE,FALSE,0.033,0.76,0.05,0.1,0.1,0.798754291417166,0.810807135804563,0.174092415169661,0.0271532934131737
399,"high",TRUE,FALSE,0.033,0.78,0.05,0.1,0.1,0.805047704590818,0.816106073740033,0.168871057884232,0.0260812375249501
384,"high",TRUE,FALSE,0.033,0.48,0.05,0.1,0.1,0.6241375249501,0.669669789577068,0.303498203592814,0.0723642714570858
400,"high",TRUE,FALSE,0.033,0.8,0.05,0.1,0.1,0.81084870259481,0.821101492419209,0.164428542914172,0.024722754491018
368,"low",TRUE,FALSE,0.165,0.98,0.05,0.3,0.3,0.511077245508982,0.584476949449208,0.375081836327345,0.113840918163673
402,"high",TRUE,FALSE,0.033,0.84,0.05,0.1,0.1,0.82344371257485,0.832877250970539,0.153598203592814,0.0229580838323353
411,"high",TRUE,FALSE,0.099,0.2,0.05,NA,NA,0,0,0.0904596806387226,0.909540319361277
369,"low",TRUE,FALSE,0.165,1,0.05,0.3,0.3,0.523307784431138,0.592234215752538,0.369116367265469,0.107575848303393
413,"high",TRUE,FALSE,0.099,0.24,0.05,NA,NA,0,0,0.0904,0.9096
403,"high",TRUE,FALSE,0.033,0.86,0.05,0.1,0.1,0.829568662674651,0.838212368721504,0.148791816367265,0.0216395209580838
405,"high",TRUE,FALSE,0.033,0.9,0.05,0.1,0.1,0.838624151696607,0.845969526495293,0.141233133732535,0.0201427145708583
404,"high",TRUE,FALSE,0.033,0.88,0.05,0.1,0.1,0.832722155688623,0.84098952411038,0.146287225548902,0.0209906187624751
406,"high",TRUE,FALSE,0.033,0.92,0.05,0.1,0.1,0.843461477045908,0.850768623984533,0.137073852295409,0.0194646706586826
383,"high",TRUE,FALSE,0.033,0.46,0.05,0.1,0.1,0.602598403193613,0.653237603055969,0.31826127744511,0.0791403193612774
414,"high",TRUE,FALSE,0.099,0.26,0.05,NA,NA,0,0,0.0900127744510978,0.909987225548902
407,"high",TRUE,FALSE,0.033,0.94,0.05,0.1,0.1,0.846040718562874,0.853097964895067,0.134885429141717,0.0190738522954092
415,"high",TRUE,FALSE,0.099,0.28,0.05,NA,NA,0,0,0.0905035928143713,0.909496407185629
421,"high",TRUE,FALSE,0.099,0.4,0.05,NA,NA,0,0,0.0907323353293413,0.909267664670659
416,"high",TRUE,FALSE,0.099,0.3,0.05,NA,NA,0,0,0.0881407185628743,0.911859281437126
417,"high",TRUE,FALSE,0.099,0.32,0.05,NA,NA,0,0,0.0917874251497006,0.908212574850299
408,"high",TRUE,FALSE,0.033,0.96,0.05,0.1,0.1,0.851350698602794,0.857611889750086,0.130889820359281,0.0177594810379242
419,"high",TRUE,FALSE,0.099,0.36,0.05,NA,NA,0,0,0.0917584830339321,0.908241516966068
418,"high",TRUE,FALSE,0.099,0.34,0.05,NA,NA,0,0,0.0909566866267465,0.909043313373254
420,"high",TRUE,FALSE,0.099,0.38,0.05,NA,NA,0,0,0.0907820359281437,0.909217964071856
410,"high",TRUE,FALSE,0.033,1,0.05,0.1,0.1,0.859206187624751,0.865157581454273,0.123738323353293,0.0170554890219561
409,"high",TRUE,FALSE,0.033,0.98,0.05,0.1,0.1,0.854569860279441,0.860451209779351,0.128052694610778,0.0173774451097804
422,"high",TRUE,FALSE,0.099,0.42,0.05,NA,NA,0,0,0.0923726546906188,0.907627345309381
423,"high",TRUE,FALSE,0.099,0.44,0.05,NA,NA,0,0,0.0898716566866267,0.910128343313373
424,"high",TRUE,FALSE,0.099,0.46,0.05,NA,NA,0,0,0.0903818363273453,0.909618163672655
425,"high",TRUE,FALSE,0.099,0.48,0.05,NA,NA,0,0,0.0914854291417166,0.908514570858283
426,"high",TRUE,FALSE,0.099,0.5,0.05,NA,NA,0,0,0.0907672654690619,0.909232734530938
427,"high",TRUE,FALSE,0.099,0.52,0.05,NA,NA,0,0,0.0903457085828343,0.909654291417166
428,"high",TRUE,FALSE,0.099,0.54,0.05,0.2,0.2,0.109070858283433,0.410060518246282,0.250698003992016,0.640231137724551
380,"high",TRUE,FALSE,0.033,0.4,0.05,0.1,0.1,0.507283433133733,0.587299318982525,0.366987425149701,0.125729141716567
429,"high",TRUE,FALSE,0.099,0.56,0.05,0.2,0.2,0.274636926147705,0.460551107598223,0.389449500998004,0.335913572854291
430,"high",TRUE,FALSE,0.099,0.58,0.05,0.2,0.2,0.320108582834331,0.47903333006983,0.40329001996008,0.276601397205589
431,"high",TRUE,FALSE,0.099,0.6,0.05,0.2,0.2,0.375524750499002,0.505140648753621,0.409535129740519,0.214940119760479
381,"high",TRUE,FALSE,0.033,0.42,0.05,0.1,0.1,0.545045508982036,0.610482343481436,0.350645309381238,0.104309181636727
432,"high",TRUE,FALSE,0.099,0.62,0.05,0.2,0.2,0.413355089820359,0.52664144580891,0.405191616766467,0.181453293413174
433,"high",TRUE,FALSE,0.099,0.64,0.05,0.2,0.2,0.448426746506986,0.54628948250714,0.397064670658683,0.154508582834331
455,"high",TRUE,FALSE,0.165,0.26,0.05,NA,NA,0,0,0.0922249500998004,0.9077750499002
452,"high",TRUE,FALSE,0.165,0.2,0.05,NA,NA,0,0,0.0908542914171657,0.909145708582834
453,"high",TRUE,FALSE,0.165,0.22,0.05,NA,NA,0,0,0.0903211576846307,0.909678842315369
454,"high",TRUE,FALSE,0.165,0.24,0.05,NA,NA,0,0,0.0882229540918164,0.911777045908184
456,"high",TRUE,FALSE,0.165,0.28,0.05,NA,NA,0,0,0.0893940119760479,0.910605988023952
449,"high",TRUE,FALSE,0.099,0.96,0.05,0.2,0.2,0.691286826347305,0.719143343647748,0.259840518962076,0.0488726546906188
457,"high",TRUE,FALSE,0.165,0.3,0.05,NA,NA,0,0,0.0911610778443114,0.908838922155689
458,"high",TRUE,FALSE,0.165,0.32,0.05,NA,NA,0,0,0.0908766467065868,0.909123353293413
450,"high",TRUE,FALSE,0.099,0.98,0.05,0.2,0.2,0.697490818363273,0.724441042883487,0.254673453093812,0.0478357285429142
459,"high",TRUE,FALSE,0.165,0.34,0.05,NA,NA,0,0,0.0894776447105788,0.910522355289421
460,"high",TRUE,FALSE,0.165,0.36,0.05,NA,NA,0,0,0.0891964071856287,0.910803592814371
447,"high",TRUE,FALSE,0.099,0.92,0.05,0.2,0.2,0.671374850299401,0.703595688409403,0.273252694610778,0.0553724550898204
434,"high",TRUE,FALSE,0.099,0.66,0.05,0.2,0.2,0.469974051896208,0.561952968004667,0.38924371257485,0.140782235528942
448,"high",TRUE,FALSE,0.099,0.94,0.05,0.2,0.2,0.681355688622755,0.711416651381363,0.266624151696607,0.0520201596806387
446,"high",TRUE,FALSE,0.099,0.9,0.05,0.2,0.2,0.655564670658683,0.692679967394653,0.283438922155689,0.0609964071856287
461,"high",TRUE,FALSE,0.165,0.38,0.05,NA,NA,0,0,0.0897325349301397,0.91026746506986
445,"high",TRUE,FALSE,0.099,0.88,0.05,0.2,0.2,0.651285229540918,0.686948599640894,0.288422954091816,0.0602918163672655
466,"high",TRUE,FALSE,0.165,0.48,0.05,NA,NA,0,0,0.0903992015968064,0.909600798403194
382,"high",TRUE,FALSE,0.033,0.44,0.05,0.1,0.1,0.571256087824351,0.631409345035292,0.335349101796407,0.0933948103792415
451,"high",TRUE,FALSE,0.099,1,0.05,0.2,0.2,0.705985628742515,0.731176788740715,0.247931936127745,0.0460824351297405
462,"high",TRUE,FALSE,0.165,0.4,0.05,NA,NA,0,0,0.0909820359281437,0.909017964071856
463,"high",TRUE,FALSE,0.165,0.42,0.05,NA,NA,0,0,0.0900852295409182,0.909914770459082
464,"high",TRUE,FALSE,0.165,0.44,0.05,NA,NA,0,0,0.0893714570858283,0.910628542914172
465,"high",TRUE,FALSE,0.165,0.46,0.05,NA,NA,0,0,0.0911784431137725,0.908821556886228
467,"high",TRUE,FALSE,0.165,0.5,0.05,NA,NA,0,0,0.0904508982035928,0.909549101796407
444,"high",TRUE,FALSE,0.099,0.86,0.05,0.2,0.2,0.638654091816367,0.678789821450126,0.296660479041916,0.0646854291417166
469,"high",TRUE,FALSE,0.165,0.54,0.05,NA,NA,0,0,0.0929664670658683,0.907033532934132
468,"high",TRUE,FALSE,0.165,0.52,0.05,NA,NA,0,0,0.0915518962075848,0.908448103792415
473,"high",TRUE,FALSE,0.165,0.62,0.05,NA,NA,0,0,0.0899568862275449,0.910043113772455
470,"high",TRUE,FALSE,0.165,0.56,0.05,NA,NA,0,0,0.0914572854291417,0.908542714570858
443,"high",TRUE,FALSE,0.099,0.84,0.05,0.2,0.2,0.630718363273453,0.671799111213225,0.30267005988024,0.0666115768463074
471,"high",TRUE,FALSE,0.165,0.58,0.05,NA,NA,0,0,0.0923369261477046,0.907663073852295
472,"high",TRUE,FALSE,0.165,0.6,0.05,NA,NA,0,0,0.0923137724550898,0.90768622754491
435,"high",TRUE,FALSE,0.099,0.68,0.05,0.2,0.2,0.493949500998004,0.576540038515022,0.378007584830339,0.128042914171657
475,"high",TRUE,FALSE,0.165,0.66,0.05,NA,NA,0,0,0.091821756487026,0.908178243512974
474,"high",TRUE,FALSE,0.165,0.64,0.05,NA,NA,0,0,0.0895794411177645,0.910420558882235
476,"high",TRUE,FALSE,0.165,0.68,0.05,NA,NA,0,0,0.0908798403193613,0.909120159680639
477,"high",TRUE,FALSE,0.165,0.7,0.05,NA,NA,0,0,0.0904149700598802,0.90958502994012
478,"high",TRUE,FALSE,0.165,0.72,0.05,NA,NA,0,0,0.0913672654690619,0.908632734530938
479,"high",TRUE,FALSE,0.165,0.74,0.05,NA,NA,0,0,0.0925025948103792,0.907497405189621
480,"high",TRUE,FALSE,0.165,0.76,0.05,NA,NA,0,0,0.08902375249501,0.91097624750499
481,"high",TRUE,FALSE,0.165,0.78,0.05,NA,NA,0,0,0.0921536926147705,0.90784630738523
482,"high",TRUE,FALSE,0.165,0.8,0.05,NA,NA,0.000352095808383234,0.159273480456115,0.0917760479041916,0.907871856287425
442,"high",TRUE,FALSE,0.099,0.82,0.05,0.2,0.2,0.616087824351297,0.66052329258152,0.311701397205589,0.0722107784431138
493,"low",FALSE,TRUE,0.033,0.2,0.05,NA,NA,0,0,0.0923830339321357,0.907616966067864
494,"low",FALSE,TRUE,0.033,0.22,0.05,NA,NA,0,0,0.0895728542914172,0.910427145708583
484,"high",TRUE,FALSE,0.165,0.84,0.05,0.3,0.3,0.327993013972056,0.478528464697791,0.415621357285429,0.256385628742515
495,"low",FALSE,TRUE,0.033,0.24,0.05,NA,NA,0,0,0.092063872255489,0.907936127744511
483,"high",TRUE,FALSE,0.165,0.82,0.05,0.3,0.3,0.305241317365269,0.466405169210716,0.412272255489022,0.282486427145709
497,"low",FALSE,TRUE,0.033,0.28,0.05,NA,NA,0,0,0.0900934131736527,0.909906586826347
496,"low",FALSE,TRUE,0.033,0.26,0.05,NA,NA,0,0,0.0909926147704591,0.909007385229541
498,"low",FALSE,TRUE,0.033,0.3,0.05,NA,NA,0,0,0.092089620758483,0.907910379241517
502,"low",FALSE,TRUE,0.033,0.38,0.05,NA,NA,0,0,0.0896698602794411,0.910330139720559
499,"low",FALSE,TRUE,0.033,0.32,0.05,NA,NA,0,0,0.0932263473053892,0.906773652694611
500,"low",FALSE,TRUE,0.033,0.34,0.05,NA,NA,0,0,0.0930558882235529,0.906944111776447
501,"low",FALSE,TRUE,0.033,0.36,0.05,NA,NA,0,0,0.0900207584830339,0.909979241516966
503,"low",FALSE,TRUE,0.033,0.4,0.05,NA,NA,0,0,0.0917816367265469,0.908218363273453
505,"low",FALSE,TRUE,0.033,0.44,0.05,NA,NA,0,0,0.0919245508982036,0.908075449101796
485,"high",TRUE,FALSE,0.165,0.86,0.05,0.3,0.3,0.36682255489022,0.500671649713397,0.41516626746507,0.218011177644711
504,"low",FALSE,TRUE,0.033,0.42,0.05,NA,NA,0,0,0.0900127744510978,0.909987225548902
506,"low",FALSE,TRUE,0.033,0.46,0.05,NA,NA,0,0,0.0895748502994012,0.910425149700599
508,"low",FALSE,TRUE,0.033,0.5,0.05,NA,NA,0,0,0.0910584830339321,0.908941516966068
507,"low",FALSE,TRUE,0.033,0.48,0.05,NA,NA,0,0,0.0927061876247505,0.90729381237525
510,"low",FALSE,TRUE,0.033,0.54,0.05,NA,NA,0,0,0.0904491017964072,0.909550898203593
509,"low",FALSE,TRUE,0.033,0.52,0.05,NA,NA,0,0,0.0889884231536926,0.911011576846307
517,"low",FALSE,TRUE,0.033,0.68,0.05,NA,NA,0,0,0.0901425149700599,0.90985748502994
511,"low",FALSE,TRUE,0.033,0.56,0.05,NA,NA,0,0,0.0901199600798403,0.90988003992016
512,"low",FALSE,TRUE,0.033,0.58,0.05,NA,NA,0,0,0.0897818363273453,0.910218163672655
513,"low",FALSE,TRUE,0.033,0.6,0.05,NA,NA,0,0,0.0904960079840319,0.909503992015968
440,"high",TRUE,FALSE,0.099,0.78,0.05,0.2,0.2,0.585956686626746,0.639667523132794,0.331316966067864,0.0827263473053892
486,"high",TRUE,FALSE,0.165,0.88,0.05,0.3,0.3,0.413720758483034,0.522984217325469,0.411067864271457,0.175211377245509
515,"low",FALSE,TRUE,0.033,0.64,0.05,NA,NA,0,0,0.090672255489022,0.909327744510978
514,"low",FALSE,TRUE,0.033,0.62,0.05,NA,NA,0,0,0.0915339321357285,0.908466067864271
516,"low",FALSE,TRUE,0.033,0.66,0.05,NA,NA,0,0,0.0905798403193613,0.909420159680639
441,"high",TRUE,FALSE,0.099,0.8,0.05,0.2,0.2,0.603774850299401,0.651500164986198,0.319923952095808,0.0763011976047904
518,"low",FALSE,TRUE,0.033,0.7,0.05,NA,NA,0,0,0.0918239520958084,0.908176047904192
436,"high",TRUE,FALSE,0.099,0.7,0.05,0.2,0.2,0.518686826347305,0.591784181354538,0.368673053892216,0.112640119760479
521,"low",FALSE,TRUE,0.033,0.76,0.05,NA,NA,0,0,0.0920405189620759,0.907959481037924
487,"high",TRUE,FALSE,0.165,0.9,0.05,0.3,0.3,0.434807984031936,0.535839534918686,0.407542315369261,0.157649700598802
519,"low",FALSE,TRUE,0.033,0.72,0.05,NA,NA,0,0,0.092313373253493,0.907686626746507
520,"low",FALSE,TRUE,0.033,0.74,0.05,NA,NA,0,0,0.0921359281437126,0.907864071856287
522,"low",FALSE,TRUE,0.033,0.78,0.05,NA,NA,0,0,0.0894179640718563,0.910582035928144
523,"low",FALSE,TRUE,0.033,0.8,0.05,NA,NA,0,0,0.0892674650698603,0.91073253493014
525,"low",FALSE,TRUE,0.033,0.84,0.05,NA,NA,0,0,0.0886536926147705,0.91134630738523
524,"low",FALSE,TRUE,0.033,0.82,0.05,NA,NA,0,0,0.0919666666666667,0.908033333333333
526,"low",FALSE,TRUE,0.033,0.86,0.05,NA,NA,0,0,0.0924506986027944,0.907549301397206
528,"low",FALSE,TRUE,0.033,0.9,0.05,NA,NA,0,0,0.0908510978043912,0.909148902195609
527,"low",FALSE,TRUE,0.033,0.88,0.05,NA,NA,0,0,0.0915193612774451,0.908480638722555
533,"low",FALSE,TRUE,0.033,1,0.05,NA,NA,0,0,0.0921824351297405,0.907817564870259
529,"low",FALSE,TRUE,0.033,0.92,0.05,NA,NA,0,0,0.0898185628742515,0.910181437125749
437,"high",TRUE,FALSE,0.099,0.72,0.05,0.2,0.2,0.540358083832335,0.607022692403462,0.357181037924152,0.102460878243513
530,"low",FALSE,TRUE,0.033,0.94,0.05,NA,NA,0,0,0.090772255489022,0.909227744510978
531,"low",FALSE,TRUE,0.033,0.96,0.05,NA,NA,0,0,0.0894878243512974,0.910512175648703
532,"low",FALSE,TRUE,0.033,0.98,0.05,NA,NA,0,0,0.0892736526946108,0.910726347305389
534,"low",FALSE,TRUE,0.099,0.2,0.05,NA,NA,0,0,0.092012375249501,0.907987624750499
488,"high",TRUE,FALSE,0.165,0.92,0.05,0.3,0.3,0.459188223552894,0.551044048309735,0.398178642714571,0.142633133732535
535,"low",FALSE,TRUE,0.099,0.22,0.05,NA,NA,0,0,0.0902790419161677,0.909720958083832
536,"low",FALSE,TRUE,0.099,0.24,0.05,NA,NA,0,0,0.0913077844311377,0.908692215568862
439,"high",TRUE,FALSE,0.099,0.76,0.05,0.2,0.2,0.57564371257485,0.630645086772439,0.336659680638723,0.0876966067864271
544,"low",FALSE,TRUE,0.099,0.4,0.05,NA,NA,0,0,0.0916353293413174,0.908364670658683
537,"low",FALSE,TRUE,0.099,0.26,0.05,NA,NA,0,0,0.0899181636726547,0.910081836327345
538,"low",FALSE,TRUE,0.099,0.28,0.05,NA,NA,0,0,0.0910497005988024,0.908950299401198
539,"low",FALSE,TRUE,0.099,0.3,0.05,NA,NA,0,0,0.0895213572854291,0.910478642714571
489,"high",TRUE,FALSE,0.165,0.94,0.05,0.3,0.3,0.482103592814371,0.564238962078033,0.389305389221557,0.128591017964072
540,"low",FALSE,TRUE,0.099,0.32,0.05,NA,NA,0,0,0.0916469061876247,0.908353093812375
541,"low",FALSE,TRUE,0.099,0.34,0.05,NA,NA,0,0,0.0909155688622754,0.909084431137725
542,"low",FALSE,TRUE,0.099,0.36,0.05,NA,NA,0,0,0.0903181636726547,0.909681836327345
543,"low",FALSE,TRUE,0.099,0.38,0.05,NA,NA,0,0,0.0920946107784431,0.907905389221557
546,"low",FALSE,TRUE,0.099,0.44,0.05,NA,NA,0,0,0.0911205588822355,0.908879441117764
545,"low",FALSE,TRUE,0.099,0.42,0.05,NA,NA,0,0,0.0908,0.9092
548,"low",FALSE,TRUE,0.099,0.48,0.05,NA,NA,0,0,0.0912309381237525,0.908769061876248
547,"low",FALSE,TRUE,0.099,0.46,0.05,NA,NA,0,0,0.0911421157684631,0.908857884231537
549,"low",FALSE,TRUE,0.099,0.5,0.05,NA,NA,0,0,0.091238123752495,0.908761876247505
550,"low",FALSE,TRUE,0.099,0.52,0.05,NA,NA,0,0,0.0919568862275449,0.908043113772455
551,"low",FALSE,TRUE,0.099,0.54,0.05,NA,NA,0,0,0.0898051896207585,0.910194810379242
555,"low",FALSE,TRUE,0.099,0.62,0.05,NA,NA,0,0,0.0896690618762475,0.910330938123753
552,"low",FALSE,TRUE,0.099,0.56,0.05,NA,NA,0,0,0.0926477045908184,0.907352295409182
553,"low",FALSE,TRUE,0.099,0.58,0.05,NA,NA,0,0,0.089974251497006,0.910025748502994
554,"low",FALSE,TRUE,0.099,0.6,0.05,NA,NA,0,0,0.0925704590818363,0.907429540918164
556,"low",FALSE,TRUE,0.099,0.64,0.05,NA,NA,0,0,0.0902552894211577,0.909744710578842
557,"low",FALSE,TRUE,0.099,0.66,0.05,NA,NA,0,0,0.0900193612774451,0.909980638722555
558,"low",FALSE,TRUE,0.099,0.68,0.05,NA,NA,0,0,0.0909662674650699,0.90903373253493
560,"low",FALSE,TRUE,0.099,0.72,0.05,NA,NA,0,0,0.0910081836327345,0.908991816367265
565,"low",FALSE,TRUE,0.099,0.82,0.05,NA,NA,0,0,0.0906279441117765,0.909372055888224
559,"low",FALSE,TRUE,0.099,0.7,0.05,NA,NA,0,0,0.0914011976047904,0.90859880239521
562,"low",FALSE,TRUE,0.099,0.76,0.05,NA,NA,0,0,0.0918013972055888,0.908198602794411
561,"low",FALSE,TRUE,0.099,0.74,0.05,NA,NA,0,0,0.0909281437125748,0.909071856287425
438,"high",TRUE,FALSE,0.099,0.74,0.05,0.2,0.2,0.558334730538922,0.61889408096281,0.347869061876247,0.0937962075848303
564,"low",FALSE,TRUE,0.099,0.8,0.05,NA,NA,0,0,0.0910489021956088,0.908951097804391
563,"low",FALSE,TRUE,0.099,0.78,0.05,NA,NA,0,0,0.0911173652694611,0.908882634730539
566,"low",FALSE,TRUE,0.099,0.84,0.05,NA,NA,0,0,0.0921443113772455,0.907855688622754
568,"low",FALSE,TRUE,0.099,0.88,0.05,NA,NA,0,0,0.0898676646706587,0.910132335329341
567,"low",FALSE,TRUE,0.099,0.86,0.05,NA,NA,0,0,0.0902928143712575,0.909707185628743
570,"low",FALSE,TRUE,0.099,0.92,0.05,NA,NA,0,0,0.0901101796407186,0.909889820359281
569,"low",FALSE,TRUE,0.099,0.9,0.05,NA,NA,0,0,0.0896457085828343,0.910354291417166
571,"low",FALSE,TRUE,0.099,0.94,0.05,NA,NA,0,0,0.0917720558882236,0.908227944111776
572,"low",FALSE,TRUE,0.099,0.96,0.05,NA,NA,0,0,0.0922964071856287,0.907703592814371
579,"low",FALSE,TRUE,0.165,0.28,0.05,NA,NA,0,0,0.0918694610778443,0.908130538922156
573,"low",FALSE,TRUE,0.099,0.98,0.05,NA,NA,0,0,0.0891976047904192,0.910802395209581
574,"low",FALSE,TRUE,0.099,1,0.05,NA,NA,0,0,0.0906383233532934,0.909361676646707
575,"low",FALSE,TRUE,0.165,0.2,0.05,NA,NA,0,0,0.0905171656686627,0.909482834331337
576,"low",FALSE,TRUE,0.165,0.22,0.05,NA,NA,0,0,0.0903674650698603,0.90963253493014
577,"low",FALSE,TRUE,0.165,0.24,0.05,NA,NA,0,0,0.0922403193612774,0.907759680638723
578,"low",FALSE,TRUE,0.165,0.26,0.05,NA,NA,0,0,0.0897900199600798,0.91020998003992
490,"high",TRUE,FALSE,0.165,0.96,0.05,0.3,0.3,0.494009780439122,0.573647685596526,0.383364670658683,0.122625548902196
580,"low",FALSE,TRUE,0.165,0.3,0.05,NA,NA,0,0,0.0915405189620759,0.908459481037924
581,"low",FALSE,TRUE,0.165,0.32,0.05,NA,NA,0,0,0.0917684630738523,0.908231536926148
582,"low",FALSE,TRUE,0.165,0.34,0.05,NA,NA,0,0,0.0906750499001996,0.9093249500998
584,"low",FALSE,TRUE,0.165,0.38,0.05,NA,NA,0,0,0.09182375249501,0.90817624750499
586,"low",FALSE,TRUE,0.165,0.42,0.05,NA,NA,0,0,0.0905522954091816,0.909447704590818
583,"low",FALSE,TRUE,0.165,0.36,0.05,NA,NA,0,0,0.0939329341317365,0.906067065868263
585,"low",FALSE,TRUE,0.165,0.4,0.05,NA,NA,0,0,0.0906758483033932,0.909324151696607
587,"low",FALSE,TRUE,0.165,0.44,0.05,NA,NA,0,0,0.0911365269461078,0.908863473053892
593,"low",FALSE,TRUE,0.165,0.56,0.05,NA,NA,0,0,0.091713373253493,0.908286626746507
588,"low",FALSE,TRUE,0.165,0.46,0.05,NA,NA,0,0,0.0917293413173653,0.908270658682635
589,"low",FALSE,TRUE,0.165,0.48,0.05,NA,NA,0,0,0.0904111776447106,0.909588822355289
590,"low",FALSE,TRUE,0.165,0.5,0.05,NA,NA,0,0,0.0910119760479042,0.908988023952096
592,"low",FALSE,TRUE,0.165,0.54,0.05,NA,NA,0,0,0.0907225548902196,0.90927744510978
591,"low",FALSE,TRUE,0.165,0.52,0.05,NA,NA,0,0,0.092001996007984,0.907998003992016
594,"low",FALSE,TRUE,0.165,0.58,0.05,NA,NA,0,0,0.0935229540918164,0.906477045908184
595,"low",FALSE,TRUE,0.165,0.6,0.05,NA,NA,0,0,0.0901171656686627,0.909882834331337
491,"high",TRUE,FALSE,0.165,0.98,0.05,0.3,0.3,0.505743912175649,0.581262950669397,0.376816367265469,0.117439720558882
597,"low",FALSE,TRUE,0.165,0.64,0.05,NA,NA,0,0,0.0910928143712575,0.908907185628743
596,"low",FALSE,TRUE,0.165,0.62,0.05,NA,NA,0,0,0.0926532934131737,0.907346706586826
598,"low",FALSE,TRUE,0.165,0.66,0.05,NA,NA,0,0,0.090063872255489,0.909936127744511
599,"low",FALSE,TRUE,0.165,0.68,0.05,NA,NA,0,0,0.0905137724550898,0.90948622754491
609,"low",FALSE,TRUE,0.165,0.88,0.05,NA,NA,0,0,0.0908894211576846,0.909110578842315
600,"low",FALSE,TRUE,0.165,0.7,0.05,NA,NA,0,0,0.0893141716566866,0.910685828343313
601,"low",FALSE,TRUE,0.165,0.72,0.05,NA,NA,0,0,0.0902844311377246,0.909715568862275
602,"low",FALSE,TRUE,0.165,0.74,0.05,NA,NA,0,0,0.0921069860279441,0.907893013972056
605,"low",FALSE,TRUE,0.165,0.8,0.05,NA,NA,0,0,0.0913085828343313,0.908691417165669
603,"low",FALSE,TRUE,0.165,0.76,0.05,NA,NA,0,0,0.0884676646706587,0.911532335329341
604,"low",FALSE,TRUE,0.165,0.78,0.05,NA,NA,0,0,0.0916506986027944,0.908349301397206
606,"low",FALSE,TRUE,0.165,0.82,0.05,NA,NA,0,0,0.0911451097804391,0.908854890219561
607,"low",FALSE,TRUE,0.165,0.84,0.05,NA,NA,0,0,0.0902177644710579,0.909782235528942
608,"low",FALSE,TRUE,0.165,0.86,0.05,NA,NA,0,0,0.0932700598802395,0.90672994011976
610,"low",FALSE,TRUE,0.165,0.9,0.05,NA,NA,0,0,0.0923273453093812,0.907672654690619
611,"low",FALSE,TRUE,0.165,0.92,0.05,NA,NA,0,0,0.089862874251497,0.910137125748503
612,"low",FALSE,TRUE,0.165,0.94,0.05,NA,NA,0,0,0.0901692614770459,0.909830738522954
613,"low",FALSE,TRUE,0.165,0.96,0.05,NA,NA,0,0,0.0908728542914172,0.909127145708583
614,"low",FALSE,TRUE,0.165,0.98,0.05,NA,NA,0,0,0.0906309381237525,0.909369061876248
615,"low",FALSE,TRUE,0.165,1,0.05,NA,NA,0,0,0.0915035928143713,0.908496407185629
622,"high",FALSE,TRUE,0.033,0.32,0.05,NA,NA,0,0,0.0892802395209581,0.910719760479042
616,"high",FALSE,TRUE,0.033,0.2,0.05,NA,NA,0,0,0.0898477045908184,0.910152295409182
618,"high",FALSE,TRUE,0.033,0.24,0.05,NA,NA,0,0,0.0916091816367265,0.908390818363273
620,"high",FALSE,TRUE,0.033,0.28,0.05,NA,NA,0,0,0.0929075848303393,0.907092415169661
619,"high",FALSE,TRUE,0.033,0.26,0.05,NA,NA,0,0,0.0910469061876247,0.908953093812375
617,"high",FALSE,TRUE,0.033,0.22,0.05,NA,NA,0,0,0.0912063872255489,0.908793612774451
621,"high",FALSE,TRUE,0.033,0.3,0.05,NA,NA,0,0,0.091477245508982,0.908522754491018
623,"high",FALSE,TRUE,0.033,0.34,0.05,NA,NA,0,0,0.0898261477045908,0.910173852295409
624,"high",FALSE,TRUE,0.033,0.36,0.05,NA,NA,0,0,0.0901265469061876,0.909873453093812
625,"high",FALSE,TRUE,0.033,0.38,0.05,NA,NA,0,0,0.0906319361277445,0.909368063872255
626,"high",FALSE,TRUE,0.033,0.4,0.05,NA,NA,0,0,0.0900191616766467,0.909980838323353
628,"high",FALSE,TRUE,0.033,0.44,0.05,NA,NA,0,0,0.0895984031936128,0.910401596806387
627,"high",FALSE,TRUE,0.033,0.42,0.05,NA,NA,0,0,0.090278243512974,0.909721756487026
629,"high",FALSE,TRUE,0.033,0.46,0.05,NA,NA,0,0,0.0909864271457086,0.909013572854291
631,"high",FALSE,TRUE,0.033,0.5,0.05,NA,NA,0,0,0.0911413173652695,0.908858682634731
630,"high",FALSE,TRUE,0.033,0.48,0.05,NA,NA,0,0,0.091274251497006,0.908725748502994
492,"high",TRUE,FALSE,0.165,1,0.05,0.3,0.3,0.525507784431138,0.592852989741,0.368568463073852,0.10592375249501
647,"high",FALSE,TRUE,0.033,0.82,0.05,0.0908930661779026,0.13457849572447,0.807006586826347,0.84249998375575,0.163017564870259,0.0299758483033932
650,"high",FALSE,TRUE,0.033,0.88,0.05,0.0898415273405635,0.13927101495416,0.828310578842315,0.858203297118647,0.145953892215569,0.0257355289421158
644,"high",FALSE,TRUE,0.033,0.76,0.05,0.0919177443627514,0.130649385021963,0.787281836327345,0.826698539546995,0.178745309381238,0.0339728542914172
649,"high",FALSE,TRUE,0.033,0.86,0.05,0.0902476140505567,0.137331665545822,0.819931137724551,0.851925479328502,0.152039720558882,0.0280291417165669
652,"high",FALSE,TRUE,0.033,0.92,0.05,0.089343682647514,0.142251396128829,0.838763872255489,0.866224064052936,0.137694211576846,0.0235419161676647
653,"high",FALSE,TRUE,0.033,0.94,0.05,0.0890850127637345,0.144007804907917,0.844324151696607,0.870427749910375,0.133271856287425,0.0224039920159681
651,"high",FALSE,TRUE,0.033,0.9,0.05,0.0896702374550451,0.1404574731629,0.831858283433134,0.861082750497265,0.143009381237525,0.0251323353293413
642,"high",FALSE,TRUE,0.033,0.72,0.05,0.0930482674985717,0.128404447084426,0.766612574850299,0.812638686153664,0.194352295409182,0.039035129740519
648,"high",FALSE,TRUE,0.033,0.84,0.05,0.0905340367093597,0.135916261560868,0.814148902195609,0.847575640327336,0.157603193612774,0.0282479041916168
646,"high",FALSE,TRUE,0.033,0.8,0.05,0.0912618086438928,0.133158978185388,0.799800399201597,0.836771054695435,0.168936926147705,0.0312626746506986
641,"high",FALSE,TRUE,0.033,0.7,0.05,0.0938475704906931,0.126706460502772,0.752657285429142,0.801826017071491,0.204665069860279,0.0426776447105788
640,"high",FALSE,TRUE,0.033,0.68,0.05,0.0943990043156323,0.126482487412946,0.743332135728543,0.796888622316793,0.211490219560878,0.0451776447105788
643,"high",FALSE,TRUE,0.033,0.74,0.05,0.0925395525619234,0.129246317345537,0.775795409181637,0.818715999931621,0.18661497005988,0.037589620758483
645,"high",FALSE,TRUE,0.033,0.78,0.05,0.0915548367688148,0.132024256860096,0.794168063872255,0.832133360648185,0.173167265469062,0.0326646706586826
639,"high",FALSE,TRUE,0.033,0.66,0.05,0.0954214851562946,0.125297541213337,0.726547904191617,0.784866823343136,0.223413572854291,0.0500385229540918
638,"high",FALSE,TRUE,0.033,0.64,0.05,0.095953036969302,0.124376927595795,0.718169061876248,0.777395866408036,0.230165868263473,0.0516650698602794
657,"high",FALSE,TRUE,0.099,0.2,0.05,NA,NA,0,0,0.0914157684630739,0.908584231536926
658,"high",FALSE,TRUE,0.099,0.22,0.05,NA,NA,0,0,0.0892117764471058,0.910788223552894
635,"high",FALSE,TRUE,0.033,0.58,0.05,0.10026503070405,0.123460758593177,0.656572654690619,0.737645737113338,0.271049301397206,0.0723780439121756
659,"high",FALSE,TRUE,0.099,0.24,0.05,NA,NA,0,0,0.0916075848303393,0.908392415169661
637,"high",FALSE,TRUE,0.033,0.62,0.05,0.0973613644137629,0.123935831092847,0.696859081836327,0.764381861961293,0.243765868263473,0.0593750499001996
660,"high",FALSE,TRUE,0.099,0.26,0.05,NA,NA,0,0,0.090749500998004,0.909250499001996
654,"high",FALSE,TRUE,0.033,0.96,0.05,0.0888843246293077,0.145315425584738,0.848660878243513,0.873368655261125,0.129767664670659,0.0215714570858283
656,"high",FALSE,TRUE,0.033,1,0.05,0.0885146223144713,0.14881769738621,0.856824151696607,0.880203273262422,0.123036327345309,0.0201395209580838
661,"high",FALSE,TRUE,0.099,0.28,0.05,NA,NA,0,0,0.0909796407185629,0.909020359281437
662,"high",FALSE,TRUE,0.099,0.3,0.05,NA,NA,0,0,0.0909594810379242,0.909040518962076
636,"high",FALSE,TRUE,0.033,0.6,0.05,0.0988342383448585,0.123540847944514,0.675830339321357,0.750259257640491,0.257597005988024,0.0665726546906188
663,"high",FALSE,TRUE,0.099,0.32,0.05,NA,NA,0,0,0.0909071856287425,0.909092814371257
665,"high",FALSE,TRUE,0.099,0.36,0.05,NA,NA,0,0,0.091184630738523,0.908815369261477
666,"high",FALSE,TRUE,0.099,0.38,0.05,NA,NA,0,0,0.0901966067864271,0.909803393213573
664,"high",FALSE,TRUE,0.099,0.34,0.05,NA,NA,0,0,0.0920385229540918,0.907961477045908
667,"high",FALSE,TRUE,0.099,0.4,0.05,NA,NA,0,0,0.0898748502994012,0.910125149700599
655,"high",FALSE,TRUE,0.033,0.98,0.05,0.0887597582330132,0.146881777800763,0.851420758483034,0.876156084248914,0.127541317365269,0.0210379241516966
668,"high",FALSE,TRUE,0.099,0.42,0.05,NA,NA,0,0,0.0906071856287425,0.909392814371258
669,"high",FALSE,TRUE,0.099,0.44,0.05,NA,NA,0,0,0.0918908183632735,0.908109181636727
678,"high",FALSE,TRUE,0.099,0.62,0.05,NA,NA,0,0,0.0907826347305389,0.909217365269461
670,"high",FALSE,TRUE,0.099,0.46,0.05,NA,NA,0,0,0.0916928143712575,0.908307185628742
671,"high",FALSE,TRUE,0.099,0.48,0.05,NA,NA,0,0,0.0898171656686627,0.910182834331337
672,"high",FALSE,TRUE,0.099,0.5,0.05,NA,NA,0,0,0.0917005988023952,0.908299401197605
673,"high",FALSE,TRUE,0.099,0.52,0.05,NA,NA,0,0,0.0923345309381238,0.907665469061876
674,"high",FALSE,TRUE,0.099,0.54,0.05,NA,NA,0,0,0.0893958083832335,0.910604191616766
675,"high",FALSE,TRUE,0.099,0.56,0.05,NA,NA,0,0,0.09152375249501,0.90847624750499
677,"high",FALSE,TRUE,0.099,0.6,0.05,NA,NA,0,0,0.0922409181636726,0.907759081836327
676,"high",FALSE,TRUE,0.099,0.58,0.05,NA,NA,0,0,0.0912433133732535,0.908756686626746
680,"high",FALSE,TRUE,0.099,0.66,0.05,NA,NA,0,0,0.0903155688622754,0.909684431137725
679,"high",FALSE,TRUE,0.099,0.64,0.05,NA,NA,0,0,0.0905534930139721,0.909446506986028
681,"high",FALSE,TRUE,0.099,0.68,0.05,NA,NA,0,0,0.090999001996008,0.909000998003992
682,"high",FALSE,TRUE,0.099,0.7,0.05,NA,NA,0,0,0.0899241516966068,0.910075848303393
684,"high",FALSE,TRUE,0.099,0.74,0.05,NA,NA,0,0,0.0906674650698603,0.90933253493014
685,"high",FALSE,TRUE,0.099,0.76,0.05,NA,NA,0,0,0.0910017964071856,0.908998203592814
683,"high",FALSE,TRUE,0.099,0.72,0.05,NA,NA,0,0,0.0913295409181637,0.908670459081836
687,"high",FALSE,TRUE,0.099,0.8,0.05,NA,NA,0,0,0.0892998003992016,0.910700199600798
688,"high",FALSE,TRUE,0.099,0.82,0.05,NA,NA,0,0,0.0916566866267465,0.908343313373253
693,"high",FALSE,TRUE,0.099,0.92,0.05,NA,NA,0,0,0.0895960079840319,0.910403992015968
689,"high",FALSE,TRUE,0.099,0.84,0.05,NA,NA,0,0,0.0934910179640719,0.906508982035928
686,"high",FALSE,TRUE,0.099,0.78,0.05,NA,NA,0,0,0.0900946107784431,0.909905389221557
634,"high",FALSE,TRUE,0.033,0.56,0.05,0.102406021850907,0.123799179862417,0.629791616766467,0.721315095244465,0.285157884231537,0.085050499001996
690,"high",FALSE,TRUE,0.099,0.86,0.05,NA,NA,0,0,0.090186626746507,0.909813373253493
692,"high",FALSE,TRUE,0.099,0.9,0.05,NA,NA,0,0,0.091999001996008,0.908000998003992
691,"high",FALSE,TRUE,0.099,0.88,0.05,NA,NA,0,0,0.0914850299401198,0.90851497005988
694,"high",FALSE,TRUE,0.099,0.94,0.05,NA,NA,0,0,0.0917562874251497,0.90824371257485
695,"high",FALSE,TRUE,0.099,0.96,0.05,NA,NA,0,0,0.0892512974051896,0.91074870259481
696,"high",FALSE,TRUE,0.099,0.98,0.05,NA,NA,0,0,0.0897241516966068,0.910275848303393
697,"high",FALSE,TRUE,0.099,1,0.05,NA,NA,0,0,0.0910622754491018,0.908937724550898
698,"high",FALSE,TRUE,0.165,0.2,0.05,NA,NA,0,0,0.0901570858283433,0.909842914171657
699,"high",FALSE,TRUE,0.165,0.22,0.05,NA,NA,0,0,0.0917518962075848,0.908248103792415
700,"high",FALSE,TRUE,0.165,0.24,0.05,NA,NA,0,0,0.0891141716566866,0.910885828343313
708,"high",FALSE,TRUE,0.165,0.4,0.05,NA,NA,0,0,0.0913808383233533,0.908619161676647
702,"high",FALSE,TRUE,0.165,0.28,0.05,NA,NA,0,0,0.0896459081836327,0.910354091816367
701,"high",FALSE,TRUE,0.165,0.26,0.05,NA,NA,0,0,0.0928522954091816,0.907147704590818
703,"high",FALSE,TRUE,0.165,0.3,0.05,NA,NA,0,0,0.0921508982035928,0.907849101796407
705,"high",FALSE,TRUE,0.165,0.34,0.05,NA,NA,0,0,0.0915289421157685,0.908471057884232
704,"high",FALSE,TRUE,0.165,0.32,0.05,NA,NA,0,0,0.0914830339321357,0.908516966067864
706,"high",FALSE,TRUE,0.165,0.36,0.05,NA,NA,0,0,0.0890317365269461,0.910968263473054
707,"high",FALSE,TRUE,0.165,0.38,0.05,NA,NA,0,0,0.0925842315369261,0.907415768463074
709,"high",FALSE,TRUE,0.165,0.42,0.05,NA,NA,0,0,0.0916646706586826,0.908335329341317
710,"high",FALSE,TRUE,0.165,0.44,0.05,NA,NA,0,0,0.0911670658682635,0.908832934131736
711,"high",FALSE,TRUE,0.165,0.46,0.05,NA,NA,0,0,0.0911992015968064,0.908800798403194
716,"high",FALSE,TRUE,0.165,0.56,0.05,NA,NA,0,0,0.0908562874251497,0.90914371257485
712,"high",FALSE,TRUE,0.165,0.48,0.05,NA,NA,0,0,0.0903584830339321,0.909641516966068
713,"high",FALSE,TRUE,0.165,0.5,0.05,NA,NA,0,0,0.0904329341317365,0.909567065868264
715,"high",FALSE,TRUE,0.165,0.54,0.05,NA,NA,0,0,0.0898157684630738,0.910184231536926
714,"high",FALSE,TRUE,0.165,0.52,0.05,NA,NA,0,0,0.0903393213572854,0.909660678642715
718,"high",FALSE,TRUE,0.165,0.6,0.05,NA,NA,0,0,0.0919337325349301,0.90806626746507
717,"high",FALSE,TRUE,0.165,0.58,0.05,NA,NA,0,0,0.0894756487025948,0.910524351297405
720,"high",FALSE,TRUE,0.165,0.64,0.05,NA,NA,0,0,0.0893948103792415,0.910605189620759
719,"high",FALSE,TRUE,0.165,0.62,0.05,NA,NA,0,0,0.0910580838323353,0.908941916167665
722,"high",FALSE,TRUE,0.165,0.68,0.05,NA,NA,0,0,0.0889766467065868,0.911023353293413
721,"high",FALSE,TRUE,0.165,0.66,0.05,NA,NA,0,0,0.0906622754491018,0.909337724550898
723,"high",FALSE,TRUE,0.165,0.7,0.05,NA,NA,0,0,0.0904932135728543,0.909506786427146
725,"high",FALSE,TRUE,0.165,0.74,0.05,NA,NA,0,0,0.089359880239521,0.910640119760479
724,"high",FALSE,TRUE,0.165,0.72,0.05,NA,NA,0,0,0.0886760479041916,0.911323952095808
633,"high",FALSE,TRUE,0.033,0.54,0.05,0.105782947591626,0.125390912790001,0.591688223552894,0.699109986662302,0.307525349301397,0.100786427145709
726,"high",FALSE,TRUE,0.165,0.76,0.05,NA,NA,0,0,0.090559880239521,0.909440119760479
727,"high",FALSE,TRUE,0.165,0.78,0.05,NA,NA,0,0,0.0895784431137725,0.910421556886228
728,"high",FALSE,TRUE,0.165,0.8,0.05,NA,NA,0,0,0.0904902195608782,0.909509780439122
729,"high",FALSE,TRUE,0.165,0.82,0.05,NA,NA,0,0,0.0908636726546906,0.909136327345309
738,"high",FALSE,TRUE,0.165,1,0.05,NA,NA,0,0,0.0893820359281437,0.910617964071856
730,"high",FALSE,TRUE,0.165,0.84,0.05,NA,NA,0,0,0.0909840319361277,0.909015968063872
731,"high",FALSE,TRUE,0.165,0.86,0.05,NA,NA,0,0,0.0905892215568862,0.909410778443114
732,"high",FALSE,TRUE,0.165,0.88,0.05,NA,NA,0,0,0.0924053892215569,0.907594610778443
733,"high",FALSE,TRUE,0.165,0.9,0.05,NA,NA,0,0,0.0925882235528942,0.907411776447106
734,"high",FALSE,TRUE,0.165,0.92,0.05,NA,NA,0,0,0.0902962075848303,0.90970379241517
735,"high",FALSE,TRUE,0.165,0.94,0.05,NA,NA,0,0,0.0894251497005988,0.910574850299401
736,"high",FALSE,TRUE,0.165,0.96,0.05,NA,NA,0,0,0.0913135728542914,0.908686427145709
739,"low",FALSE,FALSE,0.033,0.2,0.05,NA,NA,0,0,0.0888095808383234,0.911190419161677
737,"high",FALSE,TRUE,0.165,0.98,0.05,NA,NA,0,0,0.0909796407185629,0.909020359281437
740,"low",FALSE,FALSE,0.033,0.22,0.05,NA,NA,0,0,0.0922760479041916,0.907723952095808
741,"low",FALSE,FALSE,0.033,0.24,0.05,NA,NA,0,0,0.0905421157684631,0.909457884231537
745,"low",FALSE,FALSE,0.033,0.32,0.05,NA,NA,0,0,0.0908477045908184,0.909152295409182
742,"low",FALSE,FALSE,0.033,0.26,0.05,NA,NA,0,0,0.0914940119760479,0.908505988023952
744,"low",FALSE,FALSE,0.033,0.3,0.05,NA,NA,0,0,0.0896099800399202,0.91039001996008
743,"low",FALSE,FALSE,0.033,0.28,0.05,NA,NA,0,0,0.0920139720558882,0.907986027944112
752,"low",FALSE,FALSE,0.033,0.46,0.05,NA,NA,0,0,0.0904814371257485,0.909518562874251
747,"low",FALSE,FALSE,0.033,0.36,0.05,NA,NA,0,0,0.0901750499001996,0.9098249500998
746,"low",FALSE,FALSE,0.033,0.34,0.05,NA,NA,0,0,0.0909816367265469,0.909018363273453
748,"low",FALSE,FALSE,0.033,0.38,0.05,NA,NA,0,0,0.0898409181636727,0.910159081836327
749,"low",FALSE,FALSE,0.033,0.4,0.05,NA,NA,0,0,0.0902273453093812,0.909772654690619
750,"low",FALSE,FALSE,0.033,0.42,0.05,NA,NA,0,0,0.091750499001996,0.908249500998004
751,"low",FALSE,FALSE,0.033,0.44,0.05,NA,NA,0,0,0.0894880239520958,0.910511976047904
753,"low",FALSE,FALSE,0.033,0.48,0.05,NA,NA,0,0,0.0904477045908184,0.909552295409182
768,"low",FALSE,FALSE,0.033,0.78,0.05,0.0796341559754912,0.113720931494449,0.825382235528942,0.851840369116616,0.149507784431138,0.0251099800399202
771,"low",FALSE,FALSE,0.033,0.84,0.05,0.0754436425151532,0.111583545545525,0.852737924151697,0.872792087204029,0.127163672654691,0.0200984031936128
765,"low",FALSE,FALSE,0.033,0.72,0.05,0.08419655370777,0.116295507802019,0.792958283433134,0.829012491874265,0.174538522954092,0.0325031936127744
775,"low",FALSE,FALSE,0.033,0.92,0.05,0.0716637869527974,0.109638110025673,0.877121556886228,0.891682109149262,0.106928143712575,0.0159502994011976
774,"low",FALSE,FALSE,0.033,0.9,0.05,0.0720621309874624,0.109882030460489,0.874132934131737,0.889687186740604,0.109741916167665,0.0161251497005988
773,"low",FALSE,FALSE,0.033,0.88,0.05,0.0734682957513719,0.110644566274098,0.865296606786427,0.882658747620413,0.116688622754491,0.0180147704590818
772,"low",FALSE,FALSE,0.033,0.86,0.05,0.0745458431779889,0.111105783014554,0.858489021956088,0.877291436924886,0.122036526946108,0.0194744510978044
767,"low",FALSE,FALSE,0.033,0.76,0.05,0.0807485245494358,0.114320585736091,0.817033532934132,0.846248695464306,0.155449301397206,0.0275171656686627
769,"low",FALSE,FALSE,0.033,0.8,0.05,0.0779551505619207,0.112829213427015,0.836399800399202,0.860230352720595,0.140509181636727,0.0230910179640719
764,"low",FALSE,FALSE,0.033,0.7,0.05,0.0866360632723451,0.11749851060442,0.775460878243513,0.81681911451851,0.187943512974052,0.0365956087824351
770,"low",FALSE,FALSE,0.033,0.82,0.05,0.0766628119026788,0.112203818950255,0.84457245508982,0.866677461098278,0.13349500998004,0.0219325349301397
766,"low",FALSE,FALSE,0.033,0.74,0.05,0.0828848096959457,0.115604064218763,0.801858083832335,0.835590565378957,0.167474650698603,0.0306672654690619
763,"low",FALSE,FALSE,0.033,0.68,0.05,0.0887180911312063,0.118666906147604,0.760872854291417,0.806419100575369,0.198674251497006,0.0404528942115768
776,"low",FALSE,FALSE,0.033,0.94,0.05,0.0709586970430568,0.10929190772173,0.881863672654691,0.895202211704179,0.103112574850299,0.01502375249501
761,"low",FALSE,FALSE,0.033,0.64,0.05,0.0937805906078962,0.121671786367,0.722256886227545,0.781120326912428,0.226335928143713,0.0514071856287425
760,"low",FALSE,FALSE,0.033,0.62,0.05,0.09736812402793,0.12359144226419,0.694985229540918,0.763147673318449,0.245300998003992,0.0597137724550898
762,"low",FALSE,FALSE,0.033,0.66,0.05,0.091368018013685,0.120097826801295,0.742206187624751,0.793162529881307,0.212572654690619,0.0452211576846307
632,"high",FALSE,TRUE,0.033,0.52,0.05,0.111156487926197,0.128983371094287,0.539842115768463,0.670495469877963,0.330488023952096,0.129669860279441
780,"low",FALSE,FALSE,0.099,0.2,0.05,NA,NA,0,0,0.0907165668662675,0.909283433133732
781,"low",FALSE,FALSE,0.099,0.22,0.05,NA,NA,0,0,0.0911944111776447,0.908805588822355
782,"low",FALSE,FALSE,0.099,0.24,0.05,NA,NA,0,0,0.092877245508982,0.907122754491018
784,"low",FALSE,FALSE,0.099,0.28,0.05,NA,NA,0,0,0.0907355289421158,0.909264471057884
785,"low",FALSE,FALSE,0.099,0.3,0.05,NA,NA,0,0,0.0901327345309381,0.909867265469062
783,"low",FALSE,FALSE,0.099,0.26,0.05,NA,NA,0,0,0.0914778443113772,0.908522155688623
754,"low",FALSE,FALSE,0.033,0.5,0.05,0.128170920634272,0.143823685378405,0.394242315369261,0.609168496101242,0.354838922155689,0.25091876247505
787,"low",FALSE,FALSE,0.099,0.34,0.05,NA,NA,0,0,0.0906546906187625,0.909345309381237
786,"low",FALSE,FALSE,0.099,0.32,0.05,NA,NA,0,0,0.0916900199600798,0.90830998003992
789,"low",FALSE,FALSE,0.099,0.38,0.05,NA,NA,0,0,0.0911872255489022,0.908812774451098
792,"low",FALSE,FALSE,0.099,0.44,0.05,NA,NA,0,0,0.0906746506986028,0.909325349301397
788,"low",FALSE,FALSE,0.099,0.36,0.05,NA,NA,0,0,0.0900169660678643,0.909983033932136
790,"low",FALSE,FALSE,0.099,0.4,0.05,NA,NA,0,0,0.0902946107784431,0.909705389221557
791,"low",FALSE,FALSE,0.099,0.42,0.05,NA,NA,0,0,0.0900437125748503,0.90995628742515
793,"low",FALSE,FALSE,0.099,0.46,0.05,NA,NA,0,0,0.0891778443113772,0.910822155688623
777,"low",FALSE,FALSE,0.033,0.96,0.05,0.0702310330185343,0.109048838165302,0.885690818363273,0.898845926375181,0.0995900199600798,0.0147191616766467
794,"low",FALSE,FALSE,0.099,0.48,0.05,NA,NA,0,0,0.0913235528942116,0.908676447105788
759,"low",FALSE,FALSE,0.033,0.6,0.05,0.10071799666032,0.125680945887536,0.668130538922156,0.746418567185766,0.262814371257485,0.0690550898203593
795,"low",FALSE,FALSE,0.099,0.5,0.05,NA,NA,0,0,0.0894185628742515,0.910581437125748
804,"low",FALSE,FALSE,0.099,0.68,0.05,NA,NA,0,0,0.0925159680638723,0.907484031936128
779,"low",FALSE,FALSE,0.033,1,0.05,0.0690476172093959,0.108400584465102,0.893629141716567,0.904781116408045,0.0928994011976048,0.0134714570858283
796,"low",FALSE,FALSE,0.099,0.52,0.05,NA,NA,0,0,0.0916600798403194,0.908339920159681
797,"low",FALSE,FALSE,0.099,0.54,0.05,NA,NA,0,0,0.0915411177644711,0.908458882235529
798,"low",FALSE,FALSE,0.099,0.56,0.05,NA,NA,0,0,0.0914928143712575,0.908507185628743
778,"low",FALSE,FALSE,0.033,0.98,0.05,0.0696037463128352,0.10879892567171,0.889752295409182,0.901969150705998,0.0962311377245509,0.0140165668662675
799,"low",FALSE,FALSE,0.099,0.58,0.05,NA,NA,0,0,0.0913738522954092,0.908626147704591
801,"low",FALSE,FALSE,0.099,0.62,0.05,NA,NA,0,0,0.0925205588822355,0.907479441117764
800,"low",FALSE,FALSE,0.099,0.6,0.05,NA,NA,0,0,0.0909822355289421,0.909017764471058
802,"low",FALSE,FALSE,0.099,0.64,0.05,NA,NA,0,0,0.0911538922155689,0.908846107784431
803,"low",FALSE,FALSE,0.099,0.66,0.05,NA,NA,0,0,0.093025748502994,0.906974251497006
805,"low",FALSE,FALSE,0.099,0.7,0.05,NA,NA,0,0,0.0910457085828343,0.908954291417166
807,"low",FALSE,FALSE,0.099,0.74,0.05,NA,NA,0,0,0.090701996007984,0.909298003992016
806,"low",FALSE,FALSE,0.099,0.72,0.05,NA,NA,0,0,0.08957624750499,0.91042375249501
813,"low",FALSE,FALSE,0.099,0.86,0.05,NA,NA,0,0,0.0899508982035928,0.910049101796407
808,"low",FALSE,FALSE,0.099,0.76,0.05,NA,NA,0,0,0.0914574850299401,0.90854251497006
809,"low",FALSE,FALSE,0.099,0.78,0.05,NA,NA,0,0,0.0909570858283433,0.909042914171657
758,"low",FALSE,FALSE,0.033,0.58,0.05,0.104578127541775,0.127852818122527,0.637889620758483,0.727123480955845,0.279941117764471,0.0821692614770459
810,"low",FALSE,FALSE,0.099,0.8,0.05,NA,NA,0,0,0.0896271457085828,0.910372854291417
811,"low",FALSE,FALSE,0.099,0.82,0.05,NA,NA,0,0,0.0921427145708583,0.907857285429142
816,"low",FALSE,FALSE,0.099,0.92,0.05,NA,NA,0,0,0.0897988023952096,0.91020119760479
817,"low",FALSE,FALSE,0.099,0.94,0.05,NA,NA,0,0,0.0928790419161677,0.907120958083832
812,"low",FALSE,FALSE,0.099,0.84,0.05,NA,NA,0,0,0.0920087824351297,0.90799121756487
814,"low",FALSE,FALSE,0.099,0.88,0.05,NA,NA,0,0,0.0924193612774451,0.907580638722555
818,"low",FALSE,FALSE,0.099,0.96,0.05,NA,NA,0,0,0.0893415169660679,0.910658483033932
815,"low",FALSE,FALSE,0.099,0.9,0.05,NA,NA,0,0,0.090435129740519,0.909564870259481
820,"low",FALSE,FALSE,0.099,1,0.05,NA,NA,0,0,0.0917758483033932,0.908224151696607
819,"low",FALSE,FALSE,0.099,0.98,0.05,NA,NA,0,0,0.0909203592814371,0.909079640718563
822,"low",FALSE,FALSE,0.165,0.22,0.05,NA,NA,0,0,0.0910888223552894,0.908911177644711
821,"low",FALSE,FALSE,0.165,0.2,0.05,NA,NA,0,0,0.0919730538922156,0.908026946107784
823,"low",FALSE,FALSE,0.165,0.24,0.05,NA,NA,0,0,0.0917497005988024,0.908250299401198
827,"low",FALSE,FALSE,0.165,0.32,0.05,NA,NA,0,0,0.0907556886227545,0.909244311377245
824,"low",FALSE,FALSE,0.165,0.26,0.05,NA,NA,0,0,0.0912137724550898,0.90878622754491
825,"low",FALSE,FALSE,0.165,0.28,0.05,NA,NA,0,0,0.0902918163672655,0.909708183632735
826,"low",FALSE,FALSE,0.165,0.3,0.05,NA,NA,0,0,0.0909992015968064,0.909000798403194
828,"low",FALSE,FALSE,0.165,0.34,0.05,NA,NA,0,0,0.0903441117764471,0.909655888223553
829,"low",FALSE,FALSE,0.165,0.36,0.05,NA,NA,0,0,0.0915243512974052,0.908475648702595
830,"low",FALSE,FALSE,0.165,0.38,0.05,NA,NA,0,0,0.092412375249501,0.907587624750499
832,"low",FALSE,FALSE,0.165,0.42,0.05,NA,NA,0,0,0.0912011976047904,0.90879880239521
831,"low",FALSE,FALSE,0.165,0.4,0.05,NA,NA,0,0,0.0893275449101796,0.91067245508982
844,"low",FALSE,FALSE,0.165,0.66,0.05,NA,NA,0,0,0.091748502994012,0.908251497005988
834,"low",FALSE,FALSE,0.165,0.46,0.05,NA,NA,0,0,0.0895794411177645,0.910420558882235
833,"low",FALSE,FALSE,0.165,0.44,0.05,NA,NA,0,0,0.0920910179640719,0.907908982035928
837,"low",FALSE,FALSE,0.165,0.52,0.05,NA,NA,0,0,0.0927223552894212,0.907277644710579
835,"low",FALSE,FALSE,0.165,0.48,0.05,NA,NA,0,0,0.0878704590818363,0.912129540918164
836,"low",FALSE,FALSE,0.165,0.5,0.05,NA,NA,0,0,0.089086626746507,0.910913373253493
838,"low",FALSE,FALSE,0.165,0.54,0.05,NA,NA,0,0,0.0907043912175649,0.909295608782435
839,"low",FALSE,FALSE,0.165,0.56,0.05,NA,NA,0,0,0.0942085828343313,0.905791417165669
840,"low",FALSE,FALSE,0.165,0.58,0.05,NA,NA,0,0,0.0921029940119761,0.907897005988024
841,"low",FALSE,FALSE,0.165,0.6,0.05,NA,NA,0,0,0.0911546906187625,0.908845309381238
843,"low",FALSE,FALSE,0.165,0.64,0.05,NA,NA,0,0,0.0907676646706587,0.909232335329341
842,"low",FALSE,FALSE,0.165,0.62,0.05,NA,NA,0,0,0.0898822355289421,0.910117764471058
845,"low",FALSE,FALSE,0.165,0.68,0.05,NA,NA,0,0,0.0880684630738523,0.911931536926148
846,"low",FALSE,FALSE,0.165,0.7,0.05,NA,NA,0,0,0.0905179640718563,0.909482035928144
853,"low",FALSE,FALSE,0.165,0.84,0.05,NA,NA,0,0,0.0911508982035928,0.908849101796407
847,"low",FALSE,FALSE,0.165,0.72,0.05,NA,NA,0,0,0.0925978043912176,0.907402195608782
849,"low",FALSE,FALSE,0.165,0.76,0.05,NA,NA,0,0,0.0913704590818363,0.908629540918164
848,"low",FALSE,FALSE,0.165,0.74,0.05,NA,NA,0,0,0.0919159680638723,0.908084031936128
851,"low",FALSE,FALSE,0.165,0.8,0.05,NA,NA,0,0,0.090461876247505,0.909538123752495
850,"low",FALSE,FALSE,0.165,0.78,0.05,NA,NA,0,0,0.0886379241516966,0.911362075848303
852,"low",FALSE,FALSE,0.165,0.82,0.05,NA,NA,0,0,0.0899451097804391,0.910054890219561
854,"low",FALSE,FALSE,0.165,0.86,0.05,NA,NA,0,0,0.0904097804391218,0.909590219560878
856,"low",FALSE,FALSE,0.165,0.9,0.05,NA,NA,0,0,0.0906590818363273,0.909340918163673
855,"low",FALSE,FALSE,0.165,0.88,0.05,NA,NA,0,0,0.0921508982035928,0.907849101796407
858,"low",FALSE,FALSE,0.165,0.94,0.05,NA,NA,0,0,0.0904988023952096,0.90950119760479
857,"low",FALSE,FALSE,0.165,0.92,0.05,NA,NA,0,0,0.0898335329341317,0.910166467065868
859,"low",FALSE,FALSE,0.165,0.96,0.05,NA,NA,0,0,0.0899702594810379,0.910029740518962
860,"low",FALSE,FALSE,0.165,0.98,0.05,NA,NA,0,0,0.0901596806387226,0.909840319361277
861,"low",FALSE,FALSE,0.165,1,0.05,NA,NA,0,0,0.0918862275449102,0.90811377245509
757,"low",FALSE,FALSE,0.033,0.56,0.05,0.110203987999601,0.13137402597653,0.587105389221557,0.698977424453995,0.307819161676647,0.105075449101796
863,"high",FALSE,FALSE,0.033,0.22,0.05,NA,NA,0,0,0.0915586826347305,0.908441317365269
862,"high",FALSE,FALSE,0.033,0.2,0.05,NA,NA,0,0,0.0899091816367266,0.910090818363273
864,"high",FALSE,FALSE,0.033,0.24,0.05,NA,NA,0,0,0.0909770459081836,0.909022954091816
867,"high",FALSE,FALSE,0.033,0.3,0.05,NA,NA,0,0,0.0919826347305389,0.908017365269461
865,"high",FALSE,FALSE,0.033,0.26,0.05,NA,NA,0,0,0.0933147704590818,0.906685229540918
873,"high",FALSE,FALSE,0.033,0.42,0.05,NA,NA,0,0,0.0890700598802395,0.91092994011976
866,"high",FALSE,FALSE,0.033,0.28,0.05,NA,NA,0,0,0.0887518962075848,0.911248103792415
868,"high",FALSE,FALSE,0.033,0.32,0.05,NA,NA,0,0,0.0901323353293413,0.909867664670659
869,"high",FALSE,FALSE,0.033,0.34,0.05,NA,NA,0,0,0.090063872255489,0.909936127744511
871,"high",FALSE,FALSE,0.033,0.38,0.05,NA,NA,0,0,0.0925960079840319,0.907403992015968
870,"high",FALSE,FALSE,0.033,0.36,0.05,NA,NA,0,0,0.0935357285429142,0.906464271457086
872,"high",FALSE,FALSE,0.033,0.4,0.05,NA,NA,0,0,0.0909147704590818,0.909085229540918
874,"high",FALSE,FALSE,0.033,0.44,0.05,NA,NA,0,0,0.0899688622754491,0.910031137724551
875,"high",FALSE,FALSE,0.033,0.46,0.05,NA,NA,0,0,0.0904724550898204,0.90952754491018
876,"high",FALSE,FALSE,0.033,0.48,0.05,0.139844149864754,0.15210774876582,0.190311177644711,0.550785263033498,0.274886027944112,0.534802794411178
755,"low",FALSE,FALSE,0.033,0.52,0.05,0.121457850315907,0.138792266811881,0.481901996007984,0.642705352911197,0.346322355289421,0.171775648702595
897,"high",FALSE,FALSE,0.033,0.9,0.05,0.0727436761095474,0.110226176606724,0.870297804391218,0.886272299661874,0.112398602794411,0.0173035928143713
888,"high",FALSE,FALSE,0.033,0.72,0.05,0.0844887089142675,0.116416838959131,0.789810179640719,0.827557676801447,0.176759481037924,0.0334303393213573
892,"high",FALSE,FALSE,0.033,0.8,0.05,0.0778195153893409,0.112791580959938,0.837066067864271,0.860902705375972,0.139687624750499,0.0232463073852295
889,"high",FALSE,FALSE,0.033,0.74,0.05,0.0819495931864036,0.114900193299612,0.809694011976048,0.840279646356561,0.161860079840319,0.0284459081836327
894,"high",FALSE,FALSE,0.033,0.84,0.05,0.0752585959523548,0.111635609337644,0.85308123752495,0.873701018067021,0.126350698602794,0.0205680638722555
895,"high",FALSE,FALSE,0.033,0.86,0.05,0.0745867436468528,0.111051964286967,0.85839500998004,0.877081551772171,0.122470459081836,0.0191345309381238
896,"high",FALSE,FALSE,0.033,0.88,0.05,0.0733672411339177,0.110396049221428,0.866574451097804,0.883160972964206,0.115775449101796,0.0176500998003992
893,"high",FALSE,FALSE,0.033,0.82,0.05,0.0763305160366157,0.112108328291868,0.846068862275449,0.868347501042192,0.132446107784431,0.0214850299401198
891,"high",FALSE,FALSE,0.033,0.78,0.05,0.0791244679700981,0.113550334075692,0.827655888223553,0.854377851061257,0.147012375249501,0.0253317365269461
890,"high",FALSE,FALSE,0.033,0.76,0.05,0.0805266351118512,0.114308651782004,0.81860379241517,0.847388338586416,0.154217564870259,0.0271786427145709
887,"high",FALSE,FALSE,0.033,0.7,0.05,0.0857474371001914,0.117050859040209,0.782520159680639,0.821283569928048,0.182703992015968,0.0347758483033932
886,"high",FALSE,FALSE,0.033,0.68,0.05,0.0880618056947446,0.118306127968855,0.76540119760479,0.809681417493917,0.195143113772455,0.0394556886227545
885,"high",FALSE,FALSE,0.033,0.66,0.05,0.0908854664419145,0.119914846440632,0.746444510978044,0.795596136583084,0.209848103792415,0.0437073852295409
898,"high",FALSE,FALSE,0.033,0.92,0.05,0.0717649556515508,0.109691569921572,0.876510978043912,0.891172724068617,0.107574051896208,0.0159149700598802
883,"high",FALSE,FALSE,0.033,0.62,0.05,0.0973652230898759,0.12370754954222,0.694092415169661,0.763183197606327,0.246026147704591,0.0598814371257485
884,"high",FALSE,FALSE,0.033,0.64,0.05,0.0937964486804239,0.12162340186437,0.722137125748503,0.781005687483022,0.227033133732535,0.0508297405189621
877,"high",FALSE,FALSE,0.033,0.5,0.05,0.12842015551385,0.143641266156353,0.40106626746507,0.607906420826815,0.355375848303393,0.243557884231537
908,"high",FALSE,FALSE,0.099,0.3,0.05,NA,NA,0,0,0.0920203592814371,0.907979640718563
904,"high",FALSE,FALSE,0.099,0.22,0.05,NA,NA,0,0,0.0895832335329341,0.910416766467066
903,"high",FALSE,FALSE,0.099,0.2,0.05,NA,NA,0,0,0.0907493013972056,0.909250698602794
905,"high",FALSE,FALSE,0.099,0.24,0.05,NA,NA,0,0,0.0917429141716567,0.908257085828343
907,"high",FALSE,FALSE,0.099,0.28,0.05,NA,NA,0,0,0.0909213572854291,0.909078642714571
906,"high",FALSE,FALSE,0.099,0.26,0.05,NA,NA,0,0,0.0919526946107784,0.908047305389222
909,"high",FALSE,FALSE,0.099,0.32,0.05,NA,NA,0,0,0.0905487025948104,0.90945129740519
756,"low",FALSE,FALSE,0.033,0.54,0.05,0.113754645899668,0.133823990300693,0.555128542914172,0.681192065816401,0.323006786427146,0.121864670658683
910,"high",FALSE,FALSE,0.099,0.34,0.05,NA,NA,0,0,0.0906996007984032,0.909300399201597
911,"high",FALSE,FALSE,0.099,0.36,0.05,NA,NA,0,0,0.0927718562874252,0.907228143712575
882,"high",FALSE,FALSE,0.033,0.6,0.05,0.101212092549631,0.125918624689047,0.663776646706587,0.743908797498414,0.264282435129741,0.0719409181636727
899,"high",FALSE,FALSE,0.033,0.94,0.05,0.0710095417741151,0.109265971341045,0.881192814371258,0.894959938781888,0.103421956087824,0.0153852295409182
912,"high",FALSE,FALSE,0.099,0.38,0.05,NA,NA,0,0,0.0923786427145709,0.907621357285429
916,"high",FALSE,FALSE,0.099,0.46,0.05,NA,NA,0,0,0.0892672654690619,0.910732734530938
913,"high",FALSE,FALSE,0.099,0.4,0.05,NA,NA,0,0,0.0895221556886227,0.910477844311377
914,"high",FALSE,FALSE,0.099,0.42,0.05,NA,NA,0,0,0.0904540918163673,0.909545908183633
915,"high",FALSE,FALSE,0.099,0.44,0.05,NA,NA,0,0,0.0921684630738523,0.907831536926148
900,"high",FALSE,FALSE,0.033,0.96,0.05,0.0701998134109269,0.108960096139158,0.8862624750499,0.898996210053951,0.0990574850299401,0.0146800399201597
901,"high",FALSE,FALSE,0.033,0.98,0.05,0.0695693322634358,0.108628370297469,0.890038123752495,0.902149973529498,0.0961035928143713,0.0138582834331337
902,"high",FALSE,FALSE,0.033,1,0.05,0.0688492623647015,0.108306844355192,0.894368263473054,0.905778360634192,0.092015369261477,0.0136163672654691
919,"high",FALSE,FALSE,0.099,0.52,0.05,NA,NA,0,0,0.0908083832335329,0.909191616766467
917,"high",FALSE,FALSE,0.099,0.48,0.05,NA,NA,0,0,0.0921223552894212,0.907877644710579
918,"high",FALSE,FALSE,0.099,0.5,0.05,NA,NA,0,0,0.0926922155688623,0.907307784431138
920,"high",FALSE,FALSE,0.099,0.54,0.05,NA,NA,0,0,0.0903812375249501,0.90961876247505
921,"high",FALSE,FALSE,0.099,0.56,0.05,NA,NA,0,0,0.0916848303393214,0.908315169660679
929,"high",FALSE,FALSE,0.099,0.72,0.05,NA,NA,0,0,0.0905315369261477,0.909468463073852
922,"high",FALSE,FALSE,0.099,0.58,0.05,NA,NA,0,0,0.0927900199600798,0.90720998003992
923,"high",FALSE,FALSE,0.099,0.6,0.05,NA,NA,0,0,0.0901025948103792,0.909897405189621
924,"high",FALSE,FALSE,0.099,0.62,0.05,NA,NA,0,0,0.0914287425149701,0.90857125748503
881,"high",FALSE,FALSE,0.033,0.58,0.05,0.104656222802559,0.127977055897107,0.635182235528942,0.726691263731283,0.281208982035928,0.0836087824351297
925,"high",FALSE,FALSE,0.099,0.64,0.05,NA,NA,0,0,0.0928844311377246,0.907115568862275
926,"high",FALSE,FALSE,0.099,0.66,0.05,NA,NA,0,0,0.0894469061876248,0.910553093812375
928,"high",FALSE,FALSE,0.099,0.7,0.05,NA,NA,0,0,0.090199001996008,0.909800998003992
927,"high",FALSE,FALSE,0.099,0.68,0.05,NA,NA,0,0,0.0908564870259481,0.909143512974052
930,"high",FALSE,FALSE,0.099,0.74,0.05,NA,NA,0,0,0.0885423153692615,0.911457684630739
932,"high",FALSE,FALSE,0.099,0.78,0.05,NA,NA,0,0,0.0917826347305389,0.908217365269461
931,"high",FALSE,FALSE,0.099,0.76,0.05,NA,NA,0,0,0.0911209580838323,0.908879041916168
933,"high",FALSE,FALSE,0.099,0.8,0.05,NA,NA,0,0,0.0909003992015968,0.909099600798403
937,"high",FALSE,FALSE,0.099,0.88,0.05,NA,NA,0,0,0.0899187624750499,0.91008123752495
934,"high",FALSE,FALSE,0.099,0.82,0.05,NA,NA,0,0,0.0914397205588822,0.908560279441118
935,"high",FALSE,FALSE,0.099,0.84,0.05,NA,NA,0,0,0.0900005988023952,0.909999401197605
936,"high",FALSE,FALSE,0.099,0.86,0.05,NA,NA,0,0,0.0900520958083832,0.909947904191617
938,"high",FALSE,FALSE,0.099,0.9,0.05,NA,NA,0,0,0.0883057884231537,0.911694211576846
939,"high",FALSE,FALSE,0.099,0.92,0.05,NA,NA,0,0,0.0906417165668663,0.909358283433134
940,"high",FALSE,FALSE,0.099,0.94,0.05,NA,NA,0,0,0.0908223552894212,0.909177644710579
941,"high",FALSE,FALSE,0.099,0.96,0.05,NA,NA,0,0,0.0910287425149701,0.90897125748503
945,"high",FALSE,FALSE,0.165,0.22,0.05,NA,NA,0,0,0.0914776447105788,0.908522355289421
942,"high",FALSE,FALSE,0.099,0.98,0.05,NA,NA,0,0,0.0921960079840319,0.907803992015968
943,"high",FALSE,FALSE,0.099,1,0.05,NA,NA,0,0,0.0896898203592814,0.910310179640719
944,"high",FALSE,FALSE,0.165,0.2,0.05,NA,NA,0,0,0.0905053892215569,0.909494610778443
946,"high",FALSE,FALSE,0.165,0.24,0.05,NA,NA,0,0,0.0893996007984032,0.910600399201597
947,"high",FALSE,FALSE,0.165,0.26,0.05,NA,NA,0,0,0.0898658682634731,0.910134131736527
948,"high",FALSE,FALSE,0.165,0.28,0.05,NA,NA,0,0,0.0910974051896208,0.908902594810379
950,"high",FALSE,FALSE,0.165,0.32,0.05,NA,NA,0,0,0.0898770459081836,0.910122954091816
949,"high",FALSE,FALSE,0.165,0.3,0.05,NA,NA,0,0,0.0931936127744511,0.906806387225549
951,"high",FALSE,FALSE,0.165,0.34,0.05,NA,NA,0,0,0.0925265469061876,0.907473453093812
953,"high",FALSE,FALSE,0.165,0.38,0.05,NA,NA,0,0,0.0916978043912176,0.908302195608782
955,"high",FALSE,FALSE,0.165,0.42,0.05,NA,NA,0,0,0.092535129740519,0.907464870259481
962,"high",FALSE,FALSE,0.165,0.56,0.05,NA,NA,0,0,0.0911982035928144,0.908801796407186
954,"high",FALSE,FALSE,0.165,0.4,0.05,NA,NA,0,0,0.0897487025948104,0.91025129740519
952,"high",FALSE,FALSE,0.165,0.36,0.05,NA,NA,0,0,0.0897740518962076,0.910225948103792
957,"high",FALSE,FALSE,0.165,0.46,0.05,NA,NA,0,0,0.0918578842315369,0.908142115768463
956,"high",FALSE,FALSE,0.165,0.44,0.05,NA,NA,0,0,0.0889265469061876,0.911073453093812
958,"high",FALSE,FALSE,0.165,0.48,0.05,NA,NA,0,0,0.0910668662674651,0.908933133732535
959,"high",FALSE,FALSE,0.165,0.5,0.05,NA,NA,0,0,0.0915419161676647,0.908458083832335
880,"high",FALSE,FALSE,0.033,0.56,0.05,0.108931506976992,0.130806503987183,0.59730119760479,0.705329118642184,0.302104590818363,0.100594211576846
960,"high",FALSE,FALSE,0.165,0.52,0.05,NA,NA,0,0,0.0910636726546906,0.908936327345309
961,"high",FALSE,FALSE,0.165,0.54,0.05,NA,NA,0,0,0.0899069860279441,0.910093013972056
963,"high",FALSE,FALSE,0.165,0.58,0.05,NA,NA,0,0,0.0926341317365269,0.907365868263473
964,"high",FALSE,FALSE,0.165,0.6,0.05,NA,NA,0,0,0.0908878243512974,0.909112175648703
965,"high",FALSE,FALSE,0.165,0.62,0.05,NA,NA,0,0,0.0916804391217565,0.908319560878244
974,"high",FALSE,FALSE,0.165,0.8,0.05,NA,NA,0,0,0.0922936127744511,0.907706387225549
878,"high",FALSE,FALSE,0.033,0.52,0.05,0.121472249740772,0.139015063552407,0.468297205588822,0.642645461202136,0.345416367265469,0.186286427145709
966,"high",FALSE,FALSE,0.165,0.64,0.05,NA,NA,0,0,0.0917820359281437,0.908217964071856
968,"high",FALSE,FALSE,0.165,0.68,0.05,NA,NA,0,0,0.089827744510978,0.910172255489022
967,"high",FALSE,FALSE,0.165,0.66,0.05,NA,NA,0,0,0.0901345309381237,0.909865469061876
969,"high",FALSE,FALSE,0.165,0.7,0.05,NA,NA,0,0,0.0905131736526946,0.909486826347305
975,"high",FALSE,FALSE,0.165,0.82,0.05,NA,NA,0,0,0.0902620758483034,0.909737924151697
971,"high",FALSE,FALSE,0.165,0.74,0.05,NA,NA,0,0,0.0904477045908184,0.909552295409182
970,"high",FALSE,FALSE,0.165,0.72,0.05,NA,NA,0,0,0.0915317365269461,0.908468263473054
972,"high",FALSE,FALSE,0.165,0.76,0.05,NA,NA,0,0,0.0914185628742515,0.908581437125748
973,"high",FALSE,FALSE,0.165,0.78,0.05,NA,NA,0,0,0.0888375249500998,0.9111624750499
979,"high",FALSE,FALSE,0.165,0.9,0.05,NA,NA,0,0,0.0916516966067864,0.908348303393214
977,"high",FALSE,FALSE,0.165,0.86,0.05,NA,NA,0,0,0.0903838323353293,0.909616167664671
976,"high",FALSE,FALSE,0.165,0.84,0.05,NA,NA,0,0,0.0927796407185629,0.907220359281437
978,"high",FALSE,FALSE,0.165,0.88,0.05,NA,NA,0,0,0.089227744510978,0.910772255489022
980,"high",FALSE,FALSE,0.165,0.92,0.05,NA,NA,0,0,0.0907750499001996,0.9092249500998
981,"high",FALSE,FALSE,0.165,0.94,0.05,NA,NA,0,0,0.0886532934131737,0.911346706586826
983,"high",FALSE,FALSE,0.165,0.98,0.05,NA,NA,0,0,0.0910061876247505,0.908993812375249
982,"high",FALSE,FALSE,0.165,0.96,0.05,NA,NA,0,0,0.0915808383233533,0.908419161676647
984,"high",FALSE,FALSE,0.165,1,0.05,NA,NA,0,0,0.0920159680638723,0.907984031936128
879,"high",FALSE,FALSE,0.033,0.54,0.05,0.113909594072836,0.13382638909762,0.553124151696607,0.680443416460055,0.324165868263473,0.12270998003992
