"ID","starting","grazing","environmt","rho_plus","rho_plus_ungrazed","q_plus","q_plus_ungrazed","rho_zero","rho_minus"
9,"low",0.05,0.232160804020101,0.129739720558882,0.466489421157685,0.453702605942013,0.561149853038862,0.243170459081836,0.627089820359281
21,"low",0.05,0.280402010050251,0.362272255489022,0.583833133732535,0.550052533153315,0.644949804374475,0.364578043912176,0.273149700598802
15,"low",0.05,0.256281407035176,0.267051497005988,0.519279041916168,0.505607022365194,0.598353167842707,0.331185628742515,0.401762874251497
22,"low",0.05,0.284422110552764,0.379817165668663,0.581958483033932,0.547111021571538,0.638719076445038,0.372744910179641,0.247437924151697
17,"low",0.05,0.264321608040201,0.319299800399202,0.548141317365269,0.535517367783475,0.610486603838816,0.350781636726547,0.329918562874251
12,"low",0.05,0.244221105527638,0.22225628742515,0.488139720558882,0.484717907806808,0.575906260952476,0.317334930139721,0.46040878243513
3,"low",0.05,0.208040201005025,0.0257437125748503,0.384554890219561,0.37622920000387,0.522009475038017,0.122721756487026,0.851534530938124
2,"low",0.05,0.204020100502513,0.0352774451097804,0.367063473053892,0.468642554318865,0.506902995497775,0.131474650698603,0.833247904191617
20,"low",0.05,0.276381909547739,0.359247105788423,0.574704191616766,0.534541729620859,0.635747167687843,0.372056686626747,0.26869620758483
23,"low",0.05,0.288442211055276,0.39071377245509,0.599393213572854,0.555118543006804,0.650638457192282,0.371279840319361,0.238006387225549
6,"low",0.05,0.220100502512563,0.0519776447105788,0.418514171656687,0.426136357502726,0.532635513398429,0.155433133732535,0.792589221556886
7,"low",0.05,0.224120603015075,0.115493013972056,0.427693413173653,0.454892990462537,0.540796335760061,0.222325748502994,0.66218123752495
19,"low",0.05,0.272361809045226,0.336126946107784,0.550557285429142,0.527699896545263,0.622595871904918,0.359429141716567,0.304443912175649
10,"low",0.05,0.236180904522613,0.176870259481038,0.474533333333333,0.492977344573137,0.578009104296899,0.274994810379242,0.548134930139721
4,"low",0.05,0.212060301507538,0.0638882235528942,0.395425149700599,0.429972733403605,0.52584348589004,0.175066666666667,0.761045109780439
13,"low",0.05,0.248241206030151,0.210926147704591,0.499397205588822,0.492729830533553,0.591739219637993,0.302665868263473,0.486407984031936
8,"low",0.05,0.228140703517588,0.112966067864271,0.438373652694611,0.452752370233148,0.550888813591548,0.220522155688623,0.666511776447106
16,"low",0.05,0.260301507537688,0.285622355289421,0.527524151696607,0.517603515019762,0.601841125552028,0.350186826347305,0.364190818363273
5,"low",0.05,0.21608040201005,0.0472063872255489,0.39305628742515,0.445820132009536,0.51955443475288,0.151994411177645,0.800799201596806
18,"low",0.05,0.268341708542714,0.319123353293413,0.552292215568862,0.519332039484369,0.617629442840156,0.358498203592814,0.322378443113772
1,"low",0.05,0.2,0.0188263473053892,0.332980439121757,0.399858032978552,0.501495929098095,0.115756487025948,0.865417165668663
11,"low",0.05,0.240201005025126,0.171396407185629,0.48237125748503,0.468791774795377,0.581612086425541,0.276130139720559,0.552473453093812
14,"low",0.05,0.252261306532663,0.236059880239521,0.519539321357285,0.510067635745596,0.606626532897627,0.309540119760479,0.4544
24,"low",0.05,0.292462311557789,0.413498602794411,0.586451896207585,0.571800340260025,0.643466324684432,0.365377245508982,0.221124151696607
27,"low",0.05,0.304522613065327,0.447621556886228,0.61999121756487,0.595522172568141,0.665780006743019,0.36027624750499,0.192102195608782
28,"low",0.05,0.308542713567839,0.479324550898204,0.63364630738523,0.594753374934081,0.680917669521917,0.368234730538922,0.152440718562874
25,"low",0.05,0.296482412060302,0.422736127744511,0.618347305389222,0.567085712610492,0.66644869498949,0.374673852295409,0.20259001996008
26,"low",0.05,0.300502512562814,0.436630738522954,0.620746506986028,0.587749833338273,0.668598643501372,0.364283433133733,0.199085828343313
38,"low",0.05,0.348743718592965,0.565796407185629,0.69292375249501,0.65013660176207,0.72015226453657,0.329320558882236,0.104883033932136
31,"low",0.05,0.320603015075377,0.496463073852295,0.668093413173653,0.616891556936275,0.705323999810828,0.354901397205589,0.148635528942116
30,"low",0.05,0.316582914572864,0.475645508982036,0.646348902195609,0.601554938593965,0.684478413163546,0.361417165668663,0.162937325349301
37,"low",0.05,0.344723618090452,0.540889421157685,0.683848303393214,0.638278905084576,0.716023079397919,0.336261876247505,0.12284870259481
35,"low",0.05,0.336683417085427,0.533421956087824,0.668185229540918,0.634549441068467,0.703785415811688,0.339052295409182,0.127525748502994
33,"low",0.05,0.328643216080402,0.499749301397206,0.667016367265469,0.616416086189156,0.706258229585771,0.352327345309381,0.147923353293413
34,"low",0.05,0.332663316582915,0.538126147704591,0.671663073852295,0.63467674899446,0.706897474782172,0.343201596806387,0.118672255489022
36,"low",0.05,0.34070351758794,0.56060119760479,0.684263473053892,0.649497280827526,0.718983781255378,0.330236327345309,0.1091624750499
32,"low",0.05,0.324623115577889,0.517203992015968,0.655176846307385,0.626175452234908,0.689972139628334,0.346732135728543,0.136063872255489
29,"low",0.05,0.312562814070352,0.468257085828343,0.646689021956088,0.596906556528121,0.687809294745678,0.355187225548902,0.176555688622755
40,"low",0.05,0.35678391959799,0.588154890219561,0.70232255489022,0.669798588483006,0.733549703328033,0.311945708582834,0.0998994011976048
39,"low",0.05,0.352763819095477,0.580571656686627,0.699952095808383,0.665378557589592,0.727330715772205,0.31601756487026,0.103410778443114
45,"low",0.05,0.376884422110553,0.61642874251497,0.726131736526946,0.688367425542667,0.750350903439409,0.298856686626747,0.0847145708582834
41,"low",0.05,0.360804020100503,0.614536526946108,0.712631536926148,0.682824759854763,0.74188781837308,0.30269381237525,0.0827696606786427
43,"low",0.05,0.368844221105528,0.613172055888224,0.721823552894212,0.684914320231443,0.744279045243785,0.302612375249501,0.0842155688622755
42,"low",0.05,0.364824120603015,0.607386826347305,0.708530938123752,0.682439627799648,0.734153733558385,0.303428343313373,0.0891848303393214
44,"low",0.05,0.37286432160804,0.619787624750499,0.72274251497006,0.68733096726638,0.748928265163692,0.299143313373254,0.0810690618762475
46,"low",0.05,0.380904522613065,0.629629540918164,0.737731736526946,0.69295809652061,0.759771040026208,0.292498203592814,0.0778722554890219
48,"low",0.05,0.388944723618091,0.632360079840319,0.741860279441118,0.695140460806673,0.765096715014094,0.290324151696607,0.0773157684630739
49,"low",0.05,0.392964824120603,0.649455489021956,0.743419560878243,0.709806277547107,0.765212788811387,0.280307385229541,0.070237125748503
52,"low",0.05,0.405025125628141,0.678019161676647,0.752856686626747,0.730032407941155,0.772947098057451,0.260528542914172,0.0614522954091816
50,"low",0.05,0.396984924623116,0.66538123752495,0.753437924151697,0.718809630435644,0.773080610201522,0.270026347305389,0.0645924151696607
51,"low",0.05,0.401005025125628,0.664825548902196,0.749015568862275,0.721682282856697,0.769604483650052,0.267773253493014,0.0674011976047904
53,"low",0.05,0.409045226130653,0.684213972055888,0.762173253493014,0.731668763544645,0.780038052823173,0.258831137724551,0.0569548902195609
55,"low",0.05,0.417085427135678,0.692991616766467,0.770567664670659,0.743105324190143,0.786813810337942,0.24935249500998,0.0576558882235529
56,"low",0.05,0.421105527638191,0.692312175648703,0.77220998003992,0.736434962191405,0.790018596390769,0.255013972055888,0.0526738522954092
57,"low",0.05,0.425125628140704,0.699996007984032,0.776026347305389,0.745867303222354,0.792602265928966,0.24462994011976,0.0553740518962076
58,"low",0.05,0.429145728643216,0.706852694610778,0.772817564870259,0.749994903837225,0.788996345417738,0.242085429141717,0.051061876247505
47,"low",0.05,0.384924623115578,0.653170459081836,0.732155688622754,0.713102259989661,0.755308126378752,0.276556487025948,0.0702730538922156
62,"low",0.05,0.445226130653266,0.719137724550898,0.786931736526946,0.754630520024483,0.803477119735452,0.234027944111776,0.0468343313373253
60,"low",0.05,0.437185929648241,0.715823552894212,0.786752894211577,0.755290235992171,0.800572907615634,0.236541317365269,0.047635129740519
59,"low",0.05,0.433165829145729,0.712911776447106,0.777216766467066,0.75592006052361,0.792964634890364,0.236456686626747,0.0506315369261477
61,"low",0.05,0.441206030150754,0.719788423153693,0.776290618762475,0.762775331654804,0.793265729314402,0.231145708582834,0.0490658682634731
63,"low",0.05,0.449246231155779,0.728675449101796,0.785618363273453,0.768071390164479,0.800236923511946,0.224621157684631,0.0467033932135729
54,"low",0.05,0.413065326633166,0.682219560878244,0.754974051896208,0.730640443925277,0.77347587347692,0.260062275449102,0.0577181636726547
64,"low",0.05,0.453266331658291,0.730759281437126,0.790344111776447,0.765872610406989,0.804454526053486,0.224912574850299,0.0443281437125749
65,"low",0.05,0.457286432160804,0.732490219560878,0.802479840319361,0.768596878615723,0.813718953250186,0.22200878243513,0.045500998003992
66,"low",0.05,0.461306532663317,0.738826347305389,0.797768463073852,0.773518017469262,0.809757295158803,0.217864271457086,0.043309381237525
67,"low",0.05,0.465326633165829,0.754517365269461,0.799960878243513,0.785757420722329,0.813086636554608,0.20750499001996,0.0379776447105788
68,"low",0.05,0.469346733668342,0.750297005988024,0.804859880239521,0.783261740398237,0.815616865429911,0.210795209580838,0.0389077844311377
69,"low",0.05,0.473366834170854,0.755152894211577,0.803357285429142,0.785252380931517,0.816783324853951,0.205386027944112,0.0394610778443114
70,"low",0.05,0.477386934673367,0.759461077844311,0.811029141716567,0.78859976237591,0.82041838943705,0.202847904191617,0.0376910179640719
72,"low",0.05,0.485427135678392,0.759294211576846,0.808652295409182,0.790365331739492,0.819256101093453,0.202938123752495,0.0377676646706587
71,"low",0.05,0.481407035175879,0.76425628742515,0.810395209580838,0.792507196663721,0.82163709361738,0.200740918163673,0.0350027944111776
73,"low",0.05,0.489447236180905,0.763929740518962,0.816124550898204,0.791043860558393,0.826413335737754,0.199264670658683,0.0368055888223553
74,"low",0.05,0.493467336683417,0.764719361277445,0.815901796407186,0.792249156679236,0.826319727065651,0.198743313373253,0.0365373253493014
84,"low",0.05,0.533668341708543,0.800913373253493,0.835382834331337,0.819759783276694,0.84367468314212,0.171188822355289,0.0278978043912176
78,"low",0.05,0.509547738693467,0.784564471057884,0.8220375249501,0.80611724489081,0.832506868932147,0.184442315369261,0.0309932135728543
77,"low",0.05,0.505527638190955,0.786108582834331,0.823981636726547,0.810007584395186,0.83426433499133,0.182677045908184,0.031214371257485
83,"low",0.05,0.52964824120603,0.803479441117764,0.834233133732535,0.823060654335403,0.843631370171658,0.169831536926148,0.0266890219560878
82,"low",0.05,0.525628140703518,0.789828343313373,0.833710978043912,0.810941687272675,0.843053355853028,0.180748902195609,0.029422754491018
81,"low",0.05,0.521608040201005,0.781811576846307,0.833368463073852,0.806682030530132,0.8401680243077,0.185874650698603,0.0323137724550898
79,"low",0.05,0.51356783919598,0.780883033932136,0.826405588822355,0.804499809161909,0.835224264140997,0.186257085828343,0.032859880239521
75,"low",0.05,0.49748743718593,0.770585229540918,0.819800399201597,0.797001191950632,0.829872795046705,0.195382834331337,0.0340319361277445
76,"low",0.05,0.501507537688442,0.77933253493014,0.819021956087824,0.801664141404175,0.828516316086121,0.187592814371257,0.0330746506986028
85,"low",0.05,0.537688442211055,0.803794810379241,0.837768463073852,0.822804506414508,0.845677547905856,0.168794411177645,0.0274107784431138
87,"low",0.05,0.54572864321608,0.804542914171657,0.844752095808383,0.82409013000828,0.852817089966688,0.168471856287425,0.0269852295409182
80,"low",0.05,0.517587939698492,0.795530538922156,0.830459880239521,0.816742970546293,0.839448981937715,0.177030738522954,0.0274387225548902
88,"low",0.05,0.549748743718593,0.811416367265469,0.843683832335329,0.829688926425183,0.850883183534745,0.162135728542914,0.0264479041916168
89,"low",0.05,0.553768844221106,0.806839920159681,0.844233932135729,0.826263173720949,0.851850277669205,0.165500199600798,0.027659880239521
86,"low",0.05,0.541708542713568,0.799557684630739,0.839107385229541,0.819725394580736,0.84691038566578,0.170983632734531,0.0294586826347305
90,"low",0.05,0.557788944723618,0.813117764471058,0.847687824351297,0.83151705220323,0.854122168621049,0.160974850299401,0.0259073852295409
93,"low",0.05,0.569849246231156,0.823328542914172,0.851285429141717,0.839212587838051,0.859860729465928,0.151774850299401,0.0248966067864271
91,"low",0.05,0.561809045226131,0.812336127744511,0.847114570858283,0.831315274239307,0.854170389599834,0.161976047904192,0.0256878243512974
96,"low",0.05,0.581909547738694,0.830016766467066,0.855925748502994,0.844887693043888,0.861571849539928,0.14702754491018,0.0229556886227545
94,"low",0.05,0.573869346733668,0.81907624750499,0.854497405189621,0.836791058233731,0.860718922118493,0.156675449101796,0.0242483033932136
95,"low",0.05,0.577889447236181,0.827924151696607,0.85758003992016,0.843107585849486,0.862735190961436,0.148348902195609,0.0237269461077844
97,"low",0.05,0.585929648241206,0.826737724550898,0.858215568862275,0.841523684363142,0.864376489292375,0.150417564870259,0.0228447105788423
99,"low",0.05,0.593969849246231,0.83364870259481,0.859497804391218,0.847165149545436,0.865343935581057,0.144823153692615,0.0215281437125748
92,"low",0.05,0.565829145728643,0.822814371257485,0.848318562874251,0.838138364422003,0.855133796191249,0.153481836327345,0.0237037924151697
104,"low",0.05,0.614070351758794,0.840443912175649,0.865726147704591,0.854467557819194,0.871593104896348,0.136774451097804,0.0227816367265469
101,"low",0.05,0.602010050251256,0.837875449101796,0.858625149700599,0.853076245202506,0.865533261653344,0.141311776447106,0.0208127744510978
102,"low",0.05,0.606030150753769,0.827660678642715,0.862993213572854,0.844063810448603,0.868683453869791,0.147885828343313,0.0244534930139721
98,"low",0.05,0.589949748743719,0.830015169660679,0.858926147704591,0.846050170237373,0.865077346571453,0.146016766467066,0.0239680638722555
105,"low",0.05,0.618090452261307,0.847221556886228,0.863555289421158,0.859555378908066,0.870586836485513,0.133592814371257,0.019185628742515
100,"low",0.05,0.597989949748744,0.837464271457086,0.858732135728543,0.850830988505639,0.864612234453254,0.142175648702595,0.0203600798403194
108,"low",0.05,0.630150753768844,0.850678642714571,0.871873852295409,0.862663226083289,0.877852452214083,0.129490618762475,0.0198307385229541
103,"low",0.05,0.610050251256282,0.842140518962076,0.868230738522954,0.854676869478842,0.873346067838148,0.1376375249501,0.0202219560878244
106,"low",0.05,0.622110552763819,0.846040718562874,0.864253093812375,0.858922507623827,0.870319656826497,0.13324870259481,0.0207105788423154
110,"low",0.05,0.638190954773869,0.85263872255489,0.869220758483034,0.864566967064482,0.874848320038422,0.128166067864271,0.0191952095808383
107,"low",0.05,0.626130653266332,0.841689421157685,0.871355688622754,0.855525892731454,0.87671428895756,0.137061876247505,0.0212487025948104
111,"low",0.05,0.642211055276382,0.850149301397206,0.878174051896208,0.862303981511422,0.882605105445524,0.129718962075848,0.0201317365269461
109,"low",0.05,0.634170854271357,0.844625948103792,0.868780838323353,0.857442373732129,0.874734288287636,0.134637125748503,0.0207369261477046
113,"low",0.05,0.650251256281407,0.853952095808383,0.876725748502994,0.865058405598602,0.881512359020637,0.127730938123752,0.0183169660678643
114,"low",0.05,0.65427135678392,0.859682235528942,0.880164471057884,0.870187677393273,0.884480012524487,0.12207744510978,0.0182403193612774
115,"low",0.05,0.658291457286432,0.859539321357285,0.880183632734531,0.870059409098778,0.885488067547078,0.12226746506986,0.0181932135728543
116,"low",0.05,0.662311557788945,0.855175249500998,0.880079840319361,0.866709215081649,0.884432157605285,0.125294211576846,0.0195305389221557
112,"low",0.05,0.646231155778894,0.85409500998004,0.875194411177645,0.865259832630203,0.88006973252477,0.127722954091816,0.0181820359281437
117,"low",0.05,0.666331658291457,0.860027944111776,0.880326546906188,0.869628323314551,0.884450745385345,0.121924151696607,0.0180479041916168
119,"low",0.05,0.674371859296482,0.862634730538922,0.886269061876248,0.872328316877674,0.890682551980037,0.11995369261477,0.0174115768463074
118,"low",0.05,0.67035175879397,0.862934930139721,0.883104191616766,0.873179686037802,0.887246800027563,0.120022355289421,0.0170427145708583
120,"low",0.05,0.678391959798995,0.86769500998004,0.883659880239521,0.875762526889072,0.887918447412378,0.116067065868263,0.0162379241516966
126,"low",0.05,0.70251256281407,0.872233932135729,0.891997604790419,0.88017238288251,0.895940097908449,0.112674650698603,0.0150914171656687
128,"low",0.05,0.710552763819096,0.875568862275449,0.893460279441118,0.883890377250083,0.89761392743828,0.108962874251497,0.0154682634730539
122,"low",0.05,0.68643216080402,0.863326147704591,0.886979640718563,0.873197141539542,0.891233981455607,0.119860279441118,0.0168135728542914
124,"low",0.05,0.694472361809045,0.87303872255489,0.887984031936128,0.880801111286645,0.891862288876133,0.112260279441118,0.014700998003992
129,"low",0.05,0.714572864321608,0.875389221556886,0.889891417165669,0.88436509745356,0.893639581733461,0.109417964071856,0.0151928143712575
125,"low",0.05,0.698492462311558,0.870175648702595,0.8879249500998,0.879485716313816,0.8913254523149,0.11267624750499,0.0171481037924152
123,"low",0.05,0.690452261306533,0.866765668662675,0.886970059880239,0.876281939493489,0.890479150024167,0.116554890219561,0.0166794411177645
131,"low",0.05,0.722613065326633,0.87471377245509,0.893107385229541,0.883692077088372,0.896765045758255,0.109170459081836,0.0161157684630739
130,"low",0.05,0.718592964824121,0.878536526946108,0.894029540918164,0.886451948061093,0.897601738577973,0.105392415169661,0.0160710578842315
121,"low",0.05,0.682412060301508,0.866375249500998,0.887289421157685,0.875671576435743,0.890823323665713,0.117960079840319,0.0156646706586826
132,"low",0.05,0.726633165829146,0.881828343313373,0.893502594810379,0.889199185747698,0.897251365091904,0.104385628742515,0.0137860279441118
127,"low",0.05,0.706532663316583,0.875213572854291,0.888622754491018,0.8836493502627,0.893123659844834,0.109395608782435,0.0153908183632735
133,"low",0.05,0.730653266331658,0.88137005988024,0.894044710578842,0.888760056941832,0.897511848472923,0.104954890219561,0.0136750499001996
135,"low",0.05,0.738693467336683,0.87985628742515,0.897239121756487,0.887506782412372,0.900651009655722,0.105199201596806,0.0149445109780439
136,"low",0.05,0.742713567839196,0.884315369261477,0.89407744510978,0.891130757889091,0.897480649016318,0.102308183632735,0.0133764471057884
134,"low",0.05,0.734673366834171,0.877082634730539,0.897043512974052,0.885592095699014,0.900817310264096,0.108186826347305,0.0147305389221557
137,"low",0.05,0.746733668341709,0.888097405189621,0.900732934131736,0.895141318454024,0.90440976378539,0.0990243512974052,0.0128782435129741
141,"low",0.05,0.762814070351759,0.885694211576846,0.896149301397206,0.892616616101311,0.899524309567582,0.100221956087824,0.0140838323353293
138,"low",0.05,0.750753768844221,0.883375648702595,0.895259880239521,0.891339991358258,0.898878199084026,0.101956087824351,0.0146682634730539
143,"low",0.05,0.770854271356784,0.885667864271457,0.905564870259481,0.892175022589838,0.908427367540729,0.100187624750499,0.0141445109780439
140,"low",0.05,0.758793969849246,0.883532934131737,0.900815169660679,0.890775022858825,0.903855578132882,0.102000798403194,0.0144662674650699
139,"low",0.05,0.754773869346734,0.888795209580838,0.899663073852295,0.895110311703162,0.902573465606939,0.0979145708582834,0.0132902195608782
145,"low",0.05,0.778894472361809,0.891124151696607,0.90271377245509,0.896958946490579,0.905774984485117,0.0960343313373253,0.0128415169660679
142,"low",0.05,0.766834170854271,0.888506187624751,0.902403193612774,0.894953463467955,0.905601671582558,0.0983057884231537,0.0131880239520958
148,"low",0.05,0.790954773869347,0.88909620758483,0.903250299401198,0.896078465505049,0.906180209131261,0.0975728542914172,0.0133309381237525
144,"low",0.05,0.774874371859297,0.884135728542914,0.901536926147705,0.891574893012989,0.904785679903491,0.102539720558882,0.0133245508982036
146,"low",0.05,0.782914572864322,0.890062275449102,0.904150099800399,0.896549123865411,0.906901675800441,0.0973213572854291,0.0126163672654691
147,"low",0.05,0.786934673366834,0.894447904191617,0.903449101796407,0.90028716242233,0.906526994725847,0.0930091816367265,0.0125429141716567
154,"low",0.05,0.815075376884422,0.900958882235529,0.910887824351297,0.906033708193351,0.912909966402066,0.0869469061876248,0.0120942115768463
151,"low",0.05,0.803015075376885,0.896230738522954,0.908404790419162,0.901976939636075,0.911358913752799,0.0906778443113773,0.0130914171656687
156,"low",0.05,0.823115577889447,0.897779640718563,0.910573253493014,0.904448591074775,0.913235079146023,0.0903696606786427,0.0118506986027944
152,"low",0.05,0.807035175879397,0.895304590818363,0.90508502994012,0.901467525157722,0.907550392671848,0.0916359281437126,0.0130594810379242
149,"low",0.05,0.794974874371859,0.892554890219561,0.903287025948104,0.898736801190661,0.906239379506359,0.0938459081836327,0.0135992015968064
150,"low",0.05,0.798994974874372,0.894458283433134,0.905623952095808,0.900972372285595,0.908595347795309,0.0932606786427146,0.0122810379241517
157,"low",0.05,0.82713567839196,0.901441117764471,0.909304590818363,0.906632734355519,0.911582467635219,0.0874898203592814,0.0110690618762475
153,"low",0.05,0.81105527638191,0.896784830339321,0.909976047904192,0.90265489031662,0.912598170375235,0.0914235528942116,0.0117916167664671
158,"low",0.05,0.831155778894472,0.901660678642715,0.909065868263473,0.906592602945129,0.911430444878628,0.0868926147704591,0.0114467065868263
155,"low",0.05,0.819095477386935,0.899300598802395,0.907986427145709,0.904550738337911,0.910236060315224,0.0883792415169661,0.0123201596806387
160,"low",0.05,0.839195979899497,0.901712574850299,0.911734131736527,0.906815361952398,0.914670195775264,0.0866035928143713,0.0116838323353293
159,"low",0.05,0.835175879396985,0.899432335329341,0.912099800399202,0.905544701054796,0.914193652000551,0.0879672654690619,0.0126003992015968
161,"low",0.05,0.84321608040201,0.901728542914172,0.916669061876248,0.906588295244896,0.918880461970794,0.0866778443113772,0.0115936127744511
163,"low",0.05,0.851256281407035,0.905939321357285,0.916099001996008,0.910375923906346,0.918175708591289,0.0827145708582834,0.0113461077844311
168,"low",0.05,0.871356783919598,0.907120159680639,0.917598403193613,0.911935198245567,0.918963414406159,0.0822419161676647,0.0106379241516966
166,"low",0.05,0.863316582914573,0.902364870259481,0.917647105788423,0.907637250365813,0.919782514913325,0.0855249500998004,0.0121101796407186
164,"low",0.05,0.855276381909548,0.901566467065868,0.915453892215569,0.90730511127696,0.917602365817282,0.0868558882235529,0.0115776447105788
169,"low",0.05,0.875376884422111,0.906971656686627,0.91674251497006,0.911631414629422,0.918914438145626,0.0822179640718563,0.010810379241517
162,"low",0.05,0.847236180904523,0.90358003992016,0.916060678642715,0.908769638114471,0.917985334237884,0.0847457085828343,0.011674251497006
172,"low",0.05,0.887437185929648,0.909788423153693,0.916019161676647,0.914113292145957,0.91865044684552,0.0798155688622754,0.0103960079840319
167,"low",0.05,0.867336683417085,0.907273453093812,0.917799600798403,0.912255928933747,0.9201535646786,0.0814594810379242,0.0112670658682635
170,"low",0.05,0.879396984924623,0.907994411177645,0.918630738522954,0.912517158354876,0.920252394269069,0.0814706586826347,0.0105349301397206
173,"low",0.05,0.891457286432161,0.908616367265469,0.918257884231537,0.912927746875573,0.920059496868626,0.0801852295409182,0.0111984031936128
165,"low",0.05,0.85929648241206,0.905596806387226,0.913375648702595,0.910706283689571,0.915537635158207,0.0829740518962076,0.0114291417165669
174,"low",0.05,0.895477386934673,0.914876646706587,0.918080638722555,0.9192193302547,0.920292403964301,0.0751025948103792,0.0100207584830339
171,"low",0.05,0.883417085427136,0.905274251497006,0.920211576846307,0.909878531303719,0.921963661886366,0.0842443113772455,0.0104814371257485
178,"low",0.05,0.911557788944724,0.912295409181637,0.919044311377246,0.91682774818022,0.921294651927867,0.0783033932135729,0.00940119760479042
175,"low",0.05,0.899497487437186,0.911977644710579,0.919926546906188,0.916416455465308,0.921846041293941,0.0779904191616766,0.0100319361277445
180,"low",0.05,0.919597989949749,0.91285748502994,0.923403592814371,0.917111526016316,0.924974924097533,0.0775544910179641,0.00958802395209581
182,"low",0.05,0.927638190954774,0.914598003992016,0.925645508982036,0.918692486425693,0.92744570963968,0.0762810379241517,0.00912095808383234
177,"low",0.05,0.907537688442211,0.912138123752495,0.921058682634731,0.916525459160134,0.923131472856706,0.0775872255489022,0.0102746506986028
179,"low",0.05,0.915577889447236,0.910501397205589,0.921074650698603,0.915791300432398,0.923018283944802,0.0790155688622755,0.0104830339321357
176,"low",0.05,0.903517587939699,0.909947305389222,0.920803992015968,0.914972376417981,0.923081002961325,0.079235129740519,0.0108175648702595
184,"low",0.05,0.935678391959799,0.911786027944112,0.92355369261477,0.916288542583311,0.925386876743048,0.0781149700598802,0.010099001996008
181,"low",0.05,0.923618090452261,0.91536127744511,0.921806786427146,0.919869118345942,0.92348965030573,0.0748734530938124,0.00976526946107784
185,"low",0.05,0.939698492462312,0.915960878243513,0.923292614770459,0.919561636869424,0.925024202379982,0.0748566866267465,0.00918243512974052
183,"low",0.05,0.931658291457287,0.914355289421158,0.924297804391218,0.918212835744547,0.925999003333454,0.0756526946107784,0.00999201596806387
188,"low",0.05,0.951758793969849,0.914116566866267,0.922491816367266,0.918338621356556,0.924242089412145,0.0757676646706587,0.0101157684630739
187,"low",0.05,0.947738693467337,0.915950499001996,0.926887025948104,0.91959809081988,0.928279987872628,0.0743433133732535,0.0097061876247505
189,"low",0.05,0.955778894472362,0.919610379241517,0.926557285429142,0.923280275430381,0.928323303274871,0.0713389221556886,0.00905069860279441
186,"low",0.05,0.943718592964824,0.917085828343313,0.925520958083832,0.921154554544803,0.927074952439029,0.0735744510978044,0.00933972055888223
191,"low",0.05,0.963819095477387,0.922757684630738,0.924340119760479,0.926169733202217,0.926138748768255,0.0687201596806387,0.00852215568862275
192,"low",0.05,0.9678391959799,0.917499401197605,0.927564071856287,0.921619120261239,0.92913551406797,0.0727632734530938,0.0097373253493014
193,"low",0.05,0.971859296482412,0.915880239520958,0.925449900199601,0.919508427088083,0.927028817438393,0.074290618762475,0.00982914171656687
190,"low",0.05,0.959798994974874,0.917398003992016,0.926920558882236,0.920927589909188,0.928531277202075,0.0724007984031936,0.0102011976047904
194,"low",0.05,0.975879396984925,0.917987225548902,0.926220359281437,0.921742572074133,0.928063673392953,0.072499001996008,0.00951377245508982
196,"low",0.05,0.98391959798995,0.923124151696607,0.927916167664671,0.926490195933536,0.92929025876267,0.0684526946107784,0.00842315369261477
198,"low",0.05,0.991959798994975,0.921899401197605,0.929315768463074,0.925047674943331,0.930995992317603,0.0698491017964072,0.00825149700598802
201,"low",0.15,0.2,0,0.338439920159681,NA,0.503612150956766,0.0881181636726547,0.911881836327345
195,"low",0.05,0.979899497487437,0.92169500998004,0.931116966067864,0.92535503623888,0.932442628050439,0.0691800399201597,0.0091249500998004
200,"low",0.05,1,0.92161996007984,0.929391616766467,0.924839909175736,0.930989080309492,0.0693556886227545,0.00902435129740519
199,"low",0.05,0.995979899497488,0.922261077844311,0.928518163672655,0.925626618733358,0.929839592412819,0.0691888223552894,0.0085500998003992
197,"low",0.05,0.987939698492462,0.923457085828343,0.92857245508982,0.926404836417616,0.929906381001651,0.0678802395209581,0.0086626746506986
203,"low",0.15,0.208040201005025,0,0.351156886227545,NA,0.506293330947346,0.0966922155688623,0.903307784431138
207,"low",0.15,0.224120603015075,0,0.427462674650699,NA,0.539926343660288,0.0910091816367265,0.908990818363273
205,"low",0.15,0.21608040201005,0,0.419309381237525,NA,0.53304892494986,0.0928510978043912,0.907148902195609
202,"low",0.15,0.204020100502513,0,0.370193213572854,NA,0.512214823584333,0.0862299401197605,0.91377005988024
204,"low",0.15,0.212060301507538,0,0.379647105788423,NA,0.527126989833611,0.0937884231536926,0.906211576846307
211,"low",0.15,0.240201005025126,0,0.472324151696607,NA,0.573913345997332,0.0910818363273453,0.908918163672655
210,"low",0.15,0.236180904522613,0,0.452686626746507,NA,0.55831366199254,0.0969636726546906,0.903036327345309
209,"low",0.15,0.232160804020101,0,0.467572854291417,NA,0.560913430452916,0.0881556886227545,0.911844311377246
206,"low",0.15,0.220100502512563,0,0.422800798403194,NA,0.534879167713593,0.0945988023952096,0.90540119760479
208,"low",0.15,0.228140703517588,0,0.440643512974052,NA,0.5529202097444,0.0939265469061876,0.906073453093812
212,"low",0.15,0.244221105527638,0,0.493334930139721,NA,0.570692638253356,0.0973796407185629,0.902620359281437
217,"low",0.15,0.264321608040201,0,0.543627145708583,NA,0.614633939476228,0.0899201596806387,0.910079840319361
218,"low",0.15,0.268341708542714,0,0.550482235528942,NA,0.616696434585715,0.0930674650698603,0.90693253493014
213,"low",0.15,0.248241206030151,0,0.49853253493014,NA,0.588493972177172,0.0895089820359281,0.910491017964072
219,"low",0.15,0.272361809045226,0,0.555673453093812,NA,0.616781623165996,0.0953924151696607,0.904607584830339
214,"low",0.15,0.252261306532663,0,0.5060750499002,NA,0.589496421146247,0.0855864271457086,0.914413572854291
201,"high",0.15,0.2,0,0.354038323353293,NA,0.51381384762627,0.0881181636726547,0.911881836327345
215,"low",0.15,0.256281407035176,0,0.518142115768463,NA,0.601998041685807,0.0945373253493014,0.905462674650699
216,"low",0.15,0.260301507537688,0,0.526827944111776,NA,0.603339801017483,0.0943353293413174,0.905664670658683
221,"low",0.15,0.280402010050251,0,0.570320958083832,NA,0.632090273973767,0.0927449101796407,0.907255089820359
220,"low",0.15,0.276381909547739,0,0.582882235528942,NA,0.638747326979935,0.0871800399201597,0.91281996007984
207,"high",0.15,0.224120603015075,0,0.429994411177645,NA,0.539384930018411,0.0910091816367265,0.908990818363273
209,"high",0.15,0.232160804020101,0,0.46749381237525,NA,0.565396656510989,0.0881556886227545,0.911844311377246
222,"low",0.15,0.284422110552764,0,0.582126147704591,NA,0.640081379716916,0.0915568862275449,0.908443113772455
223,"low",0.15,0.288442211055276,0,0.600526147704591,NA,0.650904273035326,0.0957676646706587,0.904232335329341
205,"high",0.15,0.21608040201005,0,0.405678243512974,NA,0.532818716483219,0.0928510978043912,0.907148902195609
211,"high",0.15,0.240201005025126,0,0.474536526946108,NA,0.573642186935918,0.0910818363273453,0.908918163672655
210,"high",0.15,0.236180904522613,0,0.469777245508982,NA,0.559701709093078,0.0969636726546906,0.903036327345309
203,"high",0.15,0.208040201005025,0,0.389728542914172,NA,0.522262141822708,0.0966922155688623,0.903307784431138
204,"high",0.15,0.212060301507538,0,0.39518003992016,NA,0.518462319655019,0.0937884231536926,0.906211576846307
217,"high",0.15,0.264321608040201,0,0.554403193612774,NA,0.617180183475329,0.0899201596806387,0.910079840319361
202,"high",0.15,0.204020100502513,0,0.374169261477046,NA,0.509870547993745,0.0862299401197605,0.91377005988024
218,"high",0.15,0.268341708542714,0,0.550196407185629,NA,0.619289642076688,0.0930674650698603,0.90693253493014
208,"high",0.15,0.228140703517588,0,0.459083433133733,NA,0.559570812672935,0.0939265469061876,0.906073453093812
206,"high",0.15,0.220100502512563,0,0.441500998003992,NA,0.548884844600916,0.0945988023952096,0.90540119760479
219,"high",0.15,0.272361809045226,0,0.55495249500998,NA,0.61695141042345,0.0953924151696607,0.904607584830339
212,"high",0.15,0.244221105527638,0,0.479382834331337,NA,0.572816441574605,0.0973796407185629,0.902620359281437
213,"high",0.15,0.248241206030151,0,0.489217564870259,NA,0.581063337567731,0.0895089820359281,0.910491017964072
214,"high",0.15,0.252261306532663,0,0.503292614770459,NA,0.594743808971926,0.0855864271457086,0.914413572854291
224,"low",0.15,0.292462311557789,0,0.598689820359281,NA,0.651619012380868,0.0934131736526946,0.906586826347305
215,"high",0.15,0.256281407035176,0,0.533329341317365,NA,0.608285283992567,0.0945373253493014,0.905462674650699
221,"high",0.15,0.280402010050251,0,0.578014371257485,NA,0.635791895881149,0.0927449101796407,0.907255089820359
216,"high",0.15,0.260301507537688,0,0.523620758483034,NA,0.594958670891272,0.0943353293413174,0.905664670658683
226,"low",0.15,0.300502512562814,0,0.613295808383233,NA,0.664375693374799,0.0949069860279441,0.905093013972056
228,"low",0.15,0.308542713567839,0,0.620096606786427,NA,0.671724455262448,0.0883968063872256,0.911603193612774
222,"high",0.15,0.284422110552764,0,0.574653892215569,NA,0.636328476019662,0.0915568862275449,0.908443113772455
227,"low",0.15,0.304522613065327,0,0.626953293413174,NA,0.673832722909615,0.0960191616766467,0.903980838323353
220,"high",0.15,0.276381909547739,0,0.584423153692615,NA,0.640133510941899,0.0871800399201597,0.91281996007984
223,"high",0.15,0.288442211055276,0,0.605412375249501,NA,0.651700955694653,0.0957676646706587,0.904232335329341
225,"low",0.15,0.296482412060302,0,0.598716167664671,NA,0.653267301884651,0.0885397205588822,0.911460279441118
232,"low",0.15,0.324623115577889,0,0.658596407185629,NA,0.695663427106797,0.0884167664670659,0.911583233532934
229,"low",0.15,0.312562814070352,0,0.639221556886228,NA,0.689933755547133,0.0909852295409182,0.909014770459082
237,"low",0.15,0.344723618090452,0,0.685811576846307,NA,0.71875624208333,0.0918890219560878,0.908110978043912
234,"low",0.15,0.332663316582915,0,0.671344510978044,NA,0.709552888491797,0.0918075848303393,0.908192415169661
230,"low",0.15,0.316582914572864,0,0.64111377245509,NA,0.685952227751819,0.0925940119760479,0.907405988023952
235,"low",0.15,0.336683417085427,0,0.666978842315369,NA,0.707251306738629,0.0849013972055888,0.915098602794411
231,"low",0.15,0.320603015075377,0,0.651560878243513,NA,0.688061990826528,0.0929620758483034,0.907037924151697
238,"low",0.15,0.348743718592965,0,0.697001996007984,NA,0.724743549374798,0.095164870259481,0.904835129740519
233,"low",0.15,0.328643216080402,0,0.673465868263473,NA,0.708011019278806,0.0876215568862275,0.912378443113772
240,"low",0.15,0.35678391959799,0.000918962075848303,0.702224351297405,NA,0.732472654234294,0.094488622754491,0.904592415169661
236,"low",0.15,0.34070351758794,0,0.675144111776447,NA,0.715048435880168,0.0942259481037924,0.905774051896208
239,"low",0.15,0.352763819095477,0,0.70327744510978,NA,0.730140770126926,0.0910395209580838,0.908960479041916
243,"low",0.15,0.368844221105528,0.0161652694610778,0.710226746506986,0.478698247341343,0.736128600788878,0.112721756487026,0.871112974051896
241,"low",0.15,0.360804020100503,0.00010059880239521,0.716419161676647,NA,0.743776375168603,0.0937700598802395,0.906129341317365
242,"low",0.15,0.364824120603015,0.00238083832335329,0.711410778443114,NA,0.738198477894207,0.0947560878243513,0.902863073852295
226,"high",0.15,0.300502512562814,0,0.607972854291417,NA,0.662232786468515,0.0949069860279441,0.905093013972056
224,"high",0.15,0.292462311557789,0,0.607731736526946,NA,0.655430141764656,0.0934131736526946,0.906586826347305
228,"high",0.15,0.308542713567839,0,0.617849900199601,NA,0.670661361792454,0.0883968063872256,0.911603193612774
227,"high",0.15,0.304522613065327,0,0.629749301397206,NA,0.675085893708533,0.0960191616766467,0.903980838323353
232,"high",0.15,0.324623115577889,0,0.658429540918164,NA,0.695709980120286,0.0884167664670659,0.911583233532934
244,"low",0.15,0.37286432160804,0.0441325349301397,0.73103872255489,0.494124626978603,0.752545455868311,0.150344910179641,0.80552255489022
237,"high",0.15,0.344723618090452,0,0.685811576846307,NA,0.71875624208333,0.0918890219560878,0.908110978043912
245,"low",0.15,0.376884422110553,0.010527744510978,0.735169660678643,0.493661591716681,0.756898474959059,0.111585628742515,0.877886626746507
235,"high",0.15,0.336683417085427,0,0.667742115768463,NA,0.708267970647924,0.0849013972055888,0.915098602794411
234,"high",0.15,0.332663316582915,0,0.671344510978044,NA,0.709552888491797,0.0918075848303393,0.908192415169661
246,"low",0.15,0.380904522613065,0.0568359281437126,0.72757125748503,0.465619603357517,0.752367361512106,0.171098602794411,0.772065469061876
230,"high",0.15,0.316582914572864,0,0.642121357285429,NA,0.687361072434446,0.0925940119760479,0.907405988023952
229,"high",0.15,0.312562814070352,0,0.64266746506986,NA,0.6915937477598,0.0909852295409182,0.909014770459082
225,"high",0.15,0.296482412060302,0,0.605651896207585,NA,0.65530738649109,0.0885397205588822,0.911460279441118
238,"high",0.15,0.348743718592965,0,0.697091417165669,NA,0.724794901661527,0.095164870259481,0.904835129740519
240,"high",0.15,0.35678391959799,0.000918962075848303,0.702626746506986,NA,0.732765808652383,0.094488622754491,0.904592415169661
231,"high",0.15,0.320603015075377,0,0.651614371257485,NA,0.688449372475354,0.0929620758483034,0.907037924151697
239,"high",0.15,0.352763819095477,0,0.703988023952096,NA,0.73086273604971,0.0908606786427146,0.909139321357285
242,"high",0.15,0.364824120603015,0.00238083832335329,0.711410778443114,NA,0.738198477894207,0.0947560878243513,0.902863073852295
233,"high",0.15,0.328643216080402,0,0.675158483033932,NA,0.708980265401424,0.0876215568862275,0.912378443113772
236,"high",0.15,0.34070351758794,0,0.67502754491018,NA,0.714808242128761,0.0942259481037924,0.905774051896208
248,"low",0.15,0.388944723618091,0.100669061876248,0.734409580838323,0.536084842922831,0.757088293736833,0.191817165668663,0.70751377245509
241,"high",0.15,0.360804020100503,0.00010059880239521,0.716419161676647,NA,0.743776375168603,0.0937700598802395,0.906129341317365
250,"low",0.15,0.396984924623116,0.152743313373254,0.75204870259481,0.508568446100119,0.769887566287746,0.257260678642715,0.589996007984032
251,"low",0.15,0.401005025125628,0.209136926147705,0.758222754491018,0.557201170261636,0.775457003856536,0.274083033932136,0.51678003992016
247,"low",0.15,0.384924623115578,0.0774115768463074,0.732584431137725,0.478480818149175,0.757342006715456,0.184146107784431,0.738442315369262
249,"low",0.15,0.392964824120603,0.193154491017964,0.735698203592814,0.553397977568192,0.756948200766289,0.263895409181637,0.542950099800399
252,"low",0.15,0.405025125628141,0.285511377245509,0.751489021956088,0.55811025884461,0.767767521746103,0.333826746506986,0.380661876247505
254,"low",0.15,0.413065326633166,0.318201996007984,0.764717764471058,0.559490116541018,0.783876186394179,0.353698203592814,0.328099800399202
256,"low",0.15,0.421105527638191,0.361234331337325,0.776244311377245,0.581297030916796,0.790847142037949,0.354074251497006,0.284691417165669
253,"low",0.15,0.409045226130653,0.240874251497006,0.744939720558882,0.54799687362214,0.767591831245874,0.301976846307385,0.457148902195609
257,"low",0.15,0.425125628140704,0.362521357285429,0.779634331337325,0.595761354881579,0.793508262177018,0.346652295409182,0.290826347305389
255,"low",0.15,0.417085427135678,0.310678642714571,0.760235528942116,0.571653397340515,0.780657868626171,0.342559680638723,0.346761676646707
259,"low",0.15,0.433165829145729,0.411270259481038,0.781209580838323,0.598011375968127,0.794429827318094,0.36622754491018,0.222502195608782
263,"low",0.15,0.449246231155779,0.485616766467066,0.790293013972056,0.629777789159083,0.805210203520284,0.353679041916168,0.160704191616766
258,"low",0.15,0.429145728643216,0.366460678642715,0.777976846307385,0.58202936104345,0.792243936936001,0.358716167664671,0.274823153692615
266,"low",0.15,0.461306532663317,0.491252694610778,0.804748103792415,0.642711308149104,0.816046763855898,0.34416127744511,0.164586027944112
268,"low",0.15,0.469346733668342,0.550939720558882,0.803527345309381,0.66865414942348,0.816035153444352,0.32857245508982,0.120487824351297
269,"low",0.15,0.473366834170854,0.541429940119761,0.814626746506986,0.670740558179311,0.825033046469835,0.324367265469062,0.134202794411178
260,"low",0.15,0.437185929648241,0.416039121756487,0.783082634730539,0.610707617613942,0.796484909043673,0.353320558882236,0.230640319361277
265,"low",0.15,0.457286432160804,0.501984031936128,0.804118163672655,0.65216970262236,0.817573386925258,0.338601996007984,0.159413972055888
261,"low",0.15,0.441206030150754,0.448519760479042,0.780723353293413,0.621271673736926,0.797583413712736,0.35397125748503,0.197508982035928
270,"low",0.15,0.477386934673367,0.543871457085828,0.802228343313373,0.667696565650372,0.814569156066889,0.32789381237525,0.128234730538922
264,"low",0.15,0.453266331658291,0.473988822355289,0.793796407185629,0.639423515812039,0.806913911871494,0.344964471057884,0.181046706586826
262,"low",0.15,0.445226130653266,0.461805988023952,0.788566866267465,0.631247276144638,0.803930763100259,0.34789381237525,0.190300199600798
271,"low",0.15,0.481407035175879,0.568106187624751,0.807069061876247,0.681826793973597,0.820252984975083,0.317326946107784,0.114566866267465
267,"low",0.15,0.465326633165829,0.525999201596806,0.803176047904192,0.659759060826029,0.813824748710077,0.332472654690619,0.141528143712575
272,"low",0.15,0.485427135678392,0.579813972055888,0.822055089820359,0.688622768669788,0.831434842860015,0.313322954091816,0.106863073852295
276,"low",0.15,0.501507537688442,0.605614371257485,0.820067864271457,0.704015731347874,0.827711719787507,0.298995608782435,0.0953900199600798
275,"low",0.15,0.49748743718593,0.613786826347305,0.812714570858283,0.70281319065017,0.825077361830723,0.295635928143713,0.090577245508982
274,"low",0.15,0.493467336683417,0.617235928143713,0.818842315369261,0.708693761156106,0.828040540960339,0.294706586826347,0.0880574850299401
273,"low",0.15,0.489447236180905,0.55668502994012,0.81549381237525,0.674687649615983,0.825039347084034,0.324030339321357,0.119284630738523
279,"low",0.15,0.51356783919598,0.628014371257485,0.829436327345309,0.715258131127059,0.837636947431641,0.284851896207585,0.0871337325349301
277,"low",0.15,0.505527638190955,0.606239520958084,0.820266666666667,0.70237816733057,0.829990441632577,0.299805189620758,0.0939552894211577
278,"low",0.15,0.509547738693467,0.622273053892216,0.82263872255489,0.717499495227956,0.832552101638845,0.287434730538922,0.0902922155688623
281,"low",0.15,0.521608040201005,0.647999201596806,0.837203992015968,0.727287240938024,0.844262704821543,0.276500598802395,0.0755001996007984
282,"low",0.15,0.525628140703518,0.650288223552894,0.835338922155689,0.730429623546926,0.84399830840605,0.275831536926148,0.0738802395209581
285,"low",0.15,0.537688442211055,0.659778842315369,0.842225149700599,0.742817960566555,0.8492724442075,0.263796407185629,0.076424750499002
284,"low",0.15,0.533668341708543,0.669184031936128,0.836352095808383,0.744828327877777,0.844237720263921,0.26312255489022,0.0676934131736527
280,"low",0.15,0.517587939698492,0.622649101796407,0.827423552894212,0.715048252756191,0.835546146763618,0.287159281437126,0.0901916167664671
286,"low",0.15,0.541708542713568,0.66619880239521,0.842776047904192,0.738460110400855,0.851565823691569,0.264499800399202,0.0693013972055888
290,"low",0.15,0.557788944723618,0.709364471057884,0.845651097804391,0.76891856019259,0.85391709421278,0.236237924151697,0.0543976047904192
291,"low",0.15,0.561809045226131,0.697921756487026,0.84557125748503,0.763588644375485,0.852654019537074,0.242699401197605,0.0593788423153693
288,"low",0.15,0.549748743718593,0.69232255489022,0.84800878243513,0.757570516642042,0.853805822855571,0.248504590818363,0.0591728542914172
283,"low",0.15,0.52964824120603,0.676525349301397,0.834063872255489,0.745941936363331,0.842325348066992,0.257231936127745,0.0662427145708583
295,"low",0.15,0.577889447236181,0.723635129740519,0.855196806387226,0.778758943400499,0.861731589162029,0.227767664670659,0.0485972055888224
292,"low",0.15,0.565829145728643,0.710451097804391,0.841547305389222,0.765825933311728,0.850411926845731,0.236689820359281,0.0528590818363273
293,"low",0.15,0.569849246231156,0.716600399201597,0.857549700598802,0.772388391143523,0.863213255870579,0.230542115768463,0.0528574850299401
287,"low",0.15,0.54572864321608,0.669145708582834,0.842166067864272,0.743931878915246,0.849026234387626,0.2635249500998,0.0673293413173653
289,"low",0.15,0.553768844221106,0.687046706586826,0.844944510978044,0.751451699057462,0.852209995202561,0.251235928143713,0.0617173652694611
294,"low",0.15,0.573869346733668,0.707924151696607,0.85300119760479,0.772480508798436,0.85993988587931,0.235111377245509,0.0569644710578842
296,"low",0.15,0.581909547738694,0.735855489021956,0.858534131736527,0.78632081150099,0.863517773085345,0.215075449101796,0.0490690618762475
300,"low",0.15,0.597989949748744,0.740958882235529,0.862318562874251,0.789175926467384,0.869233939772917,0.213817165668663,0.0452239520958084
297,"low",0.15,0.585929648241206,0.739017165668663,0.85696127744511,0.789922556279032,0.86343671268072,0.213600798403194,0.0473820359281437
299,"low",0.15,0.593969849246231,0.744168463073852,0.863321357285429,0.791813010078972,0.86865095225719,0.211738123752495,0.0440934131736527
298,"low",0.15,0.589949748743719,0.746575648702595,0.858236327345309,0.792577269849082,0.864483402588631,0.209739720558882,0.043684630738523
301,"low",0.15,0.602010050251256,0.746249101796407,0.861558483033932,0.792838648122025,0.867658319263828,0.209891417165669,0.0438594810379241
303,"low",0.15,0.610050251256282,0.757956886227545,0.867085828343313,0.802057403497769,0.871722480822047,0.200831936127744,0.0412111776447106
302,"low",0.15,0.606030150753769,0.758758483033932,0.862956487025948,0.800610302159179,0.86881767916579,0.201441117764471,0.0398003992015968
305,"low",0.15,0.618090452261307,0.767481836327345,0.873886626746507,0.806529322911722,0.878027661027854,0.194859081836327,0.0376590818363273
304,"low",0.15,0.614070351758794,0.764385628742515,0.868524550898204,0.804276429941103,0.873966850167039,0.196982035928144,0.0386323353293413
308,"low",0.15,0.630150753768844,0.778372055888224,0.87275129740519,0.816493709147429,0.877909214179974,0.187374850299401,0.0342530938123752
307,"low",0.15,0.626130653266332,0.779342914171657,0.873092215568862,0.815868882788921,0.877710932367526,0.185412375249501,0.0352447105788423
309,"low",0.15,0.634170854271357,0.782216367265469,0.871307784431138,0.816913016875304,0.877128891021526,0.183957684630739,0.0338259481037924
306,"low",0.15,0.622110552763819,0.763279041916168,0.867998403193613,0.80599951288975,0.873440849034981,0.19720878243513,0.0395121756487026
310,"low",0.15,0.638190954773869,0.785353293413174,0.870631536926148,0.819169718966485,0.876096948163784,0.181063473053892,0.0335832335329341
314,"low",0.15,0.65427135678392,0.79292375249501,0.882054291417166,0.82512740641957,0.885538242116235,0.175539321357285,0.0315369261477046
313,"low",0.15,0.650251256281407,0.780675449101796,0.879302195608782,0.818891939514023,0.883137574563031,0.182548502994012,0.0367760479041916
315,"low",0.15,0.658291457286432,0.790127744510978,0.880198003992016,0.826303664835709,0.884089730382038,0.175786826347305,0.0340854291417166
311,"low",0.15,0.642211055276382,0.786426347305389,0.875421157684631,0.824014825222177,0.880471003674425,0.180594011976048,0.0329796407185629
317,"low",0.15,0.666331658291457,0.801475449101796,0.884776846307385,0.833149945214726,0.888117351849206,0.167841117764471,0.0306834331337325
319,"low",0.15,0.674371859296482,0.809098602794411,0.877977644710579,0.837773815758215,0.882511617033759,0.16250379241517,0.0283976047904192
316,"low",0.15,0.662311557788945,0.795148103792415,0.878229940119761,0.827220824866121,0.883657958752166,0.174170858283433,0.0306810379241517
312,"low",0.15,0.646231155778894,0.788655489021956,0.878955688622755,0.82209519701631,0.88305556111826,0.179702195608782,0.0316423153692615
318,"low",0.15,0.67035175879397,0.803775648702595,0.8811249500998,0.833331699276931,0.885504175317606,0.166544510978044,0.0296798403193613
322,"low",0.15,0.68643216080402,0.80695249500998,0.884508582834331,0.837208560923735,0.88904725374739,0.164055888223553,0.0289916167664671
320,"low",0.15,0.678391959798995,0.81337245508982,0.887641516966068,0.841446048662678,0.891969441098975,0.158974850299401,0.0276526946107784
325,"low",0.15,0.698492462311558,0.829799600798403,0.88700998003992,0.852132226027582,0.890686245798175,0.148125349301397,0.0220750499001996
324,"low",0.15,0.694472361809045,0.811651896207585,0.889063473053892,0.839518931291605,0.892426838862497,0.160920558882236,0.0274275449101796
321,"low",0.15,0.682412060301508,0.808740918163673,0.883997604790419,0.836715759417894,0.888092790973696,0.163226347305389,0.0280327345309381
327,"low",0.15,0.706532663316583,0.819734131736527,0.887441916167665,0.845837426992369,0.89118273136156,0.153881037924152,0.0263848303393214
323,"low",0.15,0.690452261306533,0.813697405189621,0.887341317365269,0.841883942495686,0.891636816717043,0.159242315369261,0.0270602794411178
328,"low",0.15,0.710552763819096,0.825768463073852,0.890049500998004,0.849452302885408,0.893033380053872,0.149487425149701,0.0247441117764471
326,"low",0.15,0.70251256281407,0.828491816367265,0.887728542914172,0.852543466011169,0.891656399225295,0.148131736526946,0.0233764471057884
329,"low",0.15,0.714572864321608,0.828514171656687,0.893463473053892,0.85209687607517,0.896694317514823,0.148483033932136,0.0230027944111776
330,"low",0.15,0.718592964824121,0.827389221556886,0.893595209580838,0.850449640161063,0.897202539720008,0.148174051896208,0.0244367265469062
331,"low",0.15,0.722613065326633,0.826619560878244,0.893754091816367,0.851410377049617,0.896706247391444,0.148356087824351,0.0250243512974052
334,"low",0.15,0.734673366834171,0.83560878243513,0.89220119760479,0.857716871418577,0.895635334443645,0.141740518962076,0.0226506986027944
335,"low",0.15,0.738693467336683,0.838565269461078,0.895063473053892,0.85950186012897,0.899128410899671,0.138763273453094,0.0226714570858283
333,"low",0.15,0.730653266331658,0.834412774451098,0.896883033932136,0.856330116823692,0.899977693265179,0.1428375249501,0.0227497005988024
336,"low",0.15,0.742713567839196,0.838245908183633,0.896609181636727,0.859658746930045,0.900576848848831,0.138980439121756,0.0227736526946108
332,"low",0.15,0.726633165829146,0.835144111776447,0.892488622754491,0.85624059454957,0.896311783049616,0.142356886227545,0.022499001996008
339,"low",0.15,0.754773869346734,0.841625548902196,0.90280878243513,0.863458123544681,0.905282947852072,0.136534930139721,0.0218395209580838
344,"low",0.15,0.774874371859297,0.850949301397206,0.900788023952096,0.869928674384023,0.903170177130547,0.129172854291417,0.0198778443113772
338,"low",0.15,0.750753768844221,0.847138522954092,0.895680638722555,0.86634562803386,0.899379961489437,0.130891017964072,0.0219704590818363
345,"low",0.15,0.778894472361809,0.861452295409182,0.903509780439122,0.877177473032951,0.906263381948309,0.120044710578842,0.018502994011976
337,"low",0.15,0.746733668341709,0.838947704590818,0.899472255489022,0.860995706968051,0.902815693448824,0.137795608782435,0.0232566866267465
342,"low",0.15,0.766834170854271,0.844418363273453,0.89995369261477,0.864293506916168,0.902693180101424,0.133176846307385,0.0224047904191617
346,"low",0.15,0.782914572864322,0.857508982035928,0.903976846307385,0.874878913169375,0.906601725443284,0.123564071856287,0.0189269461077844
340,"low",0.15,0.758793969849246,0.846513373253493,0.903717365269461,0.865925246767385,0.906252754294226,0.13223872255489,0.0212479041916168
348,"low",0.15,0.790954773869347,0.858083832335329,0.905549700598802,0.875030883422346,0.907801731226201,0.12342994011976,0.0184862275449102
343,"low",0.15,0.770854271356784,0.856747305389222,0.902554890219561,0.874424878297356,0.9053223266021,0.124372055888224,0.0188806387225549
341,"low",0.15,0.762814070351759,0.846993213572854,0.900708183632735,0.866870524164508,0.903820785597172,0.132254690618762,0.0207520958083832
347,"low",0.15,0.786934673366834,0.858881437125748,0.905434730538922,0.875873418785014,0.908084081376512,0.122344111776447,0.0187744510978044
352,"low",0.15,0.807035175879397,0.863413972055888,0.906899001996008,0.879462966041078,0.909313730740095,0.117270259481038,0.0193157684630739
350,"low",0.15,0.798994974874372,0.863366866267465,0.906067864271457,0.878898044629057,0.909120107663043,0.118760079840319,0.0178730538922156
349,"low",0.15,0.794974874371859,0.858576447105788,0.90241996007984,0.875150059701097,0.905316132963352,0.122483033932136,0.0189405189620758
353,"low",0.15,0.81105527638191,0.858941317365269,0.9095624750499,0.875644133364768,0.912009233705446,0.122230738522954,0.0188279441117764
354,"low",0.15,0.815075376884422,0.863044311377245,0.907053093812375,0.879453439512261,0.909315326035511,0.118049500998004,0.0189061876247505
351,"low",0.15,0.803015075376885,0.85562874251497,0.906934131736527,0.873307256498082,0.909831858957488,0.124465469061876,0.0199057884231537
356,"low",0.15,0.823115577889447,0.861813972055888,0.911604790419162,0.87865053975222,0.914299812404275,0.119930538922156,0.0182554890219561
358,"low",0.15,0.831155778894472,0.873536926147705,0.910744910179641,0.886650090669107,0.913275561059317,0.111207185628743,0.0152558882235529
355,"low",0.15,0.819095477386935,0.866106986027944,0.904480638722555,0.881774285513185,0.907361223010337,0.115802794411178,0.0180902195608782
360,"low",0.15,0.839195979899497,0.873773253493014,0.916079840319361,0.88702867933367,0.917949570971255,0.109554491017964,0.016672255489022
357,"low",0.15,0.82713567839196,0.863178443113772,0.909934530938124,0.880970270400181,0.912418048410429,0.117869860279441,0.0189516966067864
359,"low",0.15,0.835175879396985,0.872788822355289,0.913146506986028,0.885920133416649,0.915482317295466,0.110185229540918,0.0170259481037924
361,"low",0.15,0.84321608040201,0.876038323353293,0.913500199600798,0.889869577703759,0.91548785319996,0.108186826347305,0.0157748502994012
363,"low",0.15,0.851256281407035,0.877808383233533,0.918741716566866,0.891373115326369,0.920676691941927,0.106703393213573,0.0154882235528942
368,"low",0.15,0.871356783919598,0.87851497005988,0.916933333333333,0.891767263042414,0.919188434439929,0.106165269461078,0.0153197604790419
362,"low",0.15,0.847236180904523,0.876481437125749,0.91211497005988,0.889357574033738,0.914371016571583,0.107328542914172,0.0161900199600798
366,"low",0.15,0.863316582914573,0.877636726546906,0.913853892215569,0.891119129435358,0.916697214834711,0.106278642714571,0.016084630738523
371,"low",0.15,0.883417085427136,0.880328143712575,0.913947305389222,0.892865859062967,0.916350629781916,0.103095409181637,0.0165764471057884
365,"low",0.15,0.85929648241206,0.877821956087824,0.918137325349301,0.890918149371874,0.920440176914068,0.106439920159681,0.015738123752495
364,"low",0.15,0.855276381909548,0.876746506986028,0.913730938123753,0.890522568183871,0.916035382732195,0.107871457085828,0.0153820359281437
372,"low",0.15,0.887437185929648,0.886452694610778,0.918081437125749,0.897497368360371,0.920156547165242,0.098814371257485,0.0147329341317365
367,"low",0.15,0.867336683417085,0.878835129740519,0.916706586826347,0.891213543405417,0.91840440517594,0.106059880239521,0.0151049900199601
375,"low",0.15,0.899497487437186,0.888163672654691,0.918986027944112,0.899535194118621,0.921115714419349,0.0969461077844311,0.0148902195608782
377,"low",0.15,0.907537688442211,0.892297804391218,0.921259880239521,0.90248311952948,0.923173469593096,0.0943768463073852,0.0133253493013972
373,"low",0.15,0.891457286432161,0.884297804391218,0.920303393213573,0.896518123054709,0.922553182693311,0.101421956087824,0.0142802395209581
369,"low",0.15,0.875376884422111,0.87845748502994,0.918230738522954,0.89214908791568,0.91998751860281,0.105581636726547,0.015960878243513
370,"low",0.15,0.879396984924623,0.882096606786427,0.917706187624751,0.894031127644081,0.91978477039443,0.102376047904192,0.0155273453093812
374,"low",0.15,0.895477386934673,0.885701397205589,0.921487425149701,0.897143705707969,0.922847472010631,0.100264271457086,0.0140343313373253
376,"low",0.15,0.903517587939699,0.884463073852295,0.920186826347305,0.896429527118746,0.922108732672566,0.100060678642715,0.01547624750499
378,"low",0.15,0.911557788944724,0.890059081836327,0.918070259481038,0.900476070584183,0.920064915421931,0.0969029940119761,0.0130379241516966
379,"low",0.15,0.915577889447236,0.891505788423154,0.921911377245509,0.902439482829689,0.923287120589075,0.0941349301397206,0.0143592814371257
381,"low",0.15,0.923618090452261,0.895075449101796,0.923519361277445,0.904528437545775,0.925267157738266,0.0914554890219561,0.0134690618762475
383,"low",0.15,0.931658291457287,0.897691017964072,0.92206626746507,0.906764941878613,0.924239796961046,0.0895632734530938,0.0127457085828343
380,"low",0.15,0.919597989949749,0.889156886227545,0.922407185628742,0.900605707844073,0.924414778454254,0.0975441117764471,0.013299001996008
384,"low",0.15,0.935678391959799,0.889621556886228,0.926716966067864,0.900451862358236,0.928470830912054,0.0968231536926148,0.0135552894211577
382,"low",0.15,0.927638190954774,0.89000878243513,0.921844311377246,0.901457181021719,0.923834245590136,0.0961213572854291,0.0138698602794411
386,"low",0.15,0.943718592964824,0.897134530938124,0.925462674650699,0.907120709766122,0.927252719387479,0.090389620758483,0.0124758483033932
385,"low",0.15,0.939698492462312,0.897701397205589,0.925565668662675,0.907240705868972,0.927250006309279,0.0898794411177645,0.0124191616766467
388,"low",0.15,0.951758793969849,0.896864670658683,0.926376047904192,0.906260908417556,0.928147569510437,0.090410379241517,0.0127249500998004
389,"low",0.15,0.955778894472362,0.896750499001996,0.925919361277445,0.906949008195285,0.927408606149604,0.0897085828343313,0.0135409181636727
387,"low",0.15,0.947738693467337,0.896265069860279,0.923817964071856,0.90528274887601,0.925623311138671,0.0911920159680639,0.0125429141716567
392,"low",0.15,0.9678391959799,0.900772854291417,0.926182035928144,0.909358497627522,0.927864032661976,0.0877532934131737,0.0114738522954092
391,"low",0.15,0.963819095477387,0.90260119760479,0.925216766467066,0.910873413567759,0.926806615893267,0.085837125748503,0.0115616766467066
394,"low",0.15,0.975879396984925,0.898344111776447,0.928273852295409,0.907581678689096,0.930028480105506,0.0883089820359281,0.0133469061876248
396,"low",0.15,0.98391959798995,0.898976447105788,0.929508183632735,0.907983977518357,0.930786982911582,0.0883776447105788,0.0126459081836327
390,"low",0.15,0.959798994974874,0.897505788423154,0.930855089820359,0.906902035872842,0.932343076087787,0.0896854291417166,0.0128087824351297
395,"low",0.15,0.979899497487437,0.901035528942116,0.926542914171657,0.910034060428704,0.92815566427721,0.0865301397205589,0.0124343313373253
393,"low",0.15,0.971859296482412,0.90279121756487,0.927943313373254,0.911355546374716,0.929110060751341,0.0853349301397206,0.0118738522954092
397,"low",0.15,0.987939698492462,0.902718562874251,0.928549301397206,0.911397043812465,0.929620570068395,0.0848902195608782,0.0123912175648703
398,"low",0.15,0.991959798994975,0.903584830339321,0.930381636726547,0.911803825699943,0.931650759402668,0.0850395209580838,0.0113756487025948
401,"low",0.25,0.2,0,0.346890219560878,NA,0.502138166110031,0.0903968063872256,0.909603193612774
399,"low",0.15,0.995979899497488,0.904999600798403,0.931318962075848,0.913154559090665,0.932893571621565,0.0833820359281437,0.0116183632734531
408,"low",0.25,0.228140703517588,0,0.442594810379242,NA,0.552035738392439,0.0991145708582834,0.900885429141717
403,"low",0.25,0.208040201005025,0,0.375055489021956,NA,0.522519988695905,0.0944471057884231,0.905552894211577
406,"low",0.25,0.220100502512563,0,0.429417165668663,NA,0.542300303524029,0.0910626746506986,0.908937325349301
400,"low",0.15,1,0.906881437125749,0.93056127744511,0.914298485495749,0.931797066121682,0.0830179640718563,0.0101005988023952
404,"low",0.25,0.212060301507538,0,0.393839520958084,NA,0.528745561121526,0.0937437125748503,0.90625628742515
402,"low",0.25,0.204020100502513,0,0.366493413173653,NA,0.512707543340635,0.0925141716566866,0.907485828343313
409,"low",0.25,0.232160804020101,0,0.466294610778443,NA,0.564491409438025,0.0912367265469062,0.908763273453094
411,"low",0.25,0.240201005025126,0,0.485889021956088,NA,0.57630521049603,0.0911912175648703,0.90880878243513
405,"low",0.25,0.21608040201005,0,0.406272255489022,NA,0.537597306053315,0.0916455089820359,0.908354491017964
407,"low",0.25,0.224120603015075,0,0.430919760479042,NA,0.551910136510149,0.0910922155688623,0.908907784431138
413,"low",0.25,0.248241206030151,0,0.507702195608782,NA,0.587064491542254,0.0870067864271457,0.912993213572854
414,"low",0.25,0.252261306532663,0,0.507594411177645,NA,0.589310137742455,0.0905253493013972,0.909474650698603
410,"low",0.25,0.236180904522613,0,0.486470259481038,NA,0.572712398106519,0.0912055888223553,0.908794411177645
415,"low",0.25,0.256281407035176,0,0.526847904191617,NA,0.598792604251319,0.0942714570858283,0.905728542914172
416,"low",0.25,0.260301507537688,0,0.532502195608782,NA,0.604384474615612,0.0884175648702595,0.91158243512974
417,"low",0.25,0.264321608040201,0,0.556910978043912,NA,0.625982655577919,0.0934570858283433,0.906542914171657
418,"low",0.25,0.268341708542714,0,0.545880239520958,NA,0.617052438537848,0.0867736526946108,0.913226347305389
412,"low",0.25,0.244221105527638,0,0.474239520958084,NA,0.573190446673731,0.0934075848303393,0.906592415169661
421,"low",0.25,0.280402010050251,0,0.583809181636727,NA,0.644807272229309,0.0834522954091816,0.916547704590818
401,"high",0.25,0.2,0,0.337706986027944,NA,0.50073535022715,0.0903968063872256,0.909603193612774
419,"low",0.25,0.272361809045226,0,0.555080239520958,NA,0.626518219400898,0.0902243512974052,0.909775648702595
420,"low",0.25,0.276381909547739,0,0.562789620758483,NA,0.626229858370349,0.0898626746506986,0.910137325349301
406,"high",0.25,0.220100502512563,0,0.424918163672655,NA,0.538181739352447,0.0910626746506986,0.908937325349301
403,"high",0.25,0.208040201005025,0,0.374078243512974,NA,0.510122318533097,0.0944471057884231,0.905552894211577
404,"high",0.25,0.212060301507538,0,0.396814371257485,NA,0.530055705905408,0.0937437125748503,0.90625628742515
408,"high",0.25,0.228140703517588,0,0.45215249500998,NA,0.556039386990293,0.0991145708582834,0.900885429141717
423,"low",0.25,0.288442211055276,0,0.587437125748503,NA,0.644673704247808,0.0916407185628743,0.908359281437126
422,"low",0.25,0.284422110552764,0,0.580716167664671,NA,0.636587036601228,0.0933469061876248,0.906653093812375
409,"high",0.25,0.232160804020101,0,0.459484231536926,NA,0.555488365861856,0.0912367265469062,0.908763273453094
402,"high",0.25,0.204020100502513,0,0.364587624750499,NA,0.504339312443013,0.0925141716566866,0.907485828343313
411,"high",0.25,0.240201005025126,0,0.482221956087824,NA,0.580621235748112,0.0911912175648703,0.90880878243513
413,"high",0.25,0.248241206030151,0,0.509576047904192,NA,0.590084923483641,0.0870067864271457,0.912993213572854
414,"high",0.25,0.252261306532663,0,0.498850299401198,NA,0.583849316745518,0.0905253493013972,0.909474650698603
415,"high",0.25,0.256281407035176,0,0.52140119760479,NA,0.596825934743609,0.0942714570858283,0.905728542914172
405,"high",0.25,0.21608040201005,0,0.399114570858283,NA,0.544960811850709,0.0916455089820359,0.908354491017964
416,"high",0.25,0.260301507537688,0,0.528518962075848,NA,0.604956696651743,0.0884175648702595,0.91158243512974
407,"high",0.25,0.224120603015075,0,0.443029141716567,NA,0.547542786957806,0.0910922155688623,0.908907784431138
417,"high",0.25,0.264321608040201,0,0.551220758483034,NA,0.624169210781688,0.0934570858283433,0.906542914171657
418,"high",0.25,0.268341708542714,0,0.538783233532934,NA,0.615728947464346,0.0867736526946108,0.913226347305389
410,"high",0.25,0.236180904522613,0,0.468443912175649,NA,0.570060519249393,0.0912055888223553,0.908794411177645
412,"high",0.25,0.244221105527638,0,0.480494211576846,NA,0.571621531793576,0.0934075848303393,0.906592415169661
421,"high",0.25,0.280402010050251,0,0.582845508982036,NA,0.64251227001306,0.0834522954091816,0.916547704590818
424,"low",0.25,0.292462311557789,0,0.609870658682635,NA,0.659615450588609,0.0839536926147705,0.91604630738523
425,"low",0.25,0.296482412060302,0,0.619615169660679,NA,0.669455781981384,0.0928015968063872,0.907198403193613
426,"low",0.25,0.300502512562814,0,0.612678642714571,NA,0.66243415251253,0.090725748502994,0.909274251497006
427,"low",0.25,0.304522613065327,0,0.626222754491018,NA,0.67831756985799,0.0963912175648703,0.90360878243513
428,"low",0.25,0.308542713567839,0,0.634085429141717,NA,0.676676748177401,0.0918059880239521,0.908194011976048
423,"high",0.25,0.288442211055276,0,0.587964870259481,NA,0.648420244348247,0.0916407185628743,0.908359281437126
430,"low",0.25,0.316582914572864,0,0.645059481037924,NA,0.691318122911344,0.0897221556886228,0.910277844311377
419,"high",0.25,0.272361809045226,0,0.562222754491018,NA,0.626542265812663,0.0902243512974052,0.909775648702595
420,"high",0.25,0.276381909547739,0,0.566745708582834,NA,0.628884814115097,0.0898626746506986,0.910137325349301
422,"high",0.25,0.284422110552764,0,0.584360878243513,NA,0.638007656785482,0.0933469061876248,0.906653093812375
429,"low",0.25,0.312562814070352,0,0.626249101796407,NA,0.672605764660644,0.0926203592814371,0.907379640718563
432,"low",0.25,0.324623115577889,0,0.663491417165669,NA,0.700827453051712,0.0905916167664671,0.909408383233533
431,"low",0.25,0.320603015075377,0,0.65177005988024,NA,0.691169792762804,0.09575249500998,0.90424750499002
434,"low",0.25,0.332663316582915,0,0.674909381237525,NA,0.712446570141275,0.088562874251497,0.911437125748503
433,"low",0.25,0.328643216080402,0,0.65072255489022,NA,0.690224236219946,0.0906067864271457,0.909393213572854
436,"low",0.25,0.34070351758794,0,0.687123353293413,NA,0.721963366164908,0.0936926147704591,0.906307385229541
438,"low",0.25,0.348743718592965,0,0.683789221556886,NA,0.719087395373064,0.0895489021956088,0.910451097804391
435,"low",0.25,0.336683417085427,0,0.680015169660679,NA,0.711222610356869,0.0834259481037924,0.916574051896208
439,"low",0.25,0.352763819095477,0,0.705025149700599,NA,0.732665741237969,0.0917069860279441,0.908293013972056
437,"low",0.25,0.344723618090452,0,0.685500199600798,NA,0.716907797521524,0.0880367265469062,0.911963273453094
424,"high",0.25,0.292462311557789,0,0.610735329341317,NA,0.659620678514442,0.0839536926147705,0.91604630738523
440,"low",0.25,0.35678391959799,0,0.695158483033932,NA,0.731809827329278,0.0932119760479042,0.906788023952096
441,"low",0.25,0.360804020100503,0,0.712031137724551,NA,0.743426969978883,0.0913245508982036,0.908675449101796
425,"high",0.25,0.296482412060302,0,0.615227145708583,NA,0.665661269125635,0.0928015968063872,0.907198403193613
442,"low",0.25,0.364824120603015,0,0.706297005988024,NA,0.731449149477724,0.0907760479041916,0.909223952095808
426,"high",0.25,0.300502512562814,0,0.61544750499002,NA,0.663592878545611,0.090725748502994,0.909274251497006
430,"high",0.25,0.316582914572864,0,0.641433932135729,NA,0.689207105383295,0.0897221556886228,0.910277844311377
427,"high",0.25,0.304522613065327,0,0.629263073852295,NA,0.67723931438283,0.0963912175648703,0.90360878243513
443,"low",0.25,0.368844221105528,0,0.717345309381238,NA,0.742231263177381,0.091536127744511,0.908463872255489
428,"high",0.25,0.308542713567839,0,0.630019161676647,NA,0.67356240643922,0.0918059880239521,0.908194011976048
446,"low",0.25,0.380904522613065,0,0.732912574850299,NA,0.757987446115228,0.0961077844311377,0.903892215568862
429,"high",0.25,0.312562814070352,0,0.626858283433134,NA,0.672443506281278,0.0926203592814371,0.907379640718563
434,"high",0.25,0.332663316582915,0,0.673710179640719,NA,0.712250173913465,0.088562874251497,0.911437125748503
444,"low",0.25,0.37286432160804,0,0.707804391217565,NA,0.737594091761167,0.0920974051896208,0.907902594810379
445,"low",0.25,0.376884422110553,0,0.721384431137725,NA,0.746369933870417,0.0927840319361277,0.907215968063872
433,"high",0.25,0.328643216080402,0,0.650986826347305,NA,0.68967296407262,0.0906067864271457,0.909393213572854
436,"high",0.25,0.34070351758794,0,0.685996007984032,NA,0.721080979125044,0.0936926147704591,0.906307385229541
432,"high",0.25,0.324623115577889,0,0.66444870259481,NA,0.701574763481329,0.0905916167664671,0.909408383233533
431,"high",0.25,0.320603015075377,0,0.652770459081836,NA,0.692571202961206,0.09575249500998,0.90424750499002
438,"high",0.25,0.348743718592965,0,0.684324151696607,NA,0.719212430888635,0.0895489021956088,0.910451097804391
439,"high",0.25,0.352763819095477,0,0.705025149700599,NA,0.732665741237969,0.0917069860279441,0.908293013972056
435,"high",0.25,0.336683417085427,0,0.679776447105788,NA,0.710488575385255,0.0834259481037924,0.916574051896208
437,"high",0.25,0.344723618090452,0,0.685500199600798,NA,0.716907797521524,0.0880367265469062,0.911963273453094
447,"low",0.25,0.384924623115578,0,0.737024351297405,NA,0.760252810199504,0.0929684630738523,0.907031536926148
448,"low",0.25,0.388944723618091,0,0.743034730538922,NA,0.76329678453841,0.0882602794411178,0.911739720558882
441,"high",0.25,0.360804020100503,0,0.712031137724551,NA,0.743426969978883,0.0913245508982036,0.908675449101796
450,"low",0.25,0.396984924623116,0,0.750151696606786,NA,0.768387104774697,0.0920982035928144,0.907901796407186
442,"high",0.25,0.364824120603015,0,0.706297005988024,NA,0.731449149477724,0.0907760479041916,0.909223952095808
449,"low",0.25,0.392964824120603,0,0.755466666666667,NA,0.774205207521174,0.0870770459081836,0.912922954091816
443,"high",0.25,0.368844221105528,0,0.717345309381238,NA,0.742231263177381,0.091536127744511,0.908463872255489
440,"high",0.25,0.35678391959799,0,0.695158483033932,NA,0.731809827329278,0.0932119760479042,0.906788023952096
451,"low",0.25,0.401005025125628,0,0.753594411177645,NA,0.772715817652382,0.0846594810379241,0.915340518962076
453,"low",0.25,0.409045226130653,0,0.75764870259481,NA,0.774112381966289,0.0901061876247505,0.909893812375249
446,"high",0.25,0.380904522613065,0,0.732912574850299,NA,0.757987446115228,0.0961077844311377,0.903892215568862
454,"low",0.25,0.413065326633166,0,0.760946906187625,NA,0.779917928066631,0.090439121756487,0.909560878243513
452,"low",0.25,0.405025125628141,0,0.762439121756487,NA,0.779312608646874,0.0859217564870259,0.914078243512974
455,"low",0.25,0.417085427135678,0,0.76568622754491,NA,0.781851731413765,0.0923576846307385,0.907642315369261
456,"low",0.25,0.421105527638191,0,0.77460998003992,NA,0.790941147409047,0.0891768463073852,0.910823153692615
444,"high",0.25,0.37286432160804,0,0.707804391217565,NA,0.737594091761167,0.0920974051896208,0.907902594810379
445,"high",0.25,0.376884422110553,0,0.721384431137725,NA,0.746369933870417,0.0927840319361277,0.907215968063872
459,"low",0.25,0.433165829145729,0,0.779811576846307,NA,0.795756186376136,0.0895984031936128,0.910401596806387
457,"low",0.25,0.425125628140704,0,0.769012375249501,NA,0.784876896770931,0.0890483033932136,0.910951696606786
458,"low",0.25,0.429145728643216,0,0.772774451097804,NA,0.788674086130396,0.0986251497005988,0.901374850299401
448,"high",0.25,0.388944723618091,0,0.743034730538922,NA,0.76329678453841,0.0882602794411178,0.911739720558882
460,"low",0.25,0.437185929648241,0,0.781654291417166,NA,0.794271960782939,0.090661876247505,0.909338123752495
463,"low",0.25,0.449246231155779,0,0.796840718562874,NA,0.808587300781628,0.0888295409181637,0.911170459081836
464,"low",0.25,0.453266331658291,0,0.79120878243513,NA,0.80545200347988,0.0899057884231537,0.910094211576846
447,"high",0.25,0.384924623115578,0,0.737024351297405,NA,0.760252810199504,0.0929684630738523,0.907031536926148
461,"low",0.25,0.441206030150754,0,0.779897804391218,NA,0.79566275745088,0.0924822355289421,0.907517764471058
465,"low",0.25,0.457286432160804,0,0.793746107784431,NA,0.804887668692492,0.0904479041916168,0.909552095808383
462,"low",0.25,0.445226130653266,0,0.791061876247505,NA,0.804946781310734,0.0900558882235529,0.909944111776447
450,"high",0.25,0.396984924623116,0,0.750151696606786,NA,0.768387104774697,0.0920982035928144,0.907901796407186
449,"high",0.25,0.392964824120603,0,0.755466666666667,NA,0.774205207521174,0.0870770459081836,0.912922954091816
451,"high",0.25,0.401005025125628,0,0.753594411177645,NA,0.772715817652382,0.0846594810379241,0.915340518962076
453,"high",0.25,0.409045226130653,0,0.75764870259481,NA,0.774112381966289,0.0901061876247505,0.909893812375249
454,"high",0.25,0.413065326633166,0,0.760946906187625,NA,0.779917928066631,0.090439121756487,0.909560878243513
466,"low",0.25,0.461306532663317,0,0.797441117764471,NA,0.81196620524931,0.0966235528942116,0.903376447105788
467,"low",0.25,0.465326633165829,0,0.804802395209581,NA,0.815923113674979,0.0931584830339321,0.906841516966068
455,"high",0.25,0.417085427135678,0,0.76568622754491,NA,0.781851731413765,0.0923576846307385,0.907642315369261
452,"high",0.25,0.405025125628141,0,0.762439121756487,NA,0.779312608646874,0.0859217564870259,0.914078243512974
456,"high",0.25,0.421105527638191,0,0.77460998003992,NA,0.790941147409047,0.0891768463073852,0.910823153692615
459,"high",0.25,0.433165829145729,0,0.779811576846307,NA,0.795756186376136,0.0895984031936128,0.910401596806387
468,"low",0.25,0.469346733668342,0,0.805051497005988,NA,0.81808685667524,0.0872367265469062,0.912763273453094
469,"low",0.25,0.473366834170854,0,0.80715369261477,NA,0.817180876278257,0.0875816367265469,0.912418363273453
458,"high",0.25,0.429145728643216,0,0.772774451097804,NA,0.788674086130396,0.0986251497005988,0.901374850299401
463,"high",0.25,0.449246231155779,0,0.796840718562874,NA,0.808587300781628,0.0888295409181637,0.911170459081836
457,"high",0.25,0.425125628140704,0,0.769012375249501,NA,0.784876896770931,0.0890483033932136,0.910951696606786
464,"high",0.25,0.453266331658291,0,0.79120878243513,NA,0.80545200347988,0.0899057884231537,0.910094211576846
470,"low",0.25,0.477386934673367,0,0.80924630738523,NA,0.820430192041721,0.0913532934131737,0.908646706586826
471,"low",0.25,0.481407035175879,0,0.806264271457086,NA,0.821033031400661,0.089160878243513,0.910839121756487
472,"low",0.25,0.485427135678392,0,0.815598403193613,NA,0.825174083633488,0.0961445109780439,0.903855489021956
465,"high",0.25,0.457286432160804,0,0.793746107784431,NA,0.804887668692492,0.0904479041916168,0.909552095808383
460,"high",0.25,0.437185929648241,0,0.781654291417166,NA,0.794271960782939,0.090661876247505,0.909338123752495
473,"low",0.25,0.489447236180905,0.00555528942115768,0.817834730538922,0.473503703362214,0.827629667215149,0.0998171656686627,0.89462754491018
474,"low",0.25,0.493467336683417,0,0.816495808383234,NA,0.826442025357478,0.0897588822355289,0.910241117764471
461,"high",0.25,0.441206030150754,0,0.779897804391218,NA,0.79566275745088,0.0924822355289421,0.907517764471058
476,"low",0.25,0.501507537688442,0,0.819786826347305,NA,0.828897086255699,0.0872399201596806,0.912760079840319
462,"high",0.25,0.445226130653266,0,0.791061876247505,NA,0.804946781310734,0.0900558882235529,0.909944111776447
475,"low",0.25,0.49748743718593,0.00327904191616766,0.821413972055888,0.407910884856993,0.831783048646228,0.0940311377245509,0.902689820359281
467,"high",0.25,0.465326633165829,0,0.804802395209581,NA,0.815923113674979,0.0931584830339321,0.906841516966068
480,"low",0.25,0.517587939698492,0,0.828246706586826,NA,0.837731203262359,0.0955209580838323,0.904479041916168
477,"low",0.25,0.505527638190955,0,0.824926147704591,NA,0.8355071843376,0.0906251497005988,0.909374850299401
466,"high",0.25,0.461306532663317,0,0.797441117764471,NA,0.81196620524931,0.0966235528942116,0.903376447105788
479,"low",0.25,0.51356783919598,0,0.825524151696607,NA,0.835205104741544,0.0910730538922156,0.908926946107784
478,"low",0.25,0.509547738693467,0,0.826214770459082,NA,0.836803492178296,0.0952550898203593,0.904744910179641
481,"low",0.25,0.521608040201005,0,0.83539880239521,NA,0.84338363181645,0.0918331337325349,0.908166866267465
482,"low",0.25,0.525628140703518,0.00193453093812375,0.840266666666667,0.352181537136627,0.849447651962427,0.0975624750499002,0.900502994011976
471,"high",0.25,0.481407035175879,0,0.806264271457086,NA,0.821033031400661,0.089160878243513,0.910839121756487
484,"low",0.25,0.533668341708543,0.0192870259481038,0.834986027944112,0.38851498890941,0.842769343393063,0.135043512974052,0.845669461077844
470,"high",0.25,0.477386934673367,0,0.80924630738523,NA,0.820430192041721,0.0913532934131737,0.908646706586826
468,"high",0.25,0.469346733668342,0,0.805051497005988,NA,0.81808685667524,0.0872367265469062,0.912763273453094
472,"high",0.25,0.485427135678392,0,0.815598403193613,NA,0.825174083633488,0.0961445109780439,0.903855489021956
485,"low",0.25,0.537688442211055,0.000146107784431138,0.842616367265469,NA,0.849913082889794,0.0911936127744511,0.908660279441118
469,"high",0.25,0.473366834170854,0,0.80715369261477,NA,0.817180876278257,0.0875816367265469,0.912418363273453
473,"high",0.25,0.489447236180905,0.00555528942115768,0.817834730538922,0.473503703362214,0.827629667215149,0.0998171656686627,0.89462754491018
483,"low",0.25,0.52964824120603,0.0284191616766467,0.831800399201597,0.554527293348749,0.840421000933141,0.12257245508982,0.849008383233533
474,"high",0.25,0.493467336683417,0,0.816495808383234,NA,0.826442025357478,0.0897588822355289,0.910241117764471
476,"high",0.25,0.501507537688442,0,0.819786826347305,NA,0.828897086255699,0.0872399201596806,0.912760079840319
475,"high",0.25,0.49748743718593,0.00327904191616766,0.821413972055888,0.407910884856993,0.831783048646228,0.0940311377245509,0.902689820359281
486,"low",0.25,0.541708542713568,0.0216670658682635,0.840203592814371,0.474399953899624,0.847592675314817,0.121920159680639,0.856412774451098
488,"low",0.25,0.549748743718593,0.218122155688623,0.846269860279441,0.549813315671155,0.852764641503791,0.30155369261477,0.480324151696607
489,"low",0.25,0.553768844221106,0.157828343313373,0.844661876247505,0.540876643511633,0.851757722793479,0.264931736526946,0.577239920159681
479,"high",0.25,0.51356783919598,0,0.825524151696607,NA,0.835205104741544,0.0910730538922156,0.908926946107784
480,"high",0.25,0.517587939698492,0,0.828246706586826,NA,0.837731203262359,0.0955209580838323,0.904479041916168
487,"low",0.25,0.54572864321608,0.215706986027944,0.845809181636727,0.555569240294501,0.853623686226488,0.297001996007984,0.487291017964072
477,"high",0.25,0.505527638190955,0,0.824926147704591,NA,0.8355071843376,0.0906251497005988,0.909374850299401
491,"low",0.25,0.561809045226131,0.280641117764471,0.848233133732535,0.582288490403295,0.854965340098687,0.316071057884232,0.403287824351297
490,"low",0.25,0.557788944723618,0.330641916167665,0.844847904191617,0.595025901566387,0.853158584411335,0.347915369261477,0.321442714570858
482,"high",0.25,0.525628140703518,0.00193453093812375,0.840266666666667,0.352181537136627,0.849447651962427,0.0975624750499002,0.900502994011976
492,"low",0.25,0.565829145728643,0.343592015968064,0.849385229540918,0.614595904800569,0.856574190769582,0.331244710578842,0.325163273453094
481,"high",0.25,0.521608040201005,0,0.83539880239521,NA,0.84338363181645,0.0918331337325349,0.908166866267465
495,"low",0.25,0.577889447236181,0.401940918163673,0.853441117764471,0.627159903798907,0.859980366656767,0.340027944111776,0.258031137724551
478,"high",0.25,0.509547738693467,0,0.826214770459082,NA,0.836803492178296,0.0952550898203593,0.904744910179641
485,"high",0.25,0.537688442211055,0.000146107784431138,0.842616367265469,NA,0.849913082889794,0.0911936127744511,0.908660279441118
497,"low",0.25,0.585929648241206,0.523108183632734,0.857433932135728,0.670034068028591,0.86250379088428,0.334144510978044,0.142747305389222
493,"low",0.25,0.569849246231156,0.382370459081836,0.853671057884232,0.616118111876426,0.861010301350014,0.356825548902196,0.260803992015968
494,"low",0.25,0.573869346733668,0.41101876247505,0.853738922155689,0.625195175539,0.860417275355776,0.34898123752495,0.24
499,"low",0.25,0.593969849246231,0.528213173652695,0.863789221556886,0.673943780361159,0.86956387685066,0.33317125748503,0.138615568862275
503,"low",0.25,0.610050251256282,0.562697005988024,0.864887824351297,0.698264150323449,0.870455997019807,0.314024750499002,0.123278243512974
498,"low",0.25,0.589949748743719,0.49270499001996,0.855683832335329,0.663531084982501,0.862469075181675,0.337203992015968,0.170091017964072
496,"low",0.25,0.581909547738694,0.463042714570858,0.853794011976048,0.65170983056122,0.860006706048586,0.342757684630739,0.194199600798403
500,"low",0.25,0.597989949748744,0.530698602794411,0.857196007984032,0.677579509609581,0.864388699394545,0.330838323353293,0.138463073852295
505,"low",0.25,0.618090452261307,0.580905389221557,0.87177245508982,0.704184189482313,0.876752160879061,0.310759281437126,0.108335329341317
504,"low",0.25,0.614070351758794,0.573136127744511,0.866596407185629,0.700896081585436,0.871841045282656,0.309939321357285,0.116924550898204
506,"low",0.25,0.622110552763819,0.601790818363273,0.871615968063872,0.710113563900889,0.876326252211584,0.300024750499002,0.0981844311377246
501,"low",0.25,0.602010050251256,0.494413572854291,0.861405189620759,0.657726974366095,0.866495934831354,0.338547704590818,0.16703872255489
502,"low",0.25,0.606030150753769,0.531330938123753,0.865386027944112,0.676831290938828,0.871090097129907,0.329355688622754,0.139313373253493
508,"low",0.25,0.630150753768844,0.594441516966068,0.868070259481038,0.703262636786129,0.87286878057157,0.309817165668663,0.0957413173652695
509,"low",0.25,0.634170854271357,0.619183233532934,0.87376127744511,0.726908824661893,0.878206861972708,0.283983233532934,0.0968335329341317
511,"low",0.25,0.642211055276382,0.632277844311377,0.868111776447106,0.736282105371685,0.872675363456114,0.277249500998004,0.0904726546906188
507,"low",0.25,0.626130653266332,0.592645908183633,0.869794011976048,0.707734421158918,0.875195323075425,0.303221556886228,0.10413253493014
512,"low",0.25,0.646231155778894,0.641350099800399,0.879341317365269,0.737903438311824,0.883905500222796,0.276330538922156,0.0823193612774451
513,"low",0.25,0.650251256281407,0.631437125748503,0.877859481037924,0.732196026342191,0.882104329033571,0.277484231536926,0.0910786427145709
514,"low",0.25,0.65427135678392,0.675431536926148,0.879044311377245,0.754800553431672,0.884348004520815,0.257773253493014,0.0667952095808383
517,"low",0.25,0.666331658291457,0.673199201596806,0.88008622754491,0.750941519688229,0.884945294725449,0.260562075848303,0.0662387225548902
510,"low",0.25,0.638190954773869,0.594453493013972,0.875226347305389,0.709618108465622,0.880839156128941,0.304415169660679,0.101131337325349
516,"low",0.25,0.662311557788945,0.643737325349301,0.884197205588822,0.738009126402188,0.88809023429184,0.27500119760479,0.0812614770459082
515,"low",0.25,0.658291457286432,0.659148902195609,0.876859081836327,0.746345258142021,0.88126420225475,0.26742994011976,0.0734211576846307
521,"low",0.25,0.682412060301508,0.680519760479042,0.88438243512974,0.760882040984384,0.887917933780222,0.250098203592814,0.0693820359281437
520,"low",0.25,0.678391959798995,0.687968063872256,0.883964870259481,0.765274451767256,0.887068396177468,0.249033133732535,0.0629988023952096
522,"low",0.25,0.68643216080402,0.700099800399202,0.889060279441118,0.769285408094125,0.892387288820541,0.242976447105788,0.05692375249501
526,"low",0.25,0.70251256281407,0.725663872255489,0.889890618762475,0.790844184345703,0.893563930054287,0.220859880239521,0.05347624750499
518,"low",0.25,0.67035175879397,0.684283433133733,0.884468662674651,0.763589086289562,0.888317884872356,0.248718562874252,0.066998003992016
525,"low",0.25,0.698492462311558,0.709337325349301,0.888088622754491,0.778912355106023,0.892365562254768,0.235652694610778,0.0550099800399202
524,"low",0.25,0.694472361809045,0.722720958083832,0.886880638722555,0.784892183787727,0.891489917819653,0.224323353293413,0.0529556886227545
519,"low",0.25,0.674371859296482,0.675961676646707,0.882065469061876,0.75595018461389,0.88605995564113,0.258171656686627,0.0658666666666667
527,"low",0.25,0.706532663316583,0.709943313373253,0.889020359281437,0.780290884763885,0.892835639216449,0.233609580838323,0.0564471057884232
523,"low",0.25,0.690452261306533,0.700187624750499,0.888748103792415,0.773167460245532,0.891998668087667,0.239788423153693,0.0600239520958084
530,"low",0.25,0.718592964824121,0.740648303393214,0.891881836327345,0.798506825422823,0.895499612205186,0.211987225548902,0.0473644710578842
531,"low",0.25,0.722613065326633,0.746475848303393,0.894240319361277,0.801027689651051,0.898525636392529,0.207033133732535,0.0464910179640719
528,"low",0.25,0.710552763819096,0.727349301397206,0.889271057884232,0.786664295159697,0.893098899253549,0.223157684630739,0.0494930139720559
529,"low",0.25,0.714572864321608,0.731129740518962,0.892483832335329,0.794100420542606,0.895170824799593,0.218182035928144,0.0506882235528942
532,"low",0.25,0.726633165829146,0.74846626746507,0.893683033932136,0.804941517192859,0.896901735498404,0.207784431137725,0.0437493013972056
534,"low",0.25,0.734673366834171,0.763900998003992,0.895573652694611,0.814668461540292,0.898476883841312,0.194265069860279,0.0418339321357285
536,"low",0.25,0.742713567839196,0.766966067864271,0.898240319361277,0.815844611379722,0.900973315719891,0.19362874251497,0.0394051896207585
537,"low",0.25,0.746733668341709,0.752883033932136,0.897543313373253,0.807468847539025,0.901101360486745,0.203101796407186,0.0440151696606786
535,"low",0.25,0.738693467336683,0.759722954091816,0.901895409181637,0.808879253178419,0.903835136010811,0.198040718562874,0.0422363273453094
533,"low",0.25,0.730653266331658,0.747652694610778,0.895119361277445,0.802771746100397,0.898056660715212,0.20829620758483,0.0440510978043912
541,"low",0.25,0.762814070351759,0.771342914171657,0.901762075848303,0.816718811671939,0.904790767219822,0.19160878243513,0.0370483033932136
543,"low",0.25,0.770854271356784,0.780310578842315,0.898850299401198,0.823295339475248,0.902320509163434,0.183773253493014,0.0359161676646707
538,"low",0.25,0.750753768844221,0.763824351297405,0.89997125748503,0.813156352437776,0.902597837238618,0.195924151696607,0.040251497005988
542,"low",0.25,0.766834170854271,0.775458682634731,0.900729740518962,0.821856991460919,0.903704416018883,0.186019161676647,0.0385221556886228
546,"low",0.25,0.782914572864322,0.789808383233533,0.903956087824351,0.831107586327116,0.906469525107742,0.176765668662675,0.0334259481037924
544,"low",0.25,0.774874371859297,0.790191616766467,0.90327744510978,0.83161765474194,0.905584196814941,0.176219560878244,0.0335888223552894
539,"low",0.25,0.754773869346734,0.756964471057884,0.89678003992016,0.810998922607254,0.89991581473369,0.199461876247505,0.0435736526946108
547,"low",0.25,0.786934673366834,0.799508982035928,0.902948502994012,0.839449092865103,0.90531554750412,0.167064271457086,0.033426746506986
549,"low",0.25,0.794974874371859,0.799939321357285,0.907144910179641,0.837182683573693,0.9095844366988,0.168623552894212,0.031437125748503
540,"low",0.25,0.758793969849246,0.773107385229541,0.90140998003992,0.820422014133107,0.903874400763663,0.187943313373253,0.0389493013972056
545,"low",0.25,0.778894472361809,0.800750499001996,0.903594411177645,0.837679995806554,0.906127946481878,0.166501397205589,0.0327481037924152
551,"low",0.25,0.803015075376885,0.803920958083832,0.907930538922156,0.839039116601143,0.910391914988053,0.16492375249501,0.0311552894211577
552,"low",0.25,0.807035175879397,0.808196407185629,0.908460678642715,0.842486618546243,0.910668500130591,0.162852694610778,0.0289508982035928
550,"low",0.25,0.798994974874372,0.800520558882236,0.907478642714571,0.836874902111882,0.910144375902909,0.16859880239521,0.0308806387225549
548,"low",0.25,0.790954773869347,0.80424750499002,0.905587225548902,0.840675902261895,0.908264729607919,0.164879041916168,0.0308734530938124
555,"low",0.25,0.819095477386935,0.815907385229541,0.910924550898204,0.84830752988848,0.913407584393908,0.155848303393214,0.0282443113772455
556,"low",0.25,0.823115577889447,0.82271377245509,0.908916566866267,0.85368063479325,0.911360683343405,0.150748103792415,0.026538123752495
553,"low",0.25,0.81105527638191,0.811590419161677,0.908178043912176,0.844164808090666,0.910454835626475,0.159956886227545,0.0284526946107784
557,"low",0.25,0.82713567839196,0.821181636726547,0.910980439121757,0.851658873182909,0.913197229396956,0.152122155688623,0.0266962075848303
558,"low",0.25,0.831155778894472,0.818844710578842,0.913060279441118,0.851940869659346,0.915293824478885,0.154358483033932,0.0267968063872255
554,"low",0.25,0.815075376884422,0.8067624750499,0.90990499001996,0.844409315334371,0.91232228630662,0.163338123752495,0.0298994011976048
559,"low",0.25,0.835175879396985,0.828665069860279,0.913925748502994,0.857798237403979,0.916427469043404,0.146045508982036,0.0252894211576846
561,"low",0.25,0.84321608040201,0.828805588822355,0.911718163672655,0.859592628050699,0.91436540760632,0.145393213572854,0.0258011976047904
565,"low",0.25,0.85929648241206,0.832712175648703,0.916013572854291,0.860054843052867,0.918573364512722,0.1432375249501,0.0240502994011976
564,"low",0.25,0.855276381909548,0.836948502994012,0.911984830339321,0.864193146900484,0.914506198464576,0.139075449101796,0.0239760479041916
562,"low",0.25,0.847236180904523,0.825680638722555,0.911813173652695,0.855517258569793,0.913836522844875,0.148289820359281,0.0260295409181637
569,"low",0.25,0.875376884422111,0.841631936127745,0.916095808383234,0.86712611449338,0.91831233044546,0.135717365269461,0.0226506986027944
560,"low",0.25,0.839195979899497,0.816374451097804,0.913274251497006,0.848963672185745,0.915389016930886,0.157053892215569,0.0265716566866267
568,"low",0.25,0.871356783919598,0.837992814371257,0.914926147704591,0.864031516000837,0.917091341046432,0.13911377245509,0.0228934131736527
566,"low",0.25,0.863316582914573,0.830290618762475,0.916007984031936,0.859806418125277,0.917385841109651,0.145007584830339,0.0247017964071856
567,"low",0.25,0.867336683417085,0.83506746506986,0.915669461077844,0.862968699944586,0.917941263507966,0.140763273453094,0.0241692614770459
563,"low",0.25,0.851256281407035,0.832723353293413,0.914634730538922,0.859685335150798,0.916780838062606,0.142577245508982,0.0246994011976048
573,"low",0.25,0.891457286432161,0.844623552894212,0.917749301397206,0.869934952816508,0.920180252020536,0.131977644710579,0.0233988023952096
572,"low",0.25,0.887437185929648,0.843748502994012,0.916484630738523,0.868342557089083,0.918890074512702,0.134596407185629,0.0216550898203593
576,"low",0.25,0.903517587939699,0.852570059880239,0.918821556886228,0.874771598109559,0.92045651272696,0.126889421157685,0.0205405189620758
570,"low",0.25,0.879396984924623,0.834946107784431,0.915528942115769,0.862900410582346,0.917536894937859,0.140043113772455,0.0250107784431138
577,"low",0.25,0.907537688442211,0.851230339321357,0.921784431137725,0.874461964109437,0.923389547076,0.127101796407186,0.0216678642714571
580,"low",0.25,0.919597989949749,0.863413173652695,0.919979241516966,0.883249976627721,0.921871220175367,0.117887425149701,0.0186994011976048
574,"low",0.25,0.895477386934673,0.845924151696607,0.921575249500998,0.871368208404802,0.923715241404233,0.131852295409182,0.0222235528942116
571,"low",0.25,0.883417085427136,0.853034730538922,0.917086626746507,0.875379517879882,0.919180085972435,0.127477045908184,0.0194882235528942
579,"low",0.25,0.915577889447236,0.84939001996008,0.920136526946108,0.873798400832005,0.922236502338368,0.128632335329341,0.0219776447105788
582,"low",0.25,0.927638190954774,0.861071457085828,0.922803992015968,0.881268898810872,0.924433359241914,0.120769660678643,0.0181588822355289
575,"low",0.25,0.899497487437186,0.852159680638723,0.917369261477046,0.874201582620493,0.919750627604274,0.127623952095808,0.0202163672654691
578,"low",0.25,0.911557788944724,0.849449900199601,0.920548502994012,0.873441620426354,0.922731245083428,0.129394810379242,0.0211552894211577
581,"low",0.25,0.923618090452261,0.861312574850299,0.922109381237525,0.881400566122966,0.923838326101253,0.121081836327345,0.0176055888223553
584,"low",0.25,0.935678391959799,0.855423552894212,0.924666666666667,0.878139246039424,0.926663565342295,0.123458682634731,0.0211177644710579
583,"low",0.25,0.931658291457287,0.855439520958084,0.923060279441118,0.878117293562599,0.925132753623651,0.123704590818363,0.0208558882235529
585,"low",0.25,0.939698492462312,0.872605988023952,0.922916566866267,0.889597090221806,0.925094807533301,0.111787624750499,0.0156063872255489
589,"low",0.25,0.955778894472362,0.877970459081836,0.925177644710579,0.895343719186649,0.926871222011194,0.105356487025948,0.0166730538922156
587,"low",0.25,0.947738693467337,0.862792814371257,0.925134530938124,0.88295334052593,0.926482117637689,0.118221956087824,0.0189852295409182
586,"low",0.25,0.943718592964824,0.860368862275449,0.924881437125749,0.881123995587604,0.926213173908882,0.120314570858283,0.0193165668662675
593,"low",0.25,0.971859296482412,0.875137724550898,0.928318562874252,0.892709077922134,0.930006988149792,0.108049500998004,0.0168127744510978
591,"low",0.25,0.963819095477387,0.872597205588822,0.926487824351297,0.890064545395819,0.928468914358235,0.110607584830339,0.0167952095808383
590,"low",0.25,0.959798994974874,0.873366067864271,0.926546107784431,0.890463573105592,0.928176526775622,0.110396007984032,0.0162379241516966
595,"low",0.25,0.979899497487437,0.877794011976048,0.929436327345309,0.894001534047395,0.931143130703566,0.106254690618762,0.0159512974051896
594,"low",0.25,0.975879396984925,0.875504191616767,0.926858283433134,0.892744384568799,0.928653103231045,0.108239520958084,0.0162562874251497
588,"low",0.25,0.951758793969849,0.868649101796407,0.925079441117765,0.887497148165046,0.926508580205373,0.113651896207585,0.017699001996008
597,"low",0.25,0.987939698492462,0.877318163672655,0.92880878243513,0.8937189513721,0.930475301580404,0.106779241516966,0.0159025948103792
598,"low",0.25,0.991959798994975,0.870657085828343,0.930384830339321,0.889940871980185,0.931739934804854,0.111730139720559,0.0176127744510978
592,"low",0.25,0.9678391959799,0.869813173652695,0.925452295409182,0.889521490508147,0.927387244355491,0.112502994011976,0.0176838323353293
600,"low",0.25,1,0.88184750499002,0.930116566866267,0.89777681724771,0.931533242809674,0.102818363273453,0.0153341317365269
596,"low",0.25,0.98391959798995,0.871560079840319,0.928915768463074,0.889298326276566,0.93052968709098,0.110826347305389,0.0176135728542914
599,"low",0.25,0.995979899497488,0.882325748502994,0.928664271457086,0.897780822230388,0.930034771443058,0.102220359281437,0.0154538922155689
