"global","stock","m","g","b","d","c_","del","r","f","rho_plus","vul","eq"
"global","stock","m","g","b","d","c_","del","r","f","rho","vul","equlbr"
TRUE,FALSE,0.05,0,0.2,0.1,0.2,0.1,0.01,0.9,0.001,NA,0.00076606308926203
TRUE,FALSE,0.05,0,0.205,0.1,0.2,0.1,0.01,0.9,0.0014,NA,0.000402040124201722
TRUE,FALSE,0.05,0,0.21,0.1,0.2,0.1,0.01,0.9,2e-04,NA,0.000187168549261339
TRUE,FALSE,0.05,0,0.215,0.1,0.2,0.1,0.01,0.9,0.0034,NA,0.00171838154860483
TRUE,FALSE,0.05,0,0.22,0.1,0.2,0.1,0.01,0.9,0,NA,0.000236895582004205
TRUE,FALSE,0.05,0,0.225,0.1,0.2,0.1,0.01,0.9,0.0012,NA,0.000405787266008713
TRUE,FALSE,0.05,0,0.23,0.1,0.2,0.1,0.01,0.9,3e-04,NA,0.000493130437022947
TRUE,FALSE,0.05,0,0.235,0.1,0.2,0.1,0.01,0.9,0,NA,0.000265253817217513
TRUE,FALSE,0.05,0,0.24,0.1,0.2,0.1,0.01,0.9,0,NA,0.000206819043906063
TRUE,FALSE,0.05,0,0.245,0.1,0.2,0.1,0.01,0.9,2e-04,NA,3.94524946329094e-05
TRUE,FALSE,0.05,0,0.25,0.1,0.2,0.1,0.01,0.9,0.0035,NA,0.0010362159513898
TRUE,FALSE,0.05,0,0.255,0.1,0.2,0.1,0.01,0.9,5e-04,NA,0.000205895351996495
TRUE,FALSE,0.05,0,0.26,0.1,0.2,0.1,0.01,0.9,0,NA,9.24482327655562e-05
TRUE,FALSE,0.05,0,0.265,0.1,0.2,0.1,0.01,0.9,3e-04,NA,0.000180035884607746
TRUE,FALSE,0.05,0,0.27,0.1,0.2,0.1,0.01,0.9,0.0014,NA,0.000498214333573715
TRUE,FALSE,0.05,0,0.275,0.1,0.2,0.1,0.01,0.9,0,NA,9.88021676670525e-05
TRUE,FALSE,0.05,0,0.28,0.1,0.2,0.1,0.01,0.9,0,NA,0.000173965204212575
TRUE,FALSE,0.05,0,0.285,0.1,0.2,0.1,0.01,0.9,0.0031,NA,0.000602617783633215
TRUE,FALSE,0.05,0,0.29,0.1,0.2,0.1,0.01,0.9,0,NA,6.60548069219164e-05
TRUE,FALSE,0.05,0,0.295,0.1,0.2,0.1,0.01,0.9,0.0026,NA,0.000311401232631892
TRUE,FALSE,0.05,0,0.3,0.1,0.2,0.1,0.01,0.9,0,NA,0.000223640379346006
TRUE,FALSE,0.05,0,0.305,0.1,0.2,0.1,0.01,0.9,0.002,NA,0.000632027159021321
TRUE,FALSE,0.05,0,0.31,0.1,0.2,0.1,0.01,0.9,0.0012,NA,0.000632027159021321
TRUE,FALSE,0.05,0,0.315,0.1,0.2,0.1,0.01,0.9,1e-04,NA,0.000349136125228567
TRUE,FALSE,0.05,0,0.32,0.1,0.2,0.1,0.01,0.9,0,NA,6.98272250457135e-05
TRUE,FALSE,0.05,0,0.325,0.1,0.2,0.1,0.01,0.9,0,NA,0.000112175047290347
TRUE,FALSE,0.05,0,0.33,0.1,0.2,0.1,0.01,0.9,0,NA,7.13841210029478e-05
TRUE,FALSE,0.05,0,0.335,0.1,0.2,0.1,0.01,0.9,0.0019,NA,0.00021862222343129
TRUE,FALSE,0.05,0,0.34,0.1,0.2,0.1,0.01,0.9,0,NA,7.44080917092949e-05
TRUE,FALSE,0.05,0,0.345,0.1,0.2,0.1,0.01,0.9,0.0012,NA,5.31486369352107e-05
TRUE,FALSE,0.05,0,0.35,0.1,0.2,0.1,0.01,0.9,0.0014,NA,0.000690932280157738
TRUE,FALSE,0.05,0,0.355,0.1,0.2,0.1,0.01,0.9,9e-04,NA,0.000140602311361458
TRUE,FALSE,0.05,0,0.36,0.1,0.2,0.1,0.01,0.9,0.0033,NA,0.000140602311361458
TRUE,FALSE,0.05,0,0.365,0.1,0.2,0.1,0.01,0.9,6e-04,NA,0.00018688399923775
TRUE,FALSE,0.05,0,0.37,0.1,0.2,0.1,0.01,0.9,0.0033,NA,0.00036277482204975
TRUE,FALSE,0.05,0,0.375,0.1,0.2,0.1,0.01,0.9,0.0045,NA,0.000368196954481174
TRUE,FALSE,0.05,0,0.38,0.1,0.2,0.1,0.01,0.9,0.004,NA,0.000368196954481174
TRUE,FALSE,0.05,0,0.385,0.1,0.2,0.1,0.01,0.9,0.0017,NA,0.000101861660138675
TRUE,FALSE,0.05,0,0.39,0.1,0.2,0.1,0.01,0.9,0.0021,NA,5.6589811188153e-05
TRUE,FALSE,0.05,0,0.395,0.1,0.2,0.1,0.01,0.9,0.0026,NA,0.000103192975296542
TRUE,FALSE,0.05,0,0.4,0.1,0.2,0.1,0.01,0.9,7e-04,NA,0.000104547178638003
TRUE,FALSE,0.05,0,0.405,0.1,0.2,0.1,0.01,0.9,0.0012,NA,0.000104547178638003
TRUE,FALSE,0.05,0,0.41,0.1,0.2,0.1,0.01,0.9,0.0033,NA,0.00024633234272335
TRUE,FALSE,0.05,0,0.415,0.1,0.2,0.1,0.01,0.9,2e-04,NA,5.86505577912738e-05
TRUE,FALSE,0.05,0,0.42,0.1,0.2,0.1,0.01,0.9,0.0023,NA,0.000439080109088046
TRUE,FALSE,0.05,0,0.425,0.1,0.2,0.1,0.01,0.9,9e-04,NA,0.000106803269778173
TRUE,FALSE,0.05,0,0.43,0.1,0.2,0.1,0.01,0.9,9e-04,NA,0.000155620817975077
TRUE,FALSE,0.05,0,0.435,0.1,0.2,0.1,0.01,0.9,0.003,NA,0.000347154132405941
TRUE,FALSE,0.05,0,0.44,0.1,0.2,0.1,0.01,0.9,6e-04,NA,0.000107737489367361
TRUE,FALSE,0.05,0,0.445,0.1,0.2,0.1,0.01,0.9,0,NA,0.00022943365825126
TRUE,FALSE,0.05,0,0.45,0.1,0.2,0.1,0.01,0.9,8e-04,NA,0.000108679101276913
TRUE,FALSE,0.05,0,0.455,0.1,0.2,0.1,0.01,0.9,6e-04,NA,0.000207156978943567
TRUE,FALSE,0.05,0,0.46,0.1,0.2,0.1,0.01,0.9,0,NA,3.68489476543168e-05
TRUE,FALSE,0.05,0,0.465,0.1,0.2,0.1,0.01,0.9,0.0011,NA,6.14149127571947e-05
TRUE,FALSE,0.05,0,0.47,0.1,0.2,0.1,0.01,0.9,0.002,NA,0.000111345032324102
TRUE,FALSE,0.05,0,0.475,0.1,0.2,0.1,0.01,0.9,0.0019,NA,0.00021031839438997
TRUE,FALSE,0.05,0,0.48,0.1,0.2,0.1,0.01,0.9,0,NA,3.73729712675629e-05
TRUE,FALSE,0.05,0,0.485,0.1,0.2,0.1,0.01,0.9,0,NA,0.000186864856337815
TRUE,FALSE,0.05,0,0.49,0.1,0.2,0.1,0.01,0.9,0.0014,NA,0.000112118913802689
TRUE,FALSE,0.05,0,0.495,0.1,0.2,0.1,0.01,0.9,0.0027,NA,0.000112869684669023
TRUE,FALSE,0.05,0,0.5,0.1,0.2,0.1,0.01,0.9,0.0055,NA,0.000112869684669023
TRUE,FALSE,0.05,0,0.505,0.1,0.2,0.1,0.01,0.9,0.0033,NA,0.000163992856641074
TRUE,FALSE,0.05,0,0.51,0.1,0.2,0.1,0.01,0.9,7e-04,NA,0.000113533516136128
TRUE,FALSE,0.05,0,0.515,0.1,0.2,0.1,0.01,0.9,0,NA,8.88343730179745e-05
TRUE,FALSE,0.05,0,0.52,0.1,0.2,0.1,0.01,0.9,0.0049,NA,0.000266503119053923
TRUE,FALSE,0.05,0,0.525,0.1,0.2,0.1,0.01,0.9,0.0056,NA,6.3807061280615e-05
TRUE,FALSE,0.05,0,0.53,0.1,0.2,0.1,0.01,0.9,0.0018,NA,0.000114852710305107
TRUE,FALSE,0.05,0,0.535,0.1,0.2,0.1,0.01,0.9,8e-04,NA,0.000218046323596609
TRUE,FALSE,0.05,0,0.54,0.1,0.2,0.1,0.01,0.9,0.001,NA,0.000115436288962911
TRUE,FALSE,0.05,0,0.545,0.1,0.2,0.1,0.01,0.9,0.0071,NA,6.44538374429607e-05
TRUE,FALSE,0.05,0,0.55,0.1,0.2,0.1,0.01,0.9,0.0019,NA,6.44538374429607e-05
TRUE,FALSE,0.05,0,0.555,0.1,0.2,0.1,0.01,0.9,0,NA,9.06818898671437e-05
TRUE,FALSE,0.05,0,0.56,0.1,0.2,0.1,0.01,0.9,0.009,NA,0.000429513390534784
TRUE,FALSE,0.05,0,0.565,0.1,0.2,0.1,0.01,0.9,0.001,NA,6.50777864446642e-05
TRUE,FALSE,0.05,0,0.57,0.1,0.2,0.1,0.01,0.9,0.0036,NA,0.000169868944607075
TRUE,FALSE,0.05,0,0.575,0.1,0.2,0.1,0.01,0.9,0,NA,0.000248269995964186
TRUE,FALSE,0.05,0,0.58,0.1,0.2,0.1,0.01,0.9,0,NA,0.00014426978923063
TRUE,FALSE,0.05,0,0.585,0.1,0.2,0.1,0.01,0.9,0,NA,9.18080476922194e-05
TRUE,FALSE,0.05,0,0.59,0.1,0.2,0.1,0.01,0.9,0,NA,9.21623069795221e-05
TRUE,FALSE,0.05,0,0.595,0.1,0.2,0.1,0.01,0.9,0,NA,9.21623069795221e-05
TRUE,FALSE,0.05,0,0.6,0.1,0.2,0.1,0.01,0.9,0.0061,NA,0.000224626219775576
TRUE,FALSE,0.05,0,0.605,0.1,0.2,0.1,0.01,0.9,0.0017,NA,0.000224626219775576
TRUE,FALSE,0.05,0,0.61,0.1,0.2,0.1,0.01,0.9,0.01,NA,0.000225509609381834
TRUE,FALSE,0.05,0,0.615,0.1,0.2,0.1,0.01,0.9,0.0056,NA,0.000119387440260971
TRUE,FALSE,0.05,0,0.62,0.1,0.2,0.1,0.01,0.9,0.0063,NA,0.000225509609381834
TRUE,FALSE,0.05,0,0.625,0.1,0.2,0.1,0.01,0.9,0.0078,NA,0.000332575353520604
TRUE,FALSE,0.05,0,0.63,0.1,0.2,0.1,0.01,0.9,0.0014,NA,6.65150707041209e-05
TRUE,FALSE,0.05,0,0.635,0.1,0.2,0.1,0.01,0.9,0,NA,4.00350075248622e-05
TRUE,FALSE,0.05,0,0.64,0.1,0.2,0.1,0.01,0.9,0,NA,9.34150175580118e-05
TRUE,FALSE,0.05,0,0.645,0.1,0.2,0.1,0.01,0.9,0.0017,NA,6.69130440879597e-05
TRUE,FALSE,0.05,0,0.65,0.1,0.2,0.1,0.01,0.9,0.0025,NA,0.000120443479358328
TRUE,FALSE,0.05,0,0.655,0.1,0.2,0.1,0.01,0.9,0.0049,NA,0.000120829939541877
TRUE,FALSE,0.05,0,0.66,0.1,0.2,0.1,0.01,0.9,0,NA,9.39788418659042e-05
TRUE,FALSE,0.05,0,0.665,0.1,0.2,0.1,0.01,0.9,0,NA,9.42230090358881e-05
TRUE,FALSE,0.05,0,0.67,0.1,0.2,0.1,0.01,0.9,0,NA,9.42230090358881e-05
TRUE,FALSE,0.05,0,0.675,0.1,0.2,0.1,0.01,0.9,0.0039,NA,0.000175528775470492
TRUE,FALSE,0.05,0,0.68,0.1,0.2,0.1,0.01,0.9,0.0056,NA,0.000121519921479571
TRUE,FALSE,0.05,0,0.685,0.1,0.2,0.1,0.01,0.9,0.0084,NA,6.76646759881422e-05
TRUE,FALSE,0.05,0,0.69,0.1,0.2,0.1,0.01,0.9,0,NA,0.000148862287173913
TRUE,FALSE,0.05,0,0.695,0.1,0.2,0.1,0.01,0.9,0.0021,NA,6.78276209992377e-05
TRUE,FALSE,0.05,0,0.7,0.1,0.2,0.1,0.01,0.9,0.0059,NA,1.35655241998475e-05
TRUE,FALSE,0.05,0,0.705,0.1,0.2,0.1,0.01,0.9,0.0053,NA,6.79979909779763e-05
TRUE,FALSE,0.05,0,0.71,0.1,0.2,0.1,0.01,0.9,0,NA,4.07987945867858e-05
TRUE,FALSE,0.05,0,0.715,0.1,0.2,0.1,0.01,0.9,0.0075,NA,0.000177169824213868
TRUE,FALSE,0.05,0,0.72,0.1,0.2,0.1,0.01,0.9,2e-04,NA,0.000122656032148063
TRUE,FALSE,0.05,0,0.725,0.1,0.2,0.1,0.01,0.9,0.0026,NA,1.36581082221056e-05
TRUE,FALSE,0.05,0,0.73,0.1,0.2,0.1,0.01,0.9,0,NA,4.09743246663167e-05
TRUE,FALSE,0.05,0,0.735,0.1,0.2,0.1,0.01,0.9,0.0025,NA,0.000287407338783708
TRUE,FALSE,0.05,0,0.74,0.1,0.2,0.1,0.01,0.9,0.0022,NA,0.000123174573764446
TRUE,FALSE,0.05,0,0.745,0.1,0.2,0.1,0.01,0.9,0.0061,NA,6.85893720303791e-05
TRUE,FALSE,0.05,0,0.75,0.1,0.2,0.1,0.01,0.9,0,NA,0.000205768116091137
TRUE,FALSE,0.05,0,0.755,0.1,0.2,0.1,0.01,0.9,0,NA,9.62254527854194e-05
TRUE,FALSE,0.05,0,0.76,0.1,0.2,0.1,0.01,0.9,0.002,NA,6.87324662752996e-05
TRUE,FALSE,0.05,0,0.765,0.1,0.2,0.1,0.01,0.9,0,NA,4.13119173650621e-05
TRUE,FALSE,0.05,0,0.77,0.1,0.2,0.1,0.01,0.9,0.0154,NA,0.000234100865068685
TRUE,FALSE,0.05,0,0.775,0.1,0.2,0.1,0.01,0.9,0,NA,0.000206911408550809
TRUE,FALSE,0.05,0,0.78,0.1,0.2,0.1,0.01,0.9,0.0032,NA,0.000234499596357584
TRUE,FALSE,0.05,0,0.785,0.1,0.2,0.1,0.01,0.9,0.0046,NA,6.91072875512788e-05
TRUE,FALSE,0.05,0,0.79,0.1,0.2,0.1,0.01,0.9,0.014,NA,0.000234964777674348
TRUE,FALSE,0.05,0,0.795,0.1,0.2,0.1,0.01,0.9,0.0135,NA,0.000179950450034505
TRUE,FALSE,0.05,0,0.8,0.1,0.2,0.1,0.01,0.9,0,NA,9.68963961724257e-05
TRUE,FALSE,0.05,0,0.805,0.1,0.2,0.1,0.01,0.9,0,NA,9.70702911419669e-05
TRUE,FALSE,0.05,0,0.81,0.1,0.2,0.1,0.01,0.9,0,NA,0.000152716924266514
TRUE,FALSE,0.05,0,0.815,0.1,0.2,0.1,0.01,0.9,0,NA,9.71834972605089e-05
TRUE,FALSE,0.05,0,0.82,0.1,0.2,0.1,0.01,0.9,0.0173,NA,0.000292157036427187
TRUE,FALSE,0.05,0,0.825,0.1,0.2,0.1,0.01,0.9,0.0031,NA,1.39122398298661e-05
TRUE,FALSE,0.05,0,0.83,0.1,0.2,0.1,0.01,0.9,0.0042,NA,0.000125352378254818
TRUE,FALSE,0.05,0,0.835,0.1,0.2,0.1,0.01,0.9,0.0037,NA,6.96402101415654e-05
TRUE,FALSE,0.05,0,0.84,0.1,0.2,0.1,0.01,0.9,0.0063,NA,6.97493298581495e-05
TRUE,FALSE,0.05,0,0.845,0.1,0.2,0.1,0.01,0.9,0.0101,NA,0.000125548793744669
TRUE,FALSE,0.05,0,0.85,0.1,0.2,0.1,0.01,0.9,0,NA,0.000265423800615853
TRUE,FALSE,0.05,0,0.855,0.1,0.2,0.1,0.01,0.9,0.0067,NA,0.000237484453182606
TRUE,FALSE,0.05,0,0.86,0.1,0.2,0.1,0.01,0.9,0.0307,NA,6.99449343529732e-05
TRUE,FALSE,0.05,0,0.865,0.1,0.2,0.1,0.01,0.9,0,NA,9.79229080941624e-05
TRUE,FALSE,0.05,0,0.87,0.1,0.2,0.1,0.01,0.9,0.0056,NA,0.000238128553183406
TRUE,FALSE,0.05,0,0.875,0.1,0.2,0.1,0.01,0.9,0,NA,4.20226858558952e-05
TRUE,FALSE,0.05,0,0.88,0.1,0.2,0.1,0.01,0.9,0.0187,NA,0.000350615477185325
TRUE,FALSE,0.05,0,0.885,0.1,0.2,0.1,0.01,0.9,0.004,NA,0.000126221571786717
TRUE,FALSE,0.05,0,0.89,0.1,0.2,0.1,0.01,0.9,0,NA,4.2129827818616e-05
TRUE,FALSE,0.05,0,0.895,0.1,0.2,0.1,0.01,0.9,0,NA,9.83029315767706e-05
TRUE,FALSE,0.05,0,0.9,0.1,0.2,0.1,0.01,0.9,0.0147,NA,0.000239024298106687
TRUE,FALSE,0.05,0,0.905,0.1,0.2,0.1,0.01,0.9,0.0232,NA,0.000239024298106687
TRUE,FALSE,0.05,0,0.91,0.1,0.2,0.1,0.01,0.9,0,NA,9.84217698086359e-05
TRUE,FALSE,0.05,0,0.915,0.1,0.2,0.1,0.01,0.9,0,NA,4.22253311788814e-05
TRUE,FALSE,0.05,0,0.92,0.1,0.2,0.1,0.01,0.9,0,NA,4.22253311788814e-05
TRUE,FALSE,0.05,0,0.925,0.1,0.2,0.1,0.01,0.9,0.0011,NA,1.40911460041976e-05
TRUE,FALSE,0.05,0,0.93,0.1,0.2,0.1,0.01,0.9,0.0181,NA,7.0455730020988e-05
TRUE,FALSE,0.05,0,0.935,0.1,0.2,0.1,0.01,0.9,0.0074,NA,0.00023979268782474
TRUE,FALSE,0.05,0,0.94,0.1,0.2,0.1,0.01,0.9,0.0141,NA,0.00023979268782474
TRUE,FALSE,0.05,0,0.945,0.1,0.2,0.1,0.01,0.9,0,NA,9.88657905015676e-05
TRUE,FALSE,0.05,0,0.95,0.1,0.2,0.1,0.01,0.9,0.0037,NA,0.000127113159216301
TRUE,FALSE,0.05,0,0.955,0.1,0.2,0.1,0.01,0.9,0.0208,NA,7.06851183474242e-05
TRUE,FALSE,0.05,0,0.96,0.1,0.2,0.1,0.01,0.9,0,NA,0.000212055355042273
TRUE,FALSE,0.05,0,0.965,0.1,0.2,0.1,0.01,0.9,0.003,NA,0.000127382965179425
TRUE,FALSE,0.05,0,0.97,0.1,0.2,0.1,0.01,0.9,0.005,NA,0.000240612267561136
TRUE,FALSE,0.05,0,0.975,0.1,0.2,0.1,0.01,0.9,0,NA,9.91520714411805e-05
TRUE,FALSE,0.05,0,0.98,0.1,0.2,0.1,0.01,0.9,0.0039,NA,7.08229081722718e-05
TRUE,FALSE,0.05,0,0.985,0.1,0.2,0.1,0.01,0.9,0.0078,NA,0.00012761763839859
TRUE,FALSE,0.05,0,0.99,0.1,0.2,0.1,0.01,0.9,0.0216,NA,0.000241055539197336
TRUE,FALSE,0.05,0,0.995,0.1,0.2,0.1,0.01,0.9,0.0272,NA,0.000127739507335349
TRUE,FALSE,0.05,0,1,0.1,0.2,0.1,0.01,0.9,0,NA,4.25798357784498e-05
"global","stock","m","g","b","d","c_","del","r","f","rho","vul","equlbr"
FALSE,FALSE,0.05,0,0.2,0.1,0.2,0.1,0.01,0.9,0.0036,0.597222222222222,0.00114901811050144
FALSE,FALSE,0.05,0,0.205,0.1,0.2,0.1,0.01,0.9,0.0013,0.576923076923077,0.00024409193021015
FALSE,FALSE,0.05,0,0.21,0.1,0.2,0.1,0.01,0.9,0.0021,0.571428571428571,0.000187760838640377
FALSE,FALSE,0.05,0,0.215,0.1,0.2,0.1,0.01,0.9,0,NA,4.53215817407808e-05
FALSE,FALSE,0.05,0,0.22,0.1,0.2,0.1,0.01,0.9,2e-04,0.75,0.000135964745222342
FALSE,FALSE,0.05,0,0.225,0.1,0.2,0.1,0.01,0.9,0,1,0.000103830929065652
FALSE,FALSE,0.05,0,0.23,0.1,0.2,0.1,0.01,0.9,0,NA,0.000258078212238412
FALSE,FALSE,0.05,0,0.235,0.1,0.2,0.1,0.01,0.9,0.0023,0.58695652173913,0.000538277414097259
FALSE,FALSE,0.05,0,0.24,0.1,0.2,0.1,0.01,0.9,6e-04,0.583333333333333,3.68683160340588e-05
FALSE,FALSE,0.05,0,0.245,0.1,0.2,0.1,0.01,0.9,0.0037,0.652777777777778,0.000939522769579386
FALSE,FALSE,0.05,0,0.25,0.1,0.2,0.1,0.01,0.9,3e-04,0.666666666666667,6.98818588943345e-05
FALSE,FALSE,0.05,0,0.255,0.1,0.2,0.1,0.01,0.9,5e-04,0.8,0.00020392290713
FALSE,FALSE,0.05,0,0.26,0.1,0.2,0.1,0.01,0.9,0,NA,8.97260791372e-05
FALSE,FALSE,0.05,0,0.265,0.1,0.2,0.1,0.01,0.9,0.0019,0.578947368421053,0.000315474266901991
FALSE,FALSE,0.05,0,0.27,0.1,0.2,0.1,0.01,0.9,9e-04,0.666666666666667,0.000179052962295725
FALSE,FALSE,0.05,0,0.275,0.1,0.2,0.1,0.01,0.9,4e-04,0.75,0.000291607527798639
FALSE,FALSE,0.05,0,0.28,0.1,0.2,0.1,0.01,0.9,8e-04,0.5,0.000192048554400448
FALSE,FALSE,0.05,0,0.285,0.1,0.2,0.1,0.01,0.9,0,NA,0.00017375821588612
FALSE,FALSE,0.05,0,0.29,0.1,0.2,0.1,0.01,0.9,0,NA,0.000217303752689404
FALSE,FALSE,0.05,0,0.295,0.1,0.2,0.1,0.01,0.9,0.005,0.56,0.00121879061291013
FALSE,FALSE,0.05,0,0.3,0.1,0.2,0.1,0.01,0.9,0,NA,2.91480510050334e-05
FALSE,FALSE,0.05,0,0.305,0.1,0.2,0.1,0.01,0.9,0.0023,0.583333333333333,4.8580085008389e-05
FALSE,FALSE,0.05,0,0.31,0.1,0.2,0.1,0.01,0.9,5e-04,0.7,0.000320628561055367
FALSE,FALSE,0.05,0,0.315,0.1,0.2,0.1,0.01,0.9,0.0012,0.5,0.000129487915588269
FALSE,FALSE,0.05,0,0.32,0.1,0.2,0.1,0.01,0.9,0.0018,0.555555555555556,0.000129487915588269
FALSE,FALSE,0.05,0,0.325,0.1,0.2,0.1,0.01,0.9,4e-04,0.75,0.00021474824572439
FALSE,FALSE,0.05,0,0.33,0.1,0.2,0.1,0.01,0.9,0.0015,0.633333333333333,0.000132939390210337
FALSE,FALSE,0.05,0,0.335,0.1,0.2,0.1,0.01,0.9,9e-04,0.5,0.000135419348015163
FALSE,FALSE,0.05,0,0.34,0.1,0.2,0.1,0.01,0.9,0,NA,3.19336651468534e-05
FALSE,FALSE,0.05,0,0.345,0.1,0.2,0.1,0.01,0.9,0,1,0.000202246545930072
FALSE,FALSE,0.05,0,0.35,0.1,0.2,0.1,0.01,0.9,6e-04,0.5,9.58009954405603e-05
FALSE,FALSE,0.05,0,0.355,0.1,0.2,0.1,0.01,0.9,8e-04,0.625,0.000183904459037392
FALSE,FALSE,0.05,0,0.36,0.1,0.2,0.1,0.01,0.9,0.0011,0.590909090909091,0.000270447733878517
FALSE,FALSE,0.05,0,0.365,0.1,0.2,0.1,0.01,0.9,0,NA,3.29714495333355e-05
FALSE,FALSE,0.05,0,0.37,0.1,0.2,0.1,0.01,0.9,0,NA,7.69333822444495e-05
FALSE,FALSE,0.05,0,0.375,0.1,0.2,0.1,0.01,0.9,0.0014,0.678571428571429,0.000189850971456099
FALSE,FALSE,0.05,0,0.38,0.1,0.2,0.1,0.01,0.9,0,NA,0.000212186379862699
FALSE,FALSE,0.05,0,0.385,0.1,0.2,0.1,0.01,0.9,0.0013,0.535714285714286,0.000147094867525518
FALSE,FALSE,0.05,0,0.39,0.1,0.2,0.1,0.01,0.9,0.0046,0.521276595744681,0.000192354826764139
FALSE,FALSE,0.05,0,0.395,0.1,0.2,0.1,0.01,0.9,0,NA,8.02759977179369e-05
FALSE,FALSE,0.05,0,0.4,0.1,0.2,0.1,0.01,0.9,5e-04,0.6,5.8016359984839e-05
FALSE,FALSE,0.05,0,0.405,0.1,0.2,0.1,0.01,0.9,0,1,0.000174049079954517
FALSE,FALSE,0.05,0,0.41,0.1,0.2,0.1,0.01,0.9,0.0014,0.458333333333333,5.8663418378336e-05
FALSE,FALSE,0.05,0,0.415,0.1,0.2,0.1,0.01,0.9,0.001,0.545454545454545,0.000105594153081005
FALSE,FALSE,0.05,0,0.42,0.1,0.2,0.1,0.01,0.9,0,1,8.30168676957967e-05
FALSE,FALSE,0.05,0,0.425,0.1,0.2,0.1,0.01,0.9,5e-04,0.6,0.000154174182863622
FALSE,FALSE,0.05,0,0.43,0.1,0.2,0.1,0.01,0.9,0.0011,0.5,5.98899034280058e-05
FALSE,FALSE,0.05,0,0.435,0.1,0.2,0.1,0.01,0.9,0,NA,3.59339420568035e-05
FALSE,FALSE,0.05,0,0.44,0.1,0.2,0.1,0.01,0.9,0,NA,0.000131757787541613
FALSE,FALSE,0.05,0,0.445,0.1,0.2,0.1,0.01,0.9,0.001,0.4,0.000108710971733876
FALSE,FALSE,0.05,0,0.45,0.1,0.2,0.1,0.01,0.9,0,NA,3.62369905779586e-05
FALSE,FALSE,0.05,0,0.455,0.1,0.2,0.1,0.01,0.9,0.0052,0.530612244897959,0.000158350589403604
FALSE,FALSE,0.05,0,0.46,0.1,0.2,0.1,0.01,0.9,0,NA,0.000135047797264278
FALSE,FALSE,0.05,0,0.465,0.1,0.2,0.1,0.01,0.9,5e-04,0.6,0.000110493652307136
FALSE,FALSE,0.05,0,0.47,0.1,0.2,0.1,0.01,0.9,8e-04,0.5625,0.000111315987534915
FALSE,FALSE,0.05,0,0.475,0.1,0.2,0.1,0.01,0.9,0.0023,0.565217391304348,0.000160789759772655
FALSE,FALSE,0.05,0,0.48,0.1,0.2,0.1,0.01,0.9,0,NA,8.72266086333514e-05
FALSE,FALSE,0.05,0,0.485,0.1,0.2,0.1,0.01,0.9,0.0044,0.534883720930233,0.000261679825900054
FALSE,FALSE,0.05,0,0.49,0.1,0.2,0.1,0.01,0.9,0.0044,0.418604651162791,0.0004112111549858
FALSE,FALSE,0.05,0,0.495,0.1,0.2,0.1,0.01,0.9,0.0033,0.393939393939394,0.000213297286221467
FALSE,FALSE,0.05,0,0.5,0.1,0.2,0.1,0.01,0.9,0.002,0.425,0.000263484882979459
FALSE,FALSE,0.05,0,0.505,0.1,0.2,0.1,0.01,0.9,0.0014,0.6,0.000164108039598135
FALSE,FALSE,0.05,0,0.51,0.1,0.2,0.1,0.01,0.9,0.0042,0.392857142857143,0.000214602821012946
FALSE,FALSE,0.05,0,0.515,0.1,0.2,0.1,0.01,0.9,0,NA,3.8086333844071e-05
FALSE,FALSE,0.05,0,0.52,0.1,0.2,0.1,0.01,0.9,0,NA,8.88681123028324e-05
FALSE,FALSE,0.05,0,0.525,0.1,0.2,0.1,0.01,0.9,0.0025,0.395833333333333,0.000114830077502566
FALSE,FALSE,0.05,0,0.53,0.1,0.2,0.1,0.01,0.9,0,1,0.000242419052505417
FALSE,FALSE,0.05,0,0.535,0.1,0.2,0.1,0.01,0.9,5e-04,0.75,0.000218010507700706
FALSE,FALSE,0.05,0,0.54,0.1,0.2,0.1,0.01,0.9,0.0023,0.543478260869565,0.000115417327606256
FALSE,FALSE,0.05,0,0.545,0.1,0.2,0.1,0.01,0.9,0.0028,0.557692307692308,0.000219093594916271
FALSE,FALSE,0.05,0,0.55,0.1,0.2,0.1,0.01,0.9,0.002,0.647058823529412,0.000219093594916271
FALSE,FALSE,0.05,0,0.555,0.1,0.2,0.1,0.01,0.9,0.0023,0.5,0.000220130580512315
FALSE,FALSE,0.05,0,0.56,0.1,0.2,0.1,0.01,0.9,0,NA,3.90283576585464e-05
FALSE,FALSE,0.05,0,0.565,0.1,0.2,0.1,0.01,0.9,0,NA,3.90283576585464e-05
FALSE,FALSE,0.05,0,0.57,0.1,0.2,0.1,0.01,0.9,0,NA,0.000143701037014277
FALSE,FALSE,0.05,0,0.575,0.1,0.2,0.1,0.01,0.9,0.0016,0.5,6.53186531883076e-05
FALSE,FALSE,0.05,0,0.58,0.1,0.2,0.1,0.01,0.9,0.0022,0.523809523809524,0.000118059467025052
FALSE,FALSE,0.05,0,0.585,0.1,0.2,0.1,0.01,0.9,0,NA,0.000249236652608443
FALSE,FALSE,0.05,0,0.59,0.1,0.2,0.1,0.01,0.9,0,NA,9.21419976258654e-05
FALSE,FALSE,0.05,0,0.595,0.1,0.2,0.1,0.01,0.9,0.0076,0.448717948717949,0.00017112085273375
FALSE,FALSE,0.05,0,0.6,0.1,0.2,0.1,0.01,0.9,0.002,0.45,1.32159163870351e-05
FALSE,FALSE,0.05,0,0.605,0.1,0.2,0.1,0.01,0.9,0.001,0.4,6.60795819351755e-05
FALSE,FALSE,0.05,0,0.61,0.1,0.2,0.1,0.01,0.9,0,1,3.97768520636693e-05
FALSE,FALSE,0.05,0,0.615,0.1,0.2,0.1,0.01,0.9,0.0056,0.409090909090909,0.000437545372700362
FALSE,FALSE,0.05,0,0.62,0.1,0.2,0.1,0.01,0.9,0.0014,0.576923076923077,0.000119330556191008
FALSE,FALSE,0.05,0,0.625,0.1,0.2,0.1,0.01,0.9,0,NA,3.9931689870522e-05
FALSE,FALSE,0.05,0,0.63,0.1,0.2,0.1,0.01,0.9,0,NA,3.9931689870522e-05
FALSE,FALSE,0.05,0,0.635,0.1,0.2,0.1,0.01,0.9,0.0057,0.456140350877193,0.000226901268305909
FALSE,FALSE,0.05,0,0.64,0.1,0.2,0.1,0.01,0.9,0,NA,9.34299340083155e-05
FALSE,FALSE,0.05,0,0.645,0.1,0.2,0.1,0.01,0.9,0.0085,0.442528735632184,0.000227588466681664
FALSE,FALSE,0.05,0,0.65,0.1,0.2,0.1,0.01,0.9,0.002,0.552631578947368,0.000174038239227155
FALSE,FALSE,0.05,0,0.655,0.1,0.2,0.1,0.01,0.9,0,NA,9.3992026179725e-05
FALSE,FALSE,0.05,0,0.66,0.1,0.2,0.1,0.01,0.9,0.0043,0.463414634146341,6.71371615569464e-05
FALSE,FALSE,0.05,0,0.665,0.1,0.2,0.1,0.01,0.9,0.0021,0.333333333333333,6.73147413974236e-05
FALSE,FALSE,0.05,0,0.67,0.1,0.2,0.1,0.01,0.9,0,NA,9.42406379563931e-05
FALSE,FALSE,0.05,0,0.675,0.1,0.2,0.1,0.01,0.9,0,NA,4.05096098700182e-05
FALSE,FALSE,0.05,0,0.68,0.1,0.2,0.1,0.01,0.9,0.0045,0.377777777777778,0.000229554455930103
FALSE,FALSE,0.05,0,0.685,0.1,0.2,0.1,0.01,0.9,0.0017,0.4375,0.000121781483852155
FALSE,FALSE,0.05,0,0.69,0.1,0.2,0.1,0.01,0.9,0,NA,4.05938279507184e-05
FALSE,FALSE,0.05,0,0.695,0.1,0.2,0.1,0.01,0.9,0.01,0.388888888888889,6.78211907057065e-05
FALSE,FALSE,0.05,0,0.7,0.1,0.2,0.1,0.01,0.9,0,1,0.000149206619552554
FALSE,FALSE,0.05,0,0.705,0.1,0.2,0.1,0.01,0.9,0,1,0.000149576795151224
FALSE,FALSE,0.05,0,0.71,0.1,0.2,0.1,0.01,0.9,0.0048,0.457446808510638,0.000122381014214638
FALSE,FALSE,0.05,0,0.715,0.1,0.2,0.1,0.01,0.9,0,NA,9.54117181324478e-05
FALSE,FALSE,0.05,0,0.72,0.1,0.2,0.1,0.01,0.9,0,NA,0.000204453681712388
FALSE,FALSE,0.05,0,0.725,0.1,0.2,0.1,0.01,0.9,0.009,0.441176470588235,0.000122942245657314
FALSE,FALSE,0.05,0,0.73,0.1,0.2,0.1,0.01,0.9,0.0013,0.541666666666667,0.000177583243727231
FALSE,FALSE,0.05,0,0.735,0.1,0.2,0.1,0.01,0.9,0.0068,0.393939393939394,0.000123198510932579
FALSE,FALSE,0.05,0,0.74,0.1,0.2,0.1,0.01,0.9,0,NA,9.58210640586726e-05
FALSE,FALSE,0.05,0,0.745,0.1,0.2,0.1,0.01,0.9,0.0052,0.37962962962963,0.000233194274231091
FALSE,FALSE,0.05,0,0.75,0.1,0.2,0.1,0.01,0.9,0.0074,0.465753424657534,6.85865512444386e-05
FALSE,FALSE,0.05,0,0.755,0.1,0.2,0.1,0.01,0.9,0.0011,0.363636363636364,0.000178651828533219
FALSE,FALSE,0.05,0,0.76,0.1,0.2,0.1,0.01,0.9,0.0084,0.427710843373494,0.000453500795507402
FALSE,FALSE,0.05,0,0.765,0.1,0.2,0.1,0.01,0.9,0,NA,9.63936537033414e-05
FALSE,FALSE,0.05,0,0.77,0.1,0.2,0.1,0.01,0.9,0,NA,0.000261639917194784
FALSE,FALSE,0.05,0,0.775,0.1,0.2,0.1,0.01,0.9,0,NA,9.66038402426936e-05
FALSE,FALSE,0.05,0,0.78,0.1,0.2,0.1,0.01,0.9,0.0096,0.440860215053763,0.000234609326303685
FALSE,FALSE,0.05,0,0.785,0.1,0.2,0.1,0.01,0.9,0.0048,0.455555555555556,0.000124362801389917
FALSE,FALSE,0.05,0,0.79,0.1,0.2,0.1,0.01,0.9,0,NA,9.6726623303269e-05
FALSE,FALSE,0.05,0,0.795,0.1,0.2,0.1,0.01,0.9,0.0047,0.521739130434783,0.000235315643780424
FALSE,FALSE,0.05,0,0.8,0.1,0.2,0.1,0.01,0.9,0.0022,0.434782608695652,1.38420966929661e-05
FALSE,FALSE,0.05,0,0.805,0.1,0.2,0.1,0.01,0.9,0.0048,0.467391304347826,6.93241936329531e-05
FALSE,FALSE,0.05,0,0.81,0.1,0.2,0.1,0.01,0.9,0,NA,9.72187743237486e-05
FALSE,FALSE,0.05,0,0.815,0.1,0.2,0.1,0.01,0.9,0.0015,0.59375,1.38883963319641e-05
FALSE,FALSE,0.05,0,0.82,0.1,0.2,0.1,0.01,0.9,3e-04,0.666666666666667,6.95354367847134e-05
FALSE,FALSE,0.05,0,0.825,0.1,0.2,0.1,0.01,0.9,0.0091,0.395604395604396,0.000236420485068025
FALSE,FALSE,0.05,0,0.83,0.1,0.2,0.1,0.01,0.9,0.0017,0.558823529411765,0.00012534867660257
FALSE,FALSE,0.05,0,0.835,0.1,0.2,0.1,0.01,0.9,0.0022,0.431818181818182,0.000236769722471521
FALSE,FALSE,0.05,0,0.84,0.1,0.2,0.1,0.01,0.9,0,NA,0.000209243614228814
FALSE,FALSE,0.05,0,0.845,0.1,0.2,0.1,0.01,0.9,0.0104,0.357843137254902,0.000237142762792656
FALSE,FALSE,0.05,0,0.85,0.1,0.2,0.1,0.01,0.9,0.0015,0.4,0.000293382773945699
FALSE,FALSE,0.05,0,0.855,0.1,0.2,0.1,0.01,0.9,0,NA,9.77942579818997e-05
FALSE,FALSE,0.05,0,0.86,0.1,0.2,0.1,0.01,0.9,0.0029,0.5,6.99487910035181e-05
FALSE,FALSE,0.05,0,0.865,0.1,0.2,0.1,0.01,0.9,0.0042,0.337209302325581,6.99487910035181e-05
FALSE,FALSE,0.05,0,0.87,0.1,0.2,0.1,0.01,0.9,0.0032,0.318181818181818,7.00323405777829e-05
FALSE,FALSE,0.05,0,0.875,0.1,0.2,0.1,0.01,0.9,0,NA,9.80452768088961e-05
FALSE,FALSE,0.05,0,0.88,0.1,0.2,0.1,0.01,0.9,0,NA,0.000154281033136634
FALSE,FALSE,0.05,0,0.885,0.1,0.2,0.1,0.01,0.9,0,NA,4.20766454009003e-05
FALSE,FALSE,0.05,0,0.89,0.1,0.2,0.1,0.01,0.9,0.0066,0.425373134328358,7.02129486822362e-05
FALSE,FALSE,0.05,0,0.895,0.1,0.2,0.1,0.01,0.9,0,NA,9.82981281551306e-05
FALSE,FALSE,0.05,0,0.9,0.1,0.2,0.1,0.01,0.9,0.0063,0.418032786885246,7.03121674249135e-05
FALSE,FALSE,0.05,0,0.905,0.1,0.2,0.1,0.01,0.9,0.0036,0.414285714285714,0.000126561901364844
FALSE,FALSE,0.05,0,0.91,0.1,0.2,0.1,0.01,0.9,0.0156,0.433774834437086,0.000182811635304775
FALSE,FALSE,0.05,0,0.915,0.1,0.2,0.1,0.01,0.9,0.0109,0.360576923076923,7.03729081454217e-05
FALSE,FALSE,0.05,0,0.92,0.1,0.2,0.1,0.01,0.9,0,NA,0.000154820397919928
FALSE,FALSE,0.05,0,0.925,0.1,0.2,0.1,0.01,0.9,0.0297,0.379661016949153,0.000464965337926067
FALSE,FALSE,0.05,0,0.93,0.1,0.2,0.1,0.01,0.9,0.0044,0.441860465116279,7.04492936251617e-05
FALSE,FALSE,0.05,0,0.935,0.1,0.2,0.1,0.01,0.9,0,NA,0.000155181884155395
FALSE,FALSE,0.05,0,0.94,0.1,0.2,0.1,0.01,0.9,0.0072,0.457142857142857,0.000126966996127142
FALSE,FALSE,0.05,0,0.945,0.1,0.2,0.1,0.01,0.9,0.0034,0.382352941176471,7.06106550906615e-05
FALSE,FALSE,0.05,0,0.95,0.1,0.2,0.1,0.01,0.9,0.0088,0.431034482758621,7.06106550906615e-05
FALSE,FALSE,0.05,0,0.955,0.1,0.2,0.1,0.01,0.9,0,NA,4.24079048326077e-05
FALSE,FALSE,0.05,0,0.96,0.1,0.2,0.1,0.01,0.9,0.0025,0.333333333333333,7.06798413876795e-05
FALSE,FALSE,0.05,0,0.965,0.1,0.2,0.1,0.01,0.9,0,NA,0.00021226265763693
FALSE,FALSE,0.05,0,0.97,0.1,0.2,0.1,0.01,0.9,0,NA,9.90559068972338e-05
FALSE,FALSE,0.05,0,0.975,0.1,0.2,0.1,0.01,0.9,0,NA,4.25011390544157e-05
FALSE,FALSE,0.05,0,0.98,0.1,0.2,0.1,0.01,0.9,0.0203,0.442211055276382,0.000184171602569135
FALSE,FALSE,0.05,0,0.985,0.1,0.2,0.1,0.01,0.9,0.0034,0.333333333333333,7.09083509836119e-05
FALSE,FALSE,0.05,0,0.99,0.1,0.2,0.1,0.01,0.9,0.0127,0.328,7.09083509836119e-05
FALSE,FALSE,0.05,0,0.995,0.1,0.2,0.1,0.01,0.9,0.0085,0.36144578313253,7.0977506769154e-05
FALSE,FALSE,0.05,0,1,0.1,0.2,0.1,0.01,0.9,0.0106,0.387254901960784,0.000127759512184477
"global","stock","m","g","b","d","c_","del","r","f","rho","vul","equlbr"
TRUE,TRUE,0.05,0,0.2,0.1,0.2,0.1,0.01,0.9,2e-04,NA,0.00014822645822398
TRUE,TRUE,0.05,0,0.205,0.1,0.2,0.1,0.01,0.9,9e-04,NA,0.000575118657909044
TRUE,TRUE,0.05,0,0.21,0.1,0.2,0.1,0.01,0.9,0,NA,0.000174483790680829
TRUE,TRUE,0.05,0,0.215,0.1,0.2,0.1,0.01,0.9,3e-04,NA,8.40107140315101e-05
TRUE,TRUE,0.05,0,0.22,0.1,0.2,0.1,0.01,0.9,0,NA,4.52365383246593e-05
TRUE,TRUE,0.05,0,0.225,0.1,0.2,0.1,0.01,0.9,0.0016,NA,0.000145483971443016
TRUE,TRUE,0.05,0,0.23,0.1,0.2,0.1,0.01,0.9,1e-04,NA,0.000140031611597602
TRUE,TRUE,0.05,0,0.235,0.1,0.2,0.1,0.01,0.9,7e-04,NA,0.000479055513360218
TRUE,TRUE,0.05,0,0.24,0.1,0.2,0.1,0.01,0.9,0.003,NA,0.00100970162046692
TRUE,TRUE,0.05,0,0.245,0.1,0.2,0.1,0.01,0.9,0.0018,NA,0.000567277084133955
TRUE,TRUE,0.05,0,0.25,0.1,0.2,0.1,0.01,0.9,9e-04,NA,0.000163189298175521
TRUE,TRUE,0.05,0,0.255,0.1,0.2,0.1,0.01,0.9,0.0017,NA,0.00105119471833172
TRUE,TRUE,0.05,0,0.26,0.1,0.2,0.1,0.01,0.9,0,NA,0.000285207869314809
TRUE,TRUE,0.05,0,0.265,0.1,0.2,0.1,0.01,0.9,0.0019,NA,0.000553209594287197
TRUE,TRUE,0.05,0,0.27,0.1,0.2,0.1,0.01,0.9,0.001,NA,0.000553209594287197
TRUE,TRUE,0.05,0,0.275,0.1,0.2,0.1,0.01,0.9,0.0022,NA,0.00114132040352183
TRUE,TRUE,0.05,0,0.28,0.1,0.2,0.1,0.01,0.9,2e-04,NA,0.000118873289856189
TRUE,TRUE,0.05,0,0.285,0.1,0.2,0.1,0.01,0.9,3e-04,NA,8.22968929773615e-05
TRUE,TRUE,0.05,0,0.29,0.1,0.2,0.1,0.01,0.9,0,NA,6.61512512560965e-05
TRUE,TRUE,0.05,0,0.295,0.1,0.2,0.1,0.01,0.9,7e-04,NA,4.72508937543546e-05
TRUE,TRUE,0.05,0,0.3,0.1,0.2,0.1,0.01,0.9,5e-04,NA,8.73832789594425e-05
TRUE,TRUE,0.05,0,0.305,0.1,0.2,0.1,0.01,0.9,0,NA,0.000106801785394874
TRUE,TRUE,0.05,0,0.31,0.1,0.2,0.1,0.01,0.9,0,NA,0.000184475811136601
TRUE,TRUE,0.05,0,0.315,0.1,0.2,0.1,0.01,0.9,0,NA,0.000149501262772348
TRUE,TRUE,0.05,0,0.32,0.1,0.2,0.1,0.01,0.9,0,NA,0.000189368266178307
TRUE,TRUE,0.05,0,0.325,0.1,0.2,0.1,0.01,0.9,0.0012,NA,0.000255244452818421
TRUE,TRUE,0.05,0,0.33,0.1,0.2,0.1,0.01,0.9,0,NA,7.14684467891578e-05
TRUE,TRUE,0.05,0,0.335,0.1,0.2,0.1,0.01,0.9,0.0012,NA,0.00013532094331866
TRUE,TRUE,0.05,0,0.34,0.1,0.2,0.1,0.01,0.9,0.0012,NA,0.000350827199367255
TRUE,TRUE,0.05,0,0.345,0.1,0.2,0.1,0.01,0.9,7e-04,NA,5.3155636267766e-05
TRUE,TRUE,0.05,0,0.35,0.1,0.2,0.1,0.01,0.9,0,NA,0.000542187489931213
TRUE,TRUE,0.05,0,0.355,0.1,0.2,0.1,0.01,0.9,8e-04,NA,0.000183802130870213
TRUE,TRUE,0.05,0,0.36,0.1,0.2,0.1,0.01,0.9,0.001,NA,5.40594502559449e-05
TRUE,TRUE,0.05,0,0.365,0.1,0.2,0.1,0.01,0.9,0,NA,3.29789471182912e-05
TRUE,TRUE,0.05,0,0.37,0.1,0.2,0.1,0.01,0.9,0,NA,0.000120922806100401
TRUE,TRUE,0.05,0,0.375,0.1,0.2,0.1,0.01,0.9,3e-04,NA,5.5825437695664e-05
TRUE,TRUE,0.05,0,0.38,0.1,0.2,0.1,0.01,0.9,0.0011,NA,0.000145146138008726
TRUE,TRUE,0.05,0,0.385,0.1,0.2,0.1,0.01,0.9,7e-04,NA,0.000192536100323881
TRUE,TRUE,0.05,0,0.39,0.1,0.2,0.1,0.01,0.9,8e-04,NA,0.000101930876642054
TRUE,TRUE,0.05,0,0.395,0.1,0.2,0.1,0.01,0.9,0,NA,0.000126214061081827
TRUE,TRUE,0.05,0,0.4,0.1,0.2,0.1,0.01,0.9,0,NA,0.000127679284394586
TRUE,TRUE,0.05,0,0.405,0.1,0.2,0.1,0.01,0.9,0,NA,8.12504537056456e-05
TRUE,TRUE,0.05,0,0.41,0.1,0.2,0.1,0.01,0.9,0,NA,0.000129164269380011
TRUE,TRUE,0.05,0,0.415,0.1,0.2,0.1,0.01,0.9,0,NA,0.000129164269380011
TRUE,TRUE,0.05,0,0.42,0.1,0.2,0.1,0.01,0.9,0,NA,8.29995292445417e-05
TRUE,TRUE,0.05,0,0.425,0.1,0.2,0.1,0.01,0.9,0,NA,8.29995292445417e-05
TRUE,TRUE,0.05,0,0.43,0.1,0.2,0.1,0.01,0.9,0,NA,3.59438845263174e-05
TRUE,TRUE,0.05,0,0.435,0.1,0.2,0.1,0.01,0.9,0.0038,NA,5.9906474210529e-05
TRUE,TRUE,0.05,0,0.44,0.1,0.2,0.1,0.01,0.9,0.0034,NA,0.000155756832947375
TRUE,TRUE,0.05,0,0.445,0.1,0.2,0.1,0.01,0.9,0,NA,8.45960721185841e-05
TRUE,TRUE,0.05,0,0.45,0.1,0.2,0.1,0.01,0.9,0.0018,NA,6.04257657989887e-05
TRUE,TRUE,0.05,0,0.455,0.1,0.2,0.1,0.01,0.9,0,NA,0.000134086301941272
TRUE,TRUE,0.05,0,0.46,0.1,0.2,0.1,0.01,0.9,0.0022,NA,0.000110487509431707
TRUE,TRUE,0.05,0,0.465,0.1,0.2,0.1,0.01,0.9,7e-04,NA,1.22763899368564e-05
TRUE,TRUE,0.05,0,0.47,0.1,0.2,0.1,0.01,0.9,0.0038,NA,0.000111379253385163
TRUE,TRUE,0.05,0,0.475,0.1,0.2,0.1,0.01,0.9,0,NA,8.662830818846e-05
TRUE,TRUE,0.05,0,0.48,0.1,0.2,0.1,0.01,0.9,0,NA,8.71799028866101e-05
TRUE,TRUE,0.05,0,0.485,0.1,0.2,0.1,0.01,0.9,0,NA,0.000236631164977942
TRUE,TRUE,0.05,0,0.49,0.1,0.2,0.1,0.01,0.9,0.0013,NA,0.000112088446568499
TRUE,TRUE,0.05,0,0.495,0.1,0.2,0.1,0.01,0.9,0.0044,NA,0.000413784696673946
TRUE,TRUE,0.05,0,0.5,0.1,0.2,0.1,0.01,0.9,0.0017,NA,6.2694651011204e-05
TRUE,TRUE,0.05,0,0.505,0.1,0.2,0.1,0.01,0.9,0.0036,NA,0.00011360332852863
TRUE,TRUE,0.05,0,0.51,0.1,0.2,0.1,0.01,0.9,0.0012,NA,6.31129602936835e-05
TRUE,TRUE,0.05,0,0.515,0.1,0.2,0.1,0.01,0.9,0.002,NA,0.000164974452314127
TRUE,TRUE,0.05,0,0.52,0.1,0.2,0.1,0.01,0.9,2e-04,NA,0.000164974452314127
TRUE,TRUE,0.05,0,0.525,0.1,0.2,0.1,0.01,0.9,0,NA,8.93085469820098e-05
TRUE,TRUE,0.05,0,0.53,0.1,0.2,0.1,0.01,0.9,0.0036,NA,6.37918192728641e-05
TRUE,TRUE,0.05,0,0.535,0.1,0.2,0.1,0.01,0.9,0,NA,8.9765638791187e-05
TRUE,TRUE,0.05,0,0.54,0.1,0.2,0.1,0.01,0.9,6e-04,NA,0.000423180868587025
TRUE,TRUE,0.05,0,0.545,0.1,0.2,0.1,0.01,0.9,0.0013,NA,0.000167535044931932
TRUE,TRUE,0.05,0,0.55,0.1,0.2,0.1,0.01,0.9,1e-04,NA,6.44365557430506e-05
TRUE,TRUE,0.05,0,0.555,0.1,0.2,0.1,0.01,0.9,6e-04,NA,0.000323788178155384
TRUE,TRUE,0.05,0,0.56,0.1,0.2,0.1,0.01,0.9,0,NA,3.90208811265091e-05
TRUE,TRUE,0.05,0,0.565,0.1,0.2,0.1,0.01,0.9,0,NA,0.000143076564130533
TRUE,TRUE,0.05,0,0.57,0.1,0.2,0.1,0.01,0.9,0.0032,NA,0.000431178858527611
TRUE,TRUE,0.05,0,0.575,0.1,0.2,0.1,0.01,0.9,0.0025,NA,1.30660260159882e-05
TRUE,TRUE,0.05,0,0.58,0.1,0.2,0.1,0.01,0.9,0.0026,NA,0.000118048103941223
TRUE,TRUE,0.05,0,0.585,0.1,0.2,0.1,0.01,0.9,0,NA,3.93493679804078e-05
TRUE,TRUE,0.05,0,0.59,0.1,0.2,0.1,0.01,0.9,0.0057,NA,0.000223817138427783
TRUE,TRUE,0.05,0,0.595,0.1,0.2,0.1,0.01,0.9,0,NA,9.2159998176146e-05
TRUE,TRUE,0.05,0,0.6,0.1,0.2,0.1,0.01,0.9,0,NA,9.24740659167971e-05
TRUE,TRUE,0.05,0,0.605,0.1,0.2,0.1,0.01,0.9,0.0033,NA,0.000171737550988337
TRUE,TRUE,0.05,0,0.61,0.1,0.2,0.1,0.01,0.9,0.0042,NA,0.000225414236915801
TRUE,TRUE,0.05,0,0.615,0.1,0.2,0.1,0.01,0.9,0.0068,NA,0.000119336948955424
TRUE,TRUE,0.05,0,0.62,0.1,0.2,0.1,0.01,0.9,6e-04,NA,6.62983049752354e-05
TRUE,TRUE,0.05,0,0.625,0.1,0.2,0.1,0.01,0.9,0.0056,NA,6.65362563473634e-05
TRUE,TRUE,0.05,0,0.63,0.1,0.2,0.1,0.01,0.9,0.0035,NA,0.000226223271581035
TRUE,TRUE,0.05,0,0.635,0.1,0.2,0.1,0.01,0.9,0.0033,NA,0.000226863128656007
TRUE,TRUE,0.05,0,0.64,0.1,0.2,0.1,0.01,0.9,0.0123,NA,0.000226863128656007
TRUE,TRUE,0.05,0,0.645,0.1,0.2,0.1,0.01,0.9,0,NA,9.36855191827846e-05
TRUE,TRUE,0.05,0,0.65,0.1,0.2,0.1,0.01,0.9,0.0015,NA,6.69182279877032e-05
TRUE,TRUE,0.05,0,0.655,0.1,0.2,0.1,0.01,0.9,0.0122,NA,0.000228233308416442
TRUE,TRUE,0.05,0,0.66,0.1,0.2,0.1,0.01,0.9,0,NA,4.02764661911368e-05
TRUE,TRUE,0.05,0,0.665,0.1,0.2,0.1,0.01,0.9,0.004,NA,1.34625449177743e-05
TRUE,TRUE,0.05,0,0.67,0.1,0.2,0.1,0.01,0.9,0,NA,9.42378144244198e-05
TRUE,TRUE,0.05,0,0.675,0.1,0.2,0.1,0.01,0.9,0.0035,NA,0.000229442391856102
TRUE,TRUE,0.05,0,0.68,0.1,0.2,0.1,0.01,0.9,0,NA,4.04898338569591e-05
TRUE,TRUE,0.05,0,0.685,0.1,0.2,0.1,0.01,0.9,0,NA,0.000148842330838032
TRUE,TRUE,0.05,0,0.69,0.1,0.2,0.1,0.01,0.9,0.0013,NA,6.7655604926378e-05
TRUE,TRUE,0.05,0,0.695,0.1,0.2,0.1,0.01,0.9,0,NA,4.0705797439145e-05
TRUE,TRUE,0.05,0,0.7,0.1,0.2,0.1,0.01,0.9,0,NA,0.000149254590610198
TRUE,TRUE,0.05,0,0.705,0.1,0.2,0.1,0.01,0.9,0.0055,NA,6.79988391970043e-05
TRUE,TRUE,0.05,0,0.71,0.1,0.2,0.1,0.01,0.9,0.0085,NA,6.79988391970043e-05
TRUE,TRUE,0.05,0,0.715,0.1,0.2,0.1,0.01,0.9,0.0038,NA,6.81503363023685e-05
TRUE,TRUE,0.05,0,0.72,0.1,0.2,0.1,0.01,0.9,0.0025,NA,6.81503363023685e-05
TRUE,TRUE,0.05,0,0.725,0.1,0.2,0.1,0.01,0.9,0.0013,NA,6.82981262634192e-05
TRUE,TRUE,0.05,0,0.73,0.1,0.2,0.1,0.01,0.9,0.0057,NA,0.000122936627274155
TRUE,TRUE,0.05,0,0.735,0.1,0.2,0.1,0.01,0.9,0.011,NA,0.000123206965967646
TRUE,TRUE,0.05,0,0.74,0.1,0.2,0.1,0.01,0.9,0.003,NA,0.000123206965967646
TRUE,TRUE,0.05,0,0.745,0.1,0.2,0.1,0.01,0.9,0.0167,NA,0.000233151398895026
TRUE,TRUE,0.05,0,0.75,0.1,0.2,0.1,0.01,0.9,0.0148,NA,0.000288010551576208
TRUE,TRUE,0.05,0,0.755,0.1,0.2,0.1,0.01,0.9,0.0044,NA,0.000233631679425834
TRUE,TRUE,0.05,0,0.76,0.1,0.2,0.1,0.01,0.9,0.0073,NA,0.000233631679425834
TRUE,TRUE,0.05,0,0.765,0.1,0.2,0.1,0.01,0.9,0.002,NA,0.000123907781004834
TRUE,TRUE,0.05,0,0.77,0.1,0.2,0.1,0.01,0.9,0.0027,NA,0.000123907781004834
TRUE,TRUE,0.05,0,0.775,0.1,0.2,0.1,0.01,0.9,0,NA,4.13851842668576e-05
TRUE,TRUE,0.05,0,0.78,0.1,0.2,0.1,0.01,0.9,0.0031,NA,6.89753071114293e-05
TRUE,TRUE,0.05,0,0.785,0.1,0.2,0.1,0.01,0.9,0.0015,NA,0.000124389767432256
TRUE,TRUE,0.05,0,0.79,0.1,0.2,0.1,0.01,0.9,0,NA,4.14632558107519e-05
TRUE,TRUE,0.05,0,0.795,0.1,0.2,0.1,0.01,0.9,0.0086,NA,0.00023531131267643
TRUE,TRUE,0.05,0,0.8,0.1,0.2,0.1,0.01,0.9,0.0033,NA,0.00023531131267643
TRUE,TRUE,0.05,0,0.805,0.1,0.2,0.1,0.01,0.9,0.0046,NA,6.93338077989871e-05
TRUE,TRUE,0.05,0,0.81,0.1,0.2,0.1,0.01,0.9,0.0018,NA,0.000458231323095732
TRUE,TRUE,0.05,0,0.815,0.1,0.2,0.1,0.01,0.9,0.0075,NA,0.000180515369704379
TRUE,TRUE,0.05,0,0.82,0.1,0.2,0.1,0.01,0.9,0,NA,4.17325372816062e-05
TRUE,TRUE,0.05,0,0.825,0.1,0.2,0.1,0.01,0.9,0,NA,0.000153019303365889
TRUE,TRUE,0.05,0,0.83,0.1,0.2,0.1,0.01,0.9,0,NA,9.75267293953319e-05
TRUE,TRUE,0.05,0,0.835,0.1,0.2,0.1,0.01,0.9,0,NA,9.75267293953319e-05
TRUE,TRUE,0.05,0,0.84,0.1,0.2,0.1,0.01,0.9,0.0042,NA,0.000237153100385782
TRUE,TRUE,0.05,0,0.845,0.1,0.2,0.1,0.01,0.9,0,NA,9.76512766294397e-05
TRUE,TRUE,0.05,0,0.85,0.1,0.2,0.1,0.01,0.9,0.013,NA,0.000237511238597007
TRUE,TRUE,0.05,0,0.855,0.1,0.2,0.1,0.01,0.9,0,NA,4.19137479877072e-05
TRUE,TRUE,0.05,0,0.86,0.1,0.2,0.1,0.01,0.9,0.0087,NA,6.99465163729949e-05
TRUE,TRUE,0.05,0,0.865,0.1,0.2,0.1,0.01,0.9,0,NA,4.19679098237969e-05
TRUE,TRUE,0.05,0,0.87,0.1,0.2,0.1,0.01,0.9,0.0046,NA,7.00441881838476e-05
TRUE,TRUE,0.05,0,0.875,0.1,0.2,0.1,0.01,0.9,0.0027,NA,0.000238150239825082
TRUE,TRUE,0.05,0,0.88,0.1,0.2,0.1,0.01,0.9,0,NA,9.81753173291123e-05
TRUE,TRUE,0.05,0,0.885,0.1,0.2,0.1,0.01,0.9,0,NA,4.2075135998191e-05
TRUE,TRUE,0.05,0,0.89,0.1,0.2,0.1,0.01,0.9,0.0025,NA,0.000126378485594385
TRUE,TRUE,0.05,0,0.895,0.1,0.2,0.1,0.01,0.9,0.0046,NA,0.000238714917233838
TRUE,TRUE,0.05,0,0.9,0.1,0.2,0.1,0.01,0.9,0.0053,NA,7.02984342096425e-05
TRUE,TRUE,0.05,0,0.905,0.1,0.2,0.1,0.01,0.9,0,NA,9.84178078934995e-05
TRUE,TRUE,0.05,0,0.91,0.1,0.2,0.1,0.01,0.9,0.0056,NA,0.00018277592894507
TRUE,TRUE,0.05,0,0.915,0.1,0.2,0.1,0.01,0.9,0,NA,0.000154833064454004
TRUE,TRUE,0.05,0,0.92,0.1,0.2,0.1,0.01,0.9,0,NA,4.22271993965465e-05
TRUE,TRUE,0.05,0,0.925,0.1,0.2,0.1,0.01,0.9,0.0079,NA,7.04580626233152e-05
TRUE,TRUE,0.05,0,0.93,0.1,0.2,0.1,0.01,0.9,0.0066,NA,0.000239557412919272
TRUE,TRUE,0.05,0,0.935,0.1,0.2,0.1,0.01,0.9,0,NA,9.87509654441182e-05
TRUE,TRUE,0.05,0,0.94,0.1,0.2,0.1,0.01,0.9,0.0047,NA,7.05364038886559e-05
TRUE,TRUE,0.05,0,0.945,0.1,0.2,0.1,0.01,0.9,0,NA,9.8850756582082e-05
TRUE,TRUE,0.05,0,0.95,0.1,0.2,0.1,0.01,0.9,0.0108,NA,7.06076832729157e-05
TRUE,TRUE,0.05,0,0.955,0.1,0.2,0.1,0.01,0.9,0,NA,9.89720851606046e-05
TRUE,TRUE,0.05,0,0.96,0.1,0.2,0.1,0.01,0.9,0,NA,4.24166079259734e-05
TRUE,TRUE,0.05,0,0.965,0.1,0.2,0.1,0.01,0.9,0.0218,NA,0.000183970041318885
TRUE,TRUE,0.05,0,0.97,0.1,0.2,0.1,0.01,0.9,0,NA,4.24546249197426e-05
TRUE,TRUE,0.05,0,0.975,0.1,0.2,0.1,0.01,0.9,0.0077,NA,0.000240831462918842
TRUE,TRUE,0.05,0,0.98,0.1,0.2,0.1,0.01,0.9,0.0011,NA,7.08327832114241e-05
TRUE,TRUE,0.05,0,0.985,0.1,0.2,0.1,0.01,0.9,0.0304,NA,0.000241019391336576
TRUE,TRUE,0.05,0,0.99,0.1,0.2,0.1,0.01,0.9,0,NA,9.92432787856491e-05
TRUE,TRUE,0.05,0,0.995,0.1,0.2,0.1,0.01,0.9,0.0081,NA,7.09620877948434e-05
TRUE,TRUE,0.05,0,1,0.1,0.2,0.1,0.01,0.9,0.0024,NA,1.41924175589687e-05
"global","stock","m","g","b","d","c_","del","r","f","rho","vul","equlbr"
FALSE,TRUE,0.05,0,0.2,0.1,0.2,0.1,0.01,0.9,0,1,6.55400102840761e-05
FALSE,TRUE,0.05,0,0.205,0.1,0.2,0.1,0.01,0.9,0.0029,0.689655172413793,0.00153125296754614
FALSE,TRUE,0.05,0,0.21,0.1,0.2,0.1,0.01,0.9,0,NA,9.73174353166477e-05
FALSE,TRUE,0.05,0,0.215,0.1,0.2,0.1,0.01,0.9,0,NA,1.94634870633295e-05
FALSE,TRUE,0.05,0,0.22,0.1,0.2,0.1,0.01,0.9,0,1,0.000175171383569966
FALSE,TRUE,0.05,0,0.225,0.1,0.2,0.1,0.01,0.9,0,1,0.000131405297004564
FALSE,TRUE,0.05,0,0.23,0.1,0.2,0.1,0.01,0.9,5e-04,0.8,0.000242411776738891
FALSE,TRUE,0.05,0,0.235,0.1,0.2,0.1,0.01,0.9,0,1,0.000257103399571551
FALSE,TRUE,0.05,0,0.24,0.1,0.2,0.1,0.01,0.9,4e-04,0.625,0.000492169364894111
FALSE,TRUE,0.05,0,0.245,0.1,0.2,0.1,0.01,0.9,2e-04,0.75,0.000240386231225435
FALSE,TRUE,0.05,0,0.25,0.1,0.2,0.1,0.01,0.9,0.003,0.67741935483871,0.00100031689768003
FALSE,TRUE,0.05,0,0.255,0.1,0.2,0.1,0.01,0.9,0,NA,5.70528658550516e-05
FALSE,TRUE,0.05,0,0.26,0.1,0.2,0.1,0.01,0.9,6e-04,0.583333333333333,0.000268963510459529
FALSE,TRUE,0.05,0,0.265,0.1,0.2,0.1,0.01,0.9,0.0076,0.577922077922078,0.00218741713205211
FALSE,TRUE,0.05,0,0.27,0.1,0.2,0.1,0.01,0.9,0,NA,0.000229806469126097
FALSE,TRUE,0.05,0,0.275,0.1,0.2,0.1,0.01,0.9,0,NA,6.19312712774828e-05
FALSE,TRUE,0.05,0,0.28,0.1,0.2,0.1,0.01,0.9,0.0016,0.642857142857143,0.000301957677007079
FALSE,TRUE,0.05,0,0.285,0.1,0.2,0.1,0.01,0.9,9e-04,0.666666666666667,0.000338558607553392
FALSE,TRUE,0.05,0,0.29,0.1,0.2,0.1,0.01,0.9,5e-04,0.7,0.000122762530318643
FALSE,TRUE,0.05,0,0.295,0.1,0.2,0.1,0.01,0.9,0.0012,0.541666666666667,0.000198308702822424
FALSE,TRUE,0.05,0,0.3,0.1,0.2,0.1,0.01,0.9,0,NA,0.000146000633857603
FALSE,TRUE,0.05,0,0.305,0.1,0.2,0.1,0.01,0.9,3e-04,0.625,0.00012653388267659
FALSE,TRUE,0.05,0,0.31,0.1,0.2,0.1,0.01,0.9,0,NA,2.92001267715207e-05
FALSE,TRUE,0.05,0,0.315,0.1,0.2,0.1,0.01,0.9,0,NA,6.97295440814181e-05
FALSE,TRUE,0.05,0,0.32,0.1,0.2,0.1,0.01,0.9,0.0011,0.545454545454545,4.9806817201013e-05
FALSE,TRUE,0.05,0,0.325,0.1,0.2,0.1,0.01,0.9,0,NA,3.05954757534821e-05
FALSE,TRUE,0.05,0,0.33,0.1,0.2,0.1,0.01,0.9,0.0019,0.578947368421053,0.000214168330274375
FALSE,TRUE,0.05,0,0.335,0.1,0.2,0.1,0.01,0.9,0.0036,0.513888888888889,0.000301917241368621
FALSE,TRUE,0.05,0,0.34,0.1,0.2,0.1,0.01,0.9,0,NA,7.44462969588699e-05
FALSE,TRUE,0.05,0,0.345,0.1,0.2,0.1,0.01,0.9,0.003,0.5,0.000691287043189507
FALSE,TRUE,0.05,0,0.35,0.1,0.2,0.1,0.01,0.9,6e-04,0.5,0.000138257408637901
FALSE,TRUE,0.05,0,0.355,0.1,0.2,0.1,0.01,0.9,4e-04,0.75,0.000356729482045485
FALSE,TRUE,0.05,0,0.36,0.1,0.2,0.1,0.01,0.9,0.0013,0.541666666666667,1.08099843044086e-05
FALSE,TRUE,0.05,0,0.365,0.1,0.2,0.1,0.01,0.9,0,NA,7.69731893465057e-05
FALSE,TRUE,0.05,0,0.37,0.1,0.2,0.1,0.01,0.9,0.0034,0.485294117647059,0.000362873606919241
FALSE,TRUE,0.05,0,0.375,0.1,0.2,0.1,0.01,0.9,0.0049,0.520408163265306,0.000725325691392484
FALSE,TRUE,0.05,0,0.38,0.1,0.2,0.1,0.01,0.9,0.0011,0.55,0.000368242274091569
FALSE,TRUE,0.05,0,0.385,0.1,0.2,0.1,0.01,0.9,0,NA,3.3945017026868e-05
FALSE,TRUE,0.05,0,0.39,0.1,0.2,0.1,0.01,0.9,0.0012,0.541666666666667,0.000147095073783095
FALSE,TRUE,0.05,0,0.395,0.1,0.2,0.1,0.01,0.9,0.0018,0.527777777777778,0.000103258693354103
FALSE,TRUE,0.05,0,0.4,0.1,0.2,0.1,0.01,0.9,0.0011,0.545454545454545,5.8031878121446e-05
FALSE,TRUE,0.05,0,0.405,0.1,0.2,0.1,0.01,0.9,8e-04,0.714285714285714,0.000197308385612916
FALSE,TRUE,0.05,0,0.41,0.1,0.2,0.1,0.01,0.9,0,NA,8.21257977408424e-05
FALSE,TRUE,0.05,0,0.415,0.1,0.2,0.1,0.01,0.9,0,NA,0.000129054825021324
FALSE,TRUE,0.05,0,0.42,0.1,0.2,0.1,0.01,0.9,0.0012,0.75,0.000201644469079817
FALSE,TRUE,0.05,0,0.425,0.1,0.2,0.1,0.01,0.9,0.0064,0.531746031746032,0.000201644469079817
FALSE,TRUE,0.05,0,0.43,0.1,0.2,0.1,0.01,0.9,0.0011,0.8,0.000203648380126221
FALSE,TRUE,0.05,0,0.435,0.1,0.2,0.1,0.01,0.9,7e-04,0.428571428571429,0.000155731114214169
FALSE,TRUE,0.05,0,0.44,0.1,0.2,0.1,0.01,0.9,6e-04,0.7,5.98965823900649e-05
FALSE,TRUE,0.05,0,0.445,0.1,0.2,0.1,0.01,0.9,0,NA,8.46414066796016e-05
FALSE,TRUE,0.05,0,0.45,0.1,0.2,0.1,0.01,0.9,0.0028,0.56,0.000108824665730916
FALSE,TRUE,0.05,0,0.455,0.1,0.2,0.1,0.01,0.9,0.0014,0.428571428571429,6.09298077518285e-05
FALSE,TRUE,0.05,0,0.46,0.1,0.2,0.1,0.01,0.9,0,NA,0.000184228088159224
FALSE,TRUE,0.05,0,0.465,0.1,0.2,0.1,0.01,0.9,0.001,0.722222222222222,0.000110536852895534
FALSE,TRUE,0.05,0,0.47,0.1,0.2,0.1,0.01,0.9,0.0027,0.480769230769231,0.000210294083151143
FALSE,TRUE,0.05,0,0.475,0.1,0.2,0.1,0.01,0.9,0.0053,0.431372549019608,0.000259775043892589
FALSE,TRUE,0.05,0,0.48,0.1,0.2,0.1,0.01,0.9,0.0016,0.6,0.000112156279071334
FALSE,TRUE,0.05,0,0.485,0.1,0.2,0.1,0.01,0.9,0.001,0.6,0.000112156279071334
FALSE,TRUE,0.05,0,0.49,0.1,0.2,0.1,0.01,0.9,0.0047,0.488888888888889,0.000112156279071334
FALSE,TRUE,0.05,0,0.495,0.1,0.2,0.1,0.01,0.9,0,NA,8.77695640071204e-05
FALSE,TRUE,0.05,0,0.5,0.1,0.2,0.1,0.01,0.9,9e-04,0.5,0.000213154655445864
FALSE,TRUE,0.05,0,0.505,0.1,0.2,0.1,0.01,0.9,0.0017,0.323529411764706,6.31020066738606e-05
FALSE,TRUE,0.05,0,0.51,0.1,0.2,0.1,0.01,0.9,0,NA,8.83428093434048e-05
FALSE,TRUE,0.05,0,0.515,0.1,0.2,0.1,0.01,0.9,0,1,3.80768911525312e-05
FALSE,TRUE,0.05,0,0.52,0.1,0.2,0.1,0.01,0.9,0.0012,0.346153846153846,6.34614852542187e-05
FALSE,TRUE,0.05,0,0.525,0.1,0.2,0.1,0.01,0.9,0.004,0.421052631578947,0.000114860388212885
FALSE,TRUE,0.05,0,0.53,0.1,0.2,0.1,0.01,0.9,0,NA,8.93358574989104e-05
FALSE,TRUE,0.05,0,0.535,0.1,0.2,0.1,0.01,0.9,0,NA,3.84962973225667e-05
FALSE,TRUE,0.05,0,0.54,0.1,0.2,0.1,0.01,0.9,0.0011,0.590909090909091,0.000166817288397789
FALSE,TRUE,0.05,0,0.545,0.1,0.2,0.1,0.01,0.9,0.0019,0.526315789473684,0.000116035679277719
FALSE,TRUE,0.05,0,0.55,0.1,0.2,0.1,0.01,0.9,0.0043,0.5,0.000425464157351635
FALSE,TRUE,0.05,0,0.555,0.1,0.2,0.1,0.01,0.9,0.0022,0.477272727272727,0.000220179218550821
FALSE,TRUE,0.05,0,0.56,0.1,0.2,0.1,0.01,0.9,0.0012,0.416666666666667,0.000169105160901414
FALSE,TRUE,0.05,0,0.565,0.1,0.2,0.1,0.01,0.9,0.002,0.473684210526316,0.000117072803700979
FALSE,TRUE,0.05,0,0.57,0.1,0.2,0.1,0.01,0.9,0.0023,0.543478260869565,0.000222112130613428
FALSE,TRUE,0.05,0,0.575,0.1,0.2,0.1,0.01,0.9,0,NA,3.91962583435461e-05
FALSE,TRUE,0.05,0,0.58,0.1,0.2,0.1,0.01,0.9,0.0011,0.65,6.55935020881566e-05
FALSE,TRUE,0.05,0,0.585,0.1,0.2,0.1,0.01,0.9,0.0029,0.482142857142857,6.55935020881566e-05
FALSE,TRUE,0.05,0,0.59,0.1,0.2,0.1,0.01,0.9,0.0017,0.382352941176471,0.000118503527993132
FALSE,TRUE,0.05,0,0.595,0.1,0.2,0.1,0.01,0.9,0.0022,0.523809523809524,6.58352933295177e-05
FALSE,TRUE,0.05,0,0.6,0.1,0.2,0.1,0.01,0.9,0.0014,0.607142857142857,0.000171796298699244
FALSE,TRUE,0.05,0,0.605,0.1,0.2,0.1,0.01,0.9,0.0083,0.408536585365854,0.000118935899099477
FALSE,TRUE,0.05,0,0.61,0.1,0.2,0.1,0.01,0.9,0,NA,9.27850858661275e-05
FALSE,TRUE,0.05,0,0.615,0.1,0.2,0.1,0.01,0.9,0.0055,0.5,0.000225335208532024
FALSE,TRUE,0.05,0,0.62,0.1,0.2,0.1,0.01,0.9,0,NA,3.97650367997689e-05
FALSE,TRUE,0.05,0,0.625,0.1,0.2,0.1,0.01,0.9,0,NA,0.000252851658367057
FALSE,TRUE,0.05,0,0.63,0.1,0.2,0.1,0.01,0.9,0.0037,0.460526315789474,0.000119771838173869
FALSE,TRUE,0.05,0,0.635,0.1,0.2,0.1,0.01,0.9,9e-04,0.555555555555556,0.000226885230253754
FALSE,TRUE,0.05,0,0.64,0.1,0.2,0.1,0.01,0.9,0.0017,0.5,0.000173500470194047
FALSE,TRUE,0.05,0,0.645,0.1,0.2,0.1,0.01,0.9,0,NA,9.37285940639021e-05
FALSE,TRUE,0.05,0,0.65,0.1,0.2,0.1,0.01,0.9,0.0012,0.458333333333333,0.000120508192367874
FALSE,TRUE,0.05,0,0.655,0.1,0.2,0.1,0.01,0.9,0,NA,9.39616956369469e-05
FALSE,TRUE,0.05,0,0.66,0.1,0.2,0.1,0.01,0.9,0,NA,0.000147654093143774
FALSE,TRUE,0.05,0,0.665,0.1,0.2,0.1,0.01,0.9,0.0094,0.425531914893617,0.000444288922672009
FALSE,TRUE,0.05,0,0.67,0.1,0.2,0.1,0.01,0.9,0.007,0.345070422535211,0.000121169706183275
FALSE,TRUE,0.05,0,0.675,0.1,0.2,0.1,0.01,0.9,0,NA,9.44915499932241e-05
FALSE,TRUE,0.05,0,0.68,0.1,0.2,0.1,0.01,0.9,0.0085,0.446428571428571,6.74939642808743e-05
FALSE,TRUE,0.05,0,0.685,0.1,0.2,0.1,0.01,0.9,0.0015,0.464285714285714,0.000121793431840976
FALSE,TRUE,0.05,0,0.69,0.1,0.2,0.1,0.01,0.9,0.0061,0.475409836065574,0.000121793431840976
FALSE,TRUE,0.05,0,0.695,0.1,0.2,0.1,0.01,0.9,0,NA,9.49624903510509e-05
FALSE,TRUE,0.05,0,0.7,0.1,0.2,0.1,0.01,0.9,0,NA,9.49624903510509e-05
FALSE,TRUE,0.05,0,0.705,0.1,0.2,0.1,0.01,0.9,0.0042,0.416666666666667,6.79991061724178e-05
FALSE,TRUE,0.05,0,0.71,0.1,0.2,0.1,0.01,0.9,0.0062,0.401639344262295,0.000176797676048286
FALSE,TRUE,0.05,0,0.715,0.1,0.2,0.1,0.01,0.9,0.0016,0.472222222222222,0.000122670860725316
FALSE,TRUE,0.05,0,0.72,0.1,0.2,0.1,0.01,0.9,0.0012,0.458333333333333,6.8150478180731e-05
FALSE,TRUE,0.05,0,0.725,0.1,0.2,0.1,0.01,0.9,0.0061,0.482456140350877,0.000122933930669921
FALSE,TRUE,0.05,0,0.73,0.1,0.2,0.1,0.01,0.9,0,NA,9.56152794099384e-05
FALSE,TRUE,0.05,0,0.735,0.1,0.2,0.1,0.01,0.9,0.0018,0.388888888888889,6.84424806322915e-05
FALSE,TRUE,0.05,0,0.74,0.1,0.2,0.1,0.01,0.9,0,NA,4.10654883793749e-05
FALSE,TRUE,0.05,0,0.745,0.1,0.2,0.1,0.01,0.9,0.0043,0.463414634146341,6.85756403406818e-05
FALSE,TRUE,0.05,0,0.75,0.1,0.2,0.1,0.01,0.9,0.0062,0.377049180327869,6.85756403406818e-05
FALSE,TRUE,0.05,0,0.755,0.1,0.2,0.1,0.01,0.9,0.0014,0.535714285714286,6.87225927617211e-05
FALSE,TRUE,0.05,0,0.76,0.1,0.2,0.1,0.01,0.9,0,NA,4.12335556570327e-05
FALSE,TRUE,0.05,0,0.765,0.1,0.2,0.1,0.01,0.9,0.0101,0.362745098039216,0.00045443069833299
FALSE,TRUE,0.05,0,0.77,0.1,0.2,0.1,0.01,0.9,0.0086,0.366279069767442,0.000123935644999906
FALSE,TRUE,0.05,0,0.775,0.1,0.2,0.1,0.01,0.9,0,NA,9.65433030337292e-05
FALSE,TRUE,0.05,0,0.78,0.1,0.2,0.1,0.01,0.9,0,NA,0.000151710904767289
FALSE,TRUE,0.05,0,0.785,0.1,0.2,0.1,0.01,0.9,0.0133,0.46969696969697,0.000234894022477243
FALSE,TRUE,0.05,0,0.79,0.1,0.2,0.1,0.01,0.9,0,NA,9.67210680788647e-05
FALSE,TRUE,0.05,0,0.795,0.1,0.2,0.1,0.01,0.9,0,NA,9.68986558523256e-05
FALSE,TRUE,0.05,0,0.8,0.1,0.2,0.1,0.01,0.9,0.0052,0.44,6.9213325608804e-05
FALSE,TRUE,0.05,0,0.805,0.1,0.2,0.1,0.01,0.9,0.0101,0.392857142857143,1.38657479685703e-05
FALSE,TRUE,0.05,0,0.81,0.1,0.2,0.1,0.01,0.9,0.0019,0.5,6.94253117150008e-05
FALSE,TRUE,0.05,0,0.815,0.1,0.2,0.1,0.01,0.9,0,NA,0.000152735685773002
FALSE,TRUE,0.05,0,0.82,0.1,0.2,0.1,0.01,0.9,0,NA,9.73553482662842e-05
FALSE,TRUE,0.05,0,0.825,0.1,0.2,0.1,0.01,0.9,0.0035,0.378378378378378,0.000125171162056651
FALSE,TRUE,0.05,0,0.83,0.1,0.2,0.1,0.01,0.9,0.0106,0.386138613861386,0.000236785003228847
FALSE,TRUE,0.05,0,0.835,0.1,0.2,0.1,0.01,0.9,0,NA,9.7499707211878e-05
FALSE,TRUE,0.05,0,0.84,0.1,0.2,0.1,0.01,0.9,0.0092,0.351648351648352,0.000125535956041214
FALSE,TRUE,0.05,0,0.845,0.1,0.2,0.1,0.01,0.9,0,NA,0.000209226593402023
FALSE,TRUE,0.05,0,0.85,0.1,0.2,0.1,0.01,0.9,0.0028,0.5,0.000125714758476527
FALSE,TRUE,0.05,0,0.855,0.1,0.2,0.1,0.01,0.9,0,1,4.19049194921758e-05
FALSE,TRUE,0.05,0,0.86,0.1,0.2,0.1,0.01,0.9,0,NA,4.19704773644881e-05
FALSE,TRUE,0.05,0,0.865,0.1,0.2,0.1,0.01,0.9,0.0039,0.473684210526316,0.000237832705065432
FALSE,TRUE,0.05,0,0.87,0.1,0.2,0.1,0.01,0.9,0,NA,0.000154070246436553
FALSE,TRUE,0.05,0,0.875,0.1,0.2,0.1,0.01,0.9,0,NA,9.80447022778062e-05
FALSE,TRUE,0.05,0,0.88,0.1,0.2,0.1,0.01,0.9,0,NA,4.20730142301618e-05
FALSE,TRUE,0.05,0,0.885,0.1,0.2,0.1,0.01,0.9,0.0279,0.415750915750916,0.00023841374730425
FALSE,TRUE,0.05,0,0.89,0.1,0.2,0.1,0.01,0.9,0.0123,0.307086614173228,0.000238709071540184
FALSE,TRUE,0.05,0,0.895,0.1,0.2,0.1,0.01,0.9,0,NA,9.82919706341935e-05
FALSE,TRUE,0.05,0,0.9,0.1,0.2,0.1,0.01,0.9,0.008,0.402597402597403,0.000126529671177581
FALSE,TRUE,0.05,0,0.905,0.1,0.2,0.1,0.01,0.9,0.0165,0.4,7.02942617653227e-05
FALSE,TRUE,0.05,0,0.91,0.1,0.2,0.1,0.01,0.9,0,NA,0.00015464737588371
FALSE,TRUE,0.05,0,0.915,0.1,0.2,0.1,0.01,0.9,0.0167,0.426380368098159,1.40780651242798e-05
FALSE,TRUE,0.05,0,0.92,0.1,0.2,0.1,0.01,0.9,0,NA,0.000267483237361317
FALSE,TRUE,0.05,0,0.925,0.1,0.2,0.1,0.01,0.9,0.0028,0.392857142857143,0.000183183858833702
FALSE,TRUE,0.05,0,0.93,0.1,0.2,0.1,0.01,0.9,0,NA,0.00015500172670544
FALSE,TRUE,0.05,0,0.935,0.1,0.2,0.1,0.01,0.9,0.0014,0.535714285714286,7.05359111283212e-05
FALSE,TRUE,0.05,0,0.94,0.1,0.2,0.1,0.01,0.9,0.0071,0.387323943661972,7.05359111283212e-05
FALSE,TRUE,0.05,0,0.945,0.1,0.2,0.1,0.01,0.9,0,NA,4.23621238886988e-05
FALSE,TRUE,0.05,0,0.95,0.1,0.2,0.1,0.01,0.9,0,NA,9.88449557402973e-05
FALSE,TRUE,0.05,0,0.955,0.1,0.2,0.1,0.01,0.9,0.0092,0.395604395604396,0.000240373169872861
FALSE,TRUE,0.05,0,0.96,0.1,0.2,0.1,0.01,0.9,0,NA,0.000155535580505969
FALSE,TRUE,0.05,0,0.965,0.1,0.2,0.1,0.01,0.9,0,NA,4.24566002326878e-05
FALSE,TRUE,0.05,0,0.97,0.1,0.2,0.1,0.01,0.9,0.0054,0.403846153846154,7.0761000387813e-05
FALSE,TRUE,0.05,0,0.975,0.1,0.2,0.1,0.01,0.9,0,NA,0.000212484413517687
FALSE,TRUE,0.05,0,0.98,0.1,0.2,0.1,0.01,0.9,0,1,0.000155821903246304
FALSE,TRUE,0.05,0,0.985,0.1,0.2,0.1,0.01,0.9,0,NA,0.000155982883013241
FALSE,TRUE,0.05,0,0.99,0.1,0.2,0.1,0.01,0.9,0,NA,9.92618346447898e-05
FALSE,TRUE,0.05,0,0.995,0.1,0.2,0.1,0.01,0.9,0.0049,0.416666666666667,7.09618452286105e-05
FALSE,TRUE,0.05,0,1,0.1,0.2,0.1,0.01,0.9,0,NA,0.000156116059502943
