"ID","mortality","environmt","rho_plus","rho_plus_ungrazed","rho_minus","q_plus"
1,0.1,0.2,0,0,0.0913972055888224,NA
5,0.1,0.21608040201005,0,0,0.092987624750499,NA
7,0.1,0.224120603015075,0,0,0.0887760479041916,NA
3,0.1,0.208040201005025,0,0,0.0912926147704591,NA
10,0.1,0.236180904522613,0,0,0.0932167664670659,NA
11,0.1,0.240201005025126,0,0,0.0893117764471058,NA
9,0.1,0.232160804020101,0,0,0.0934666666666667,NA
8,0.1,0.228140703517588,0,0,0.0946139720558882,NA
2,0.1,0.204020100502513,0,0,0.0935121756487026,NA
6,0.1,0.220100502512563,0,0,0.0886538922155689,NA
4,0.1,0.212060301507538,0,0,0.0903600798403194,NA
9,0.1,0.232160804020101,0.0126259481037924,0,0.108584431137725,0.396182315633996
2,0.1,0.204020100502513,0,0,0.0935121756487026,NA
5,0.1,0.21608040201005,0,0,0.092987624750499,NA
10,0.1,0.236180904522613,0.00323672654690619,0,0.101635129740519,0.510242808034724
1,0.1,0.2,0,0,0.0913972055888224,NA
7,0.1,0.224120603015075,0,0,0.0887760479041916,NA
3,0.1,0.208040201005025,0,0,0.0912926147704591,NA
11,0.1,0.240201005025126,0.00235289421157685,0,0.094548502994012,0.474597432119887
6,0.1,0.220100502512563,0,0,0.0886538922155689,NA
8,0.1,0.228140703517588,0,0,0.0946139720558882,NA
4,0.1,0.212060301507538,0,0,0.0903600798403194,NA
22,0.1,0.284422110552764,0,0,0.0962794411177645,NA
13,0.1,0.248241206030151,0.00291656686626747,0,0.0956263473053892,0.500787852921086
12,0.1,0.244221105527638,0,0,0.0883161676646707,NA
20,0.1,0.276381909547739,0.0900167664670659,0,0.218368862275449,0.42020460268474
14,0.1,0.252261306532663,0.00516806387225549,0,0.0991840319361278,0.427405948567032
15,0.1,0.256281407035176,0.00317365269461078,0,0.107989620758483,0.558119930911847
17,0.1,0.264321608040201,0.0150634730538922,0,0.118630738522954,0.415250636722516
16,0.1,0.260301507537688,0.0340039920159681,0,0.152843113772455,0.449973534639993
19,0.1,0.272361809045226,0.101354890219561,0,0.221481836327345,0.408356618613917
18,0.1,0.268341708542714,0.00641996007984032,0,0.093610379241517,0.395738163316179
21,0.1,0.280402010050251,0.156914171656687,0,0.291373253493014,0.418583525669791
14,0.1,0.252261306532663,0.00487425149700599,0,0.0976766467065868,0.426901756036308
12,0.1,0.244221105527638,0.0142738522954092,0,0.112763273453094,0.434783369355465
22,0.1,0.284422110552764,0.184392814371257,0,0.305702994011976,0.413415729297552
13,0.1,0.248241206030151,0.00733253493013972,0,0.10132375249501,0.451350002393117
18,0.1,0.268341708542714,0.0763808383233533,0,0.194089421157685,0.403928670855447
15,0.1,0.256281407035176,0.0585397205588822,0,0.178136526946108,0.413391163567738
23,0.1,0.288442211055276,0.184876646706587,0,0.300084630738523,0.412398693410598
24,0.1,0.292462311557789,0.212249900199601,0,0.325311776447106,0.403680185380293
25,0.1,0.296482412060302,0.229726946107784,0,0.342266666666667,0.401432293741309
26,0.1,0.300502512562814,0.246550099800399,0,0.350471057884232,0.399225929497694
27,0.1,0.304522613065327,0.251829141716567,0,0.3584,0.405150899659997
29,0.1,0.312562814070352,0.282853493013972,0,0.368591616766467,0.388992765573767
31,0.1,0.320603015075377,0.313212774451098,0,0.378384031936128,0.383561356807358
30,0.1,0.316582914572864,0.293408383233533,0,0.382891816367265,0.402647160203549
28,0.1,0.308542713567839,0.267750898203593,0,0.367900998003992,0.402720355773592
33,0.1,0.328643216080402,0.349062674650699,0,0.389200798403194,0.386154651007338
32,0.1,0.324623115577889,0.344268263473054,0,0.389532135728543,0.382721413906619
34,0.1,0.332663316582915,0.346418363273453,0,0.396901397205589,0.388716757420436
35,0.1,0.336683417085427,0.369853093812375,0,0.391603992015968,0.381012903814191
37,0.1,0.344723618090452,0.402120558882236,0,0.400964471057884,0.376170065721078
36,0.1,0.34070351758794,0.38242874251497,0,0.395310978043912,0.377084761728324
38,0.1,0.348743718592965,0.402039121756487,0,0.39381876247505,0.371021778261218
41,0.1,0.360804020100503,0.41980998003992,0,0.395346107784431,0.367289800979856
43,0.1,0.368844221105528,0.447537724550898,0,0.381182435129741,0.354204616985975
40,0.1,0.35678391959799,0.426906187624751,0,0.391347704590818,0.361485013087453
39,0.1,0.352763819095477,0.416811976047904,0,0.389310179640719,0.367103919773361
44,0.1,0.37286432160804,0.454061477045908,0,0.38351377245509,0.353491001984512
42,0.1,0.364824120603015,0.447959281437126,0,0.389041117764471,0.358832219915894
45,0.1,0.376884422110553,0.470225149700599,0,0.378535728542914,0.349624130337043
47,0.1,0.384924623115578,0.480370459081836,0,0.375816367265469,0.343411867994258
46,0.1,0.380904522613065,0.473164870259481,0,0.369972055888224,0.340460098857769
48,0.1,0.388944723618091,0.493544910179641,0,0.369282235528942,0.339630062334228
49,0.1,0.392964824120603,0.504521357285429,0,0.368872654690619,0.338008826072782
51,0.1,0.401005025125628,0.503674251497006,0,0.363864271457086,0.334006623074737
54,0.1,0.413065326633166,0.524288223552894,0,0.353139321357285,0.323085409123603
53,0.1,0.409045226130653,0.532983632734531,0,0.357107385229541,0.325725583825991
50,0.1,0.396984924623116,0.507222355289421,0,0.369580838323353,0.337408334248134
52,0.1,0.405025125628141,0.504082235528942,0,0.366557285429142,0.334051931548012
55,0.1,0.417085427135678,0.544732135728543,0,0.352130938123753,0.321904914878174
59,0.1,0.433165829145729,0.566673852295409,0,0.336202794411178,0.309049057754552
57,0.1,0.425125628140704,0.5491249500998,0,0.345691017964072,0.311809900556512
56,0.1,0.421105527638191,0.542447105788423,0,0.350998003992016,0.318465243501677
58,0.1,0.429145728643216,0.551393213572854,0,0.3439249500998,0.313476772417222
60,0.1,0.437185929648241,0.556030339321357,0,0.34029381237525,0.310788858003409
61,0.1,0.441206030150754,0.570255489021956,0,0.332091017964072,0.29998324729917
62,0.1,0.445226130653266,0.584672255489022,0,0.329187225548902,0.29695885748431
63,0.1,0.449246231155779,0.569773253493014,0,0.33390499001996,0.302573862841603
64,0.1,0.453266331658291,0.597741317365269,0,0.321525748502994,0.292100490167265
67,0.1,0.465326633165829,0.612281037924152,0,0.31193373253493,0.286389512976898
65,0.1,0.457286432160804,0.599894610778443,0,0.31762874251497,0.291671190885722
66,0.1,0.461306532663317,0.604257884231537,0,0.314856686626746,0.285923438505698
68,0.1,0.469346733668342,0.610562075848303,0,0.308401596806387,0.281054986995636
70,0.1,0.477386934673367,0.626080638722555,0,0.303136926147705,0.277213284051628
69,0.1,0.473366834170854,0.613981636726547,0,0.310518962075848,0.283540308126191
71,0.1,0.481407035175879,0.639033133732535,0,0.294577245508982,0.271421928655994
72,0.1,0.485427135678392,0.62382994011976,0,0.304668263473054,0.27731958527449
74,0.1,0.493467336683417,0.63394251497006,0,0.297511377245509,0.271442698748162
73,0.1,0.489447236180905,0.642958882235529,0,0.293097005988024,0.268600139221716
77,0.1,0.505527638190955,0.649945708582834,0,0.286463872255489,0.2654600232754
75,0.1,0.49748743718593,0.64338123752495,0,0.292455089820359,0.269823805356464
79,0.1,0.51356783919598,0.651530538922156,0,0.286348902195609,0.262575556620935
76,0.1,0.501507537688442,0.64598003992016,0,0.29208622754491,0.268650739481675
78,0.1,0.509547738693467,0.662431137724551,0,0.279291017964072,0.257313585796401
81,0.1,0.521608040201005,0.661504191616766,0,0.276591616766467,0.255028587537285
80,0.1,0.517587939698492,0.659881037924152,0,0.278624351297405,0.25643113277628
82,0.1,0.525628140703518,0.676660279441118,0,0.268682634730539,0.248056881367271
85,0.1,0.537688442211055,0.672906986027944,0,0.268878243512974,0.247295388526625
84,0.1,0.533668341708543,0.66902754491018,0,0.272649900199601,0.250804634712518
83,0.1,0.52964824120603,0.669813173652695,0,0.27308502994012,0.252353257183325
87,0.1,0.54572864321608,0.685334930139721,0,0.263262275449102,0.243378612487683
90,0.1,0.557788944723618,0.690214770459082,0,0.259598403193613,0.240276117400599
86,0.1,0.541708542713568,0.679654291417166,0,0.266799201596806,0.247912941299319
88,0.1,0.549748743718593,0.682922155688623,0,0.263226347305389,0.243985070732206
89,0.1,0.553768844221106,0.684730538922156,0,0.260764071856287,0.240772641404562
91,0.1,0.561809045226131,0.700174051896208,0,0.252303393213573,0.233924938512832
92,0.1,0.565829145728643,0.705604790419162,0,0.246920558882236,0.229709942185294
93,0.1,0.569849246231156,0.702987624750499,0,0.248928542914172,0.230842873136557
96,0.1,0.581909547738694,0.709468263473054,0,0.245101796407186,0.227641388521166
94,0.1,0.573869346733668,0.699525748502994,0,0.250573253493014,0.230357462268836
95,0.1,0.577889447236181,0.704774451097804,0,0.246788023952096,0.228644770840038
97,0.1,0.585929648241206,0.709738922155689,0,0.243956087824351,0.225312760272263
98,0.1,0.589949748743719,0.713446706586826,0,0.241390818363273,0.223970264573745
99,0.1,0.593969849246231,0.719049101796407,0,0.236465469061876,0.220379668187461
101,0.1,0.602010050251256,0.729262275449102,0,0.230237125748503,0.215249149829722
100,0.1,0.597989949748744,0.720147704590818,0,0.236784031936128,0.220053804251656
102,0.1,0.606030150753769,0.720641916167665,0,0.234421556886228,0.217804538524187
103,0.1,0.610050251256282,0.722307385229541,0,0.234499800399202,0.215437381729332
104,0.1,0.614070351758794,0.727302195608782,0,0.230689021956088,0.21410512066348
105,0.1,0.618090452261307,0.735708582834331,0,0.226221157684631,0.210075046094806
106,0.1,0.622110552763819,0.73160878243513,0,0.227871457085828,0.211352622689867
107,0.1,0.626130653266332,0.734375249500998,0,0.22463872255489,0.209778981328947
108,0.1,0.630150753768844,0.740976447105788,0,0.219567265469062,0.205712488271316
112,0.1,0.646231155778894,0.748295409181637,0,0.214702594810379,0.200814507582728
111,0.1,0.642211055276382,0.75509381237525,0,0.209140918163673,0.197450899855569
110,0.1,0.638190954773869,0.742326546906188,0,0.218959680638723,0.204798272662787
109,0.1,0.634170854271357,0.746596407185629,0,0.21702754491018,0.203085836877644
113,0.1,0.650251256281407,0.751801996007984,0,0.211388423153693,0.198533661967188
114,0.1,0.65427135678392,0.75991377245509,0,0.205461876247505,0.193824441933627
115,0.1,0.658291457286432,0.756324151696607,0,0.208863073852295,0.195565038475881
116,0.1,0.662311557788945,0.760868662674651,0,0.205057085828343,0.191472694696069
117,0.1,0.666331658291457,0.753326147704591,0,0.211426746506986,0.197577296763235
118,0.1,0.67035175879397,0.761233532934132,0,0.203557684630739,0.190536378505499
119,0.1,0.674371859296482,0.759379640718563,0,0.205084231536926,0.191936510739797
120,0.1,0.678391959798995,0.769002794411178,0,0.198901397205589,0.188250907064475
121,0.1,0.682412060301508,0.766005588822355,0,0.20100998003992,0.188213515405285
122,0.1,0.68643216080402,0.775218363273453,0,0.194248303393214,0.183776260517613
123,0.1,0.690452261306533,0.77069620758483,0,0.196340918163673,0.184180510125377
125,0.1,0.698492462311558,0.775726147704591,0,0.193396407185629,0.182148297241083
124,0.1,0.694472361809045,0.767255888223553,0,0.198926946107784,0.186512046210783
126,0.1,0.70251256281407,0.774744910179641,0,0.193918562874251,0.182816881135087
127,0.1,0.706532663316583,0.775888223552894,0,0.192253093812375,0.181459111551482
128,0.1,0.710552763819096,0.776121357285429,0,0.192670658682635,0.181100349878154
129,0.1,0.714572864321608,0.782648303393214,0,0.187051497005988,0.176187301875088
131,0.1,0.722613065326633,0.787157684630739,0,0.184586826347305,0.175256107010992
130,0.1,0.718592964824121,0.779110578842315,0,0.190094211576846,0.178975129925081
132,0.1,0.726633165829146,0.786555688622754,0,0.184273852295409,0.173188463818297
133,0.1,0.730653266331658,0.785101796407186,0,0.185484231536926,0.175845969202002
134,0.1,0.734673366834171,0.788977245508982,0,0.182366467065868,0.172358371693208
135,0.1,0.738693467336683,0.791768463073852,0,0.179949700598802,0.171027780716488
136,0.1,0.742713567839196,0.789292614770459,0,0.181595209580838,0.171134566745345
137,0.1,0.746733668341709,0.799139321357285,0,0.173687025948104,0.164453745143537
139,0.1,0.754773869346734,0.79550499001996,0,0.1772750499002,0.168291904326907
138,0.1,0.750753768844221,0.798867065868264,0,0.175217564870259,0.166800880104318
142,0.1,0.766834170854271,0.796922954091816,0,0.17610379241517,0.166814836649867
141,0.1,0.762814070351759,0.802653093812375,0,0.171891417165669,0.164316093808124
140,0.1,0.758793969849246,0.800649101796407,0,0.172567664670659,0.164448458613942
143,0.1,0.770854271356784,0.801168862275449,0,0.172540518962076,0.164261625340161
144,0.1,0.774874371859297,0.80617245508982,0,0.168111776447106,0.159722052140555
145,0.1,0.778894472361809,0.807614371257485,0,0.167051497005988,0.158993796882604
146,0.1,0.782914572864322,0.799800399201597,0,0.172878243512974,0.16347314066361
148,0.1,0.790954773869347,0.807734930139721,0,0.166606786427146,0.158309472309216
147,0.1,0.786934673366834,0.803982435129741,0,0.169785229540918,0.160528394350563
150,0.1,0.798994974874372,0.815756487025948,0,0.160258682634731,0.153499089272173
149,0.1,0.794974874371859,0.809393213572854,0,0.16504750499002,0.15743510970711
152,0.1,0.807035175879397,0.814549301397206,0,0.16210379241517,0.154260841172102
151,0.1,0.803015075376885,0.810744910179641,0,0.163651896207585,0.155541027025329
153,0.1,0.81105527638191,0.811918562874251,0,0.162288223552894,0.154007526353066
154,0.1,0.815075376884422,0.817053093812375,0,0.158954890219561,0.150692726059257
155,0.1,0.819095477386935,0.815349301397206,0,0.159782834331337,0.152447862534008
156,0.1,0.823115577889447,0.819021956087824,0,0.157511377245509,0.150037422668055
157,0.1,0.82713567839196,0.822139720558882,0,0.1548375249501,0.146926180438343
159,0.1,0.835175879396985,0.819552894211577,0,0.156595608782435,0.148669520757548
158,0.1,0.831155778894472,0.820213972055888,0,0.156117365269461,0.149577225913318
160,0.1,0.839195979899497,0.823928143712575,0,0.15421876247505,0.147760861344447
161,0.1,0.84321608040201,0.822946107784431,0,0.154712974051896,0.148392339221491
162,0.1,0.847236180904523,0.822101397205589,0,0.155212774451098,0.147611104881849
163,0.1,0.851256281407035,0.82675369261477,0,0.151631137724551,0.144143433240664
164,0.1,0.855276381909548,0.825918562874251,0,0.152056686626747,0.145380593641128
165,0.1,0.85929648241206,0.828412774451098,0,0.150692215568862,0.144317494273003
166,0.1,0.863316582914573,0.831220758483034,0,0.14755129740519,0.141493875154221
167,0.1,0.867336683417085,0.828542914171657,0,0.150083033932136,0.143398997073504
168,0.1,0.871356783919598,0.827791616766467,0,0.150708183632735,0.143075166553489
169,0.1,0.875376884422111,0.831728542914172,0,0.147636726546906,0.140661831789409
170,0.1,0.879396984924623,0.830530139720559,0,0.14819001996008,0.142831738964143
171,0.1,0.883417085427136,0.830257085828343,0,0.147452295409182,0.140709575392435
172,0.1,0.887437185929648,0.838249101796407,0,0.141306187624751,0.135232867946938
173,0.1,0.891457286432161,0.835597604790419,0,0.143462674650699,0.137209643562607
174,0.1,0.895477386934673,0.835573652694611,0,0.144110179640719,0.138125023348509
175,0.1,0.899497487437186,0.835366866267465,0,0.143290219560878,0.13727802408582
176,0.1,0.903517587939699,0.841683832335329,0,0.138580439121756,0.132713738065468
177,0.1,0.907537688442211,0.838433532934132,0,0.140838323353293,0.134755505919348
178,0.1,0.911557788944724,0.842129341317365,0,0.138728143712575,0.132909576572499
179,0.1,0.915577889447236,0.840354491017964,0,0.139966467065868,0.134455233976663
180,0.1,0.919597989949749,0.835877844311377,0,0.14379880239521,0.137291442760003
181,0.1,0.923618090452261,0.844147704590818,0,0.136265868263473,0.131042633661787
182,0.1,0.927638190954774,0.840620359281437,0,0.139342914171657,0.13381817863114
183,0.1,0.931658291457287,0.842746506986028,0,0.137908982035928,0.132730164296964
184,0.1,0.935678391959799,0.848036726546906,0,0.132984431137725,0.127725399532965
185,0.1,0.939698492462312,0.845601596806387,0,0.135691017964072,0.130027754909501
186,0.1,0.943718592964824,0.84380119760479,0,0.136253093812375,0.130231516353721
187,0.1,0.947738693467337,0.849900199600798,0,0.132522155688623,0.127528295903299
188,0.1,0.951758793969849,0.849188023952096,0,0.132460678642715,0.127091360951914
189,0.1,0.955778894472362,0.849434730538922,0,0.132041516966068,0.126764290755505
190,0.1,0.959798994974874,0.851596806387226,0,0.129813173652695,0.124429760798816
191,0.1,0.963819095477387,0.854376047904192,0,0.128363273453094,0.123627283666673
192,0.1,0.9678391959799,0.851552095808383,0,0.130719361277445,0.125622572750186
193,0.1,0.971859296482412,0.853260678642715,0,0.128729740518962,0.124000788206662
194,0.1,0.975879396984925,0.855526546906188,0,0.126542115768463,0.121872762281442
195,0.1,0.979899497487437,0.85350499001996,0,0.129375648702595,0.123639152079605
196,0.1,0.98391959798995,0.855176047904192,0,0.127342914171657,0.122394596577378
197,0.1,0.987939698492462,0.857606387225549,0,0.125251097804391,0.120416347092884
198,0.1,0.991959798994975,0.85567744510978,0,0.126697005988024,0.121702191758266
199,0.1,0.995979899497488,0.859554491017964,0,0.122993213572854,0.118325674105368
201,0.2,0.2,0,0,0.0872487025948104,NA
200,0.1,1,0.853405988023952,0,0.128053493013972,0.122936797037187
202,0.2,0.204020100502513,0,0,0.0965756487025948,NA
203,0.2,0.208040201005025,0,0,0.0879409181636727,NA
204,0.2,0.212060301507538,0,0,0.0877572854291417,NA
206,0.2,0.220100502512563,0,0,0.0979265469061876,NA
205,0.2,0.21608040201005,0,0,0.088389620758483,NA
207,0.2,0.224120603015075,0,0,0.0947249500998004,NA
208,0.2,0.228140703517588,0,0,0.0864183632734531,NA
209,0.2,0.232160804020101,0,0,0.0873892215568862,NA
210,0.2,0.236180904522613,0,0,0.0894131736526946,NA
201,0.2,0.2,0,0,0.0872487025948104,NA
211,0.2,0.240201005025126,0,0,0.0942395209580838,NA
202,0.2,0.204020100502513,0,0,0.0965756487025948,NA
203,0.2,0.208040201005025,0,0,0.0879409181636727,NA
204,0.2,0.212060301507538,0,0,0.0877572854291417,NA
206,0.2,0.220100502512563,0,0,0.0979265469061876,NA
205,0.2,0.21608040201005,0,0,0.088389620758483,NA
207,0.2,0.224120603015075,0,0,0.0947249500998004,NA
208,0.2,0.228140703517588,0,0,0.0864183632734531,NA
209,0.2,0.232160804020101,0,0,0.0873892215568862,NA
210,0.2,0.236180904522613,0,0,0.0894131736526946,NA
212,0.2,0.244221105527638,0,0,0.0910483033932136,NA
211,0.2,0.240201005025126,0,0,0.0942395209580838,NA
213,0.2,0.248241206030151,0,0,0.0920662674650699,NA
214,0.2,0.252261306532663,0,0,0.0906275449101796,NA
215,0.2,0.256281407035176,0,0,0.091649500998004,NA
216,0.2,0.260301507537688,0,0,0.0890243512974052,NA
217,0.2,0.264321608040201,0,0,0.093540119760479,NA
218,0.2,0.268341708542714,0,0,0.0905357285429142,NA
219,0.2,0.272361809045226,0,0,0.0916510978043912,NA
220,0.2,0.276381909547739,0,0,0.0894179640718563,NA
221,0.2,0.280402010050251,0,0,0.0916415169660679,NA
212,0.2,0.244221105527638,0,0,0.0910483033932136,NA
222,0.2,0.284422110552764,0,0,0.0921604790419162,NA
213,0.2,0.248241206030151,0,0,0.0920662674650699,NA
214,0.2,0.252261306532663,0,0,0.0906275449101796,NA
215,0.2,0.256281407035176,0,0,0.091649500998004,NA
216,0.2,0.260301507537688,0,0,0.0890243512974052,NA
217,0.2,0.264321608040201,0,0,0.093540119760479,NA
218,0.2,0.268341708542714,0,0,0.0905357285429142,NA
219,0.2,0.272361809045226,0,0,0.0916510978043912,NA
220,0.2,0.276381909547739,0,0,0.0894179640718563,NA
221,0.2,0.280402010050251,0,0,0.0916415169660679,NA
223,0.2,0.288442211055276,0,0,0.0921413173652695,NA
222,0.2,0.284422110552764,0,0,0.0921604790419162,NA
224,0.2,0.292462311557789,0,0,0.091500998003992,NA
225,0.2,0.296482412060302,0,0,0.0897141716566866,NA
226,0.2,0.300502512562814,0,0,0.0894211576846307,NA
227,0.2,0.304522613065327,0,0,0.0897045908183633,NA
228,0.2,0.308542713567839,0,0,0.090874251497006,NA
230,0.2,0.316582914572864,0,0,0.0900550898203593,NA
229,0.2,0.312562814070352,0,0,0.0932918163672655,NA
231,0.2,0.320603015075377,0,0,0.0864502994011976,NA
232,0.2,0.324623115577889,0,0,0.0880375249500998,NA
223,0.2,0.288442211055276,0,0,0.0921413173652695,NA
233,0.2,0.328643216080402,0,0,0.0952582834331337,NA
224,0.2,0.292462311557789,0,0,0.091500998003992,NA
225,0.2,0.296482412060302,0,0,0.0897141716566866,NA
227,0.2,0.304522613065327,0,0,0.0897045908183633,NA
226,0.2,0.300502512562814,0,0,0.0894211576846307,NA
228,0.2,0.308542713567839,0,0,0.090874251497006,NA
230,0.2,0.316582914572864,0,0,0.0900550898203593,NA
229,0.2,0.312562814070352,0,0,0.0932918163672655,NA
231,0.2,0.320603015075377,0,0,0.0864502994011976,NA
232,0.2,0.324623115577889,0,0,0.0880375249500998,NA
234,0.2,0.332663316582915,0,0,0.0906339321357285,NA
233,0.2,0.328643216080402,0,0,0.0952582834331337,NA
235,0.2,0.336683417085427,0,0,0.0897421157684631,NA
236,0.2,0.34070351758794,0,0,0.0885724550898204,NA
237,0.2,0.344723618090452,0,0,0.0862387225548902,NA
238,0.2,0.348743718592965,0,0,0.09172375249501,NA
240,0.2,0.35678391959799,0,0,0.0926003992015968,NA
239,0.2,0.352763819095477,0,0,0.0942283433133733,NA
241,0.2,0.360804020100503,0,0,0.0893293413173653,NA
242,0.2,0.364824120603015,0,0,0.0948694610778443,NA
243,0.2,0.368844221105528,0,0,0.0906818363273453,NA
244,0.2,0.37286432160804,0,0,0.0870035928143713,NA
234,0.2,0.332663316582915,0,0,0.0906339321357285,NA
235,0.2,0.336683417085427,0,0,0.0897421157684631,NA
236,0.2,0.34070351758794,0,0,0.0885724550898204,NA
238,0.2,0.348743718592965,0,0,0.09172375249501,NA
237,0.2,0.344723618090452,0,0,0.0862387225548902,NA
240,0.2,0.35678391959799,0,0,0.0926003992015968,NA
239,0.2,0.352763819095477,0,0,0.0942283433133733,NA
241,0.2,0.360804020100503,0,0,0.0893293413173653,NA
242,0.2,0.364824120603015,0,0,0.0948694610778443,NA
243,0.2,0.368844221105528,0,0,0.0906818363273453,NA
245,0.2,0.376884422110553,0,0,0.0943025948103792,NA
244,0.2,0.37286432160804,0,0,0.0870035928143713,NA
246,0.2,0.380904522613065,0,0,0.0870738522954092,NA
247,0.2,0.384924623115578,0,0,0.0882922155688623,NA
248,0.2,0.388944723618091,0,0,0.0940918163672655,NA
249,0.2,0.392964824120603,0,0,0.0894570858283433,NA
250,0.2,0.396984924623116,0,0,0.0927089820359281,NA
251,0.2,0.401005025125628,0,0,0.0853620758483034,NA
252,0.2,0.405025125628141,0,0,0.0884135728542914,NA
253,0.2,0.409045226130653,0,0,0.0872255489021956,NA
255,0.2,0.417085427135678,0,0,0.093125748502994,NA
254,0.2,0.413065326633166,0,0,0.0910674650698603,NA
245,0.2,0.376884422110553,0,0,0.0943025948103792,NA
246,0.2,0.380904522613065,0,0,0.0870738522954092,NA
247,0.2,0.384924623115578,0,0,0.0882922155688623,NA
248,0.2,0.388944723618091,0,0,0.0940918163672655,NA
249,0.2,0.392964824120603,0,0,0.0894570858283433,NA
250,0.2,0.396984924623116,0,0,0.0927089820359281,NA
251,0.2,0.401005025125628,0,0,0.0853620758483034,NA
252,0.2,0.405025125628141,0,0,0.0884135728542914,NA
253,0.2,0.409045226130653,0,0,0.0872255489021956,NA
254,0.2,0.413065326633166,0,0,0.0910674650698603,NA
255,0.2,0.417085427135678,0,0,0.093125748502994,NA
256,0.2,0.421105527638191,0,0,0.0945964071856287,NA
257,0.2,0.425125628140704,0,0,0.0985788423153693,NA
258,0.2,0.429145728643216,0,0,0.0857948103792415,NA
259,0.2,0.433165829145729,0,0,0.0882035928143713,NA
260,0.2,0.437185929648241,0,0,0.0927329341317365,NA
261,0.2,0.441206030150754,0,0,0.091688622754491,NA
262,0.2,0.445226130653266,0,0,0.0924087824351297,NA
263,0.2,0.449246231155779,0,0,0.0933860279441118,NA
264,0.2,0.453266331658291,0,0,0.100244311377246,NA
265,0.2,0.457286432160804,0,0,0.0869021956087824,NA
266,0.2,0.461306532663317,0,0,0.0932934131736527,NA
256,0.2,0.421105527638191,0,0,0.0945964071856287,NA
257,0.2,0.425125628140704,0,0,0.0985788423153693,NA
258,0.2,0.429145728643216,0,0,0.0857948103792415,NA
259,0.2,0.433165829145729,0,0,0.0882035928143713,NA
260,0.2,0.437185929648241,0,0,0.0927329341317365,NA
261,0.2,0.441206030150754,0,0,0.091688622754491,NA
262,0.2,0.445226130653266,0,0,0.0924087824351297,NA
263,0.2,0.449246231155779,0,0,0.0933860279441118,NA
264,0.2,0.453266331658291,0,0,0.100244311377246,NA
265,0.2,0.457286432160804,0,0,0.0869021956087824,NA
267,0.2,0.465326633165829,0,0,0.0904471057884232,NA
266,0.2,0.461306532663317,0,0,0.0932934131736527,NA
268,0.2,0.469346733668342,0,0,0.086538123752495,NA
269,0.2,0.473366834170854,0,0,0.0935065868263473,NA
270,0.2,0.477386934673367,0,0,0.0917788423153693,NA
271,0.2,0.481407035175879,0,0,0.0942459081836327,NA
272,0.2,0.485427135678392,0,0,0.0899121756487026,NA
273,0.2,0.489447236180905,0,0,0.0918203592814371,NA
274,0.2,0.493467336683417,0,0,0.0865548902195609,NA
275,0.2,0.49748743718593,0,0,0.0899081836327345,NA
276,0.2,0.501507537688442,0,0,0.0926538922155689,NA
277,0.2,0.505527638190955,0,0,0.0962355289421158,NA
267,0.2,0.465326633165829,0,0,0.0904471057884232,NA
268,0.2,0.469346733668342,0,0,0.086538123752495,NA
269,0.2,0.473366834170854,0,0,0.0935065868263473,NA
270,0.2,0.477386934673367,0,0,0.0917788423153693,NA
271,0.2,0.481407035175879,0,0,0.0942459081836327,NA
272,0.2,0.485427135678392,0,0,0.0899121756487026,NA
273,0.2,0.489447236180905,0,0,0.0918203592814371,NA
274,0.2,0.493467336683417,0,0,0.0865548902195609,NA
275,0.2,0.49748743718593,0,0,0.0899081836327345,NA
276,0.2,0.501507537688442,0,0,0.0926538922155689,NA
277,0.2,0.505527638190955,0,0,0.0962355289421158,NA
278,0.2,0.509547738693467,0,0,0.08975249500998,NA
279,0.2,0.51356783919598,0,0,0.090063872255489,NA
280,0.2,0.517587939698492,0,0,0.0874331337325349,NA
282,0.2,0.525628140703518,0,0,0.0904806387225549,NA
281,0.2,0.521608040201005,0,0,0.0873884231536926,NA
283,0.2,0.52964824120603,0.0203497005988024,0,0.12380998003992,0.387834658299923
284,0.2,0.533668341708543,0,0,0.0918890219560878,NA
285,0.2,0.537688442211055,0,0,0.0906355289421158,NA
286,0.2,0.541708542713568,0,0,0.0973325349301397,NA
287,0.2,0.54572864321608,0,0,0.091964870259481,NA
288,0.2,0.549748743718593,0,0,0.0917700598802395,NA
278,0.2,0.509547738693467,0,0,0.08975249500998,NA
279,0.2,0.51356783919598,0,0,0.090063872255489,NA
280,0.2,0.517587939698492,0.00339321357285429,0,0.0955920159680639,NA
281,0.2,0.521608040201005,0,0,0.0873884231536926,NA
282,0.2,0.525628140703518,0.0460590818363273,0,0.171432335329341,0.40761880099193
289,0.2,0.553768844221106,0.0744063872255489,0,0.203968063872255,0.391225763910867
284,0.2,0.533668341708543,0.0697053892215569,0,0.201699800399202,0.403306902196676
285,0.2,0.537688442211055,0.174403992015968,0,0.316902994011976,0.400003522281421
286,0.2,0.541708542713568,0.12102994011976,0,0.288502994011976,0.411159858070784
287,0.2,0.54572864321608,0.234162874251497,0,0.374130938123752,0.402646403553935
288,0.2,0.549748743718593,0.261073852295409,0,0.38853253493014,0.398031518122026
290,0.2,0.557788944723618,0.177161676646707,0,0.310272255489022,0.387701338699444
291,0.2,0.561809045226131,0,0,0.0877676646706587,NA
292,0.2,0.565829145728643,0,0,0.0879225548902196,NA
293,0.2,0.569849246231156,0,0,0.0930483033932136,NA
294,0.2,0.573869346733668,0,0,0.0913077844311377,NA
295,0.2,0.577889447236181,0.289306986027944,0,0.391544910179641,0.386180506571065
296,0.2,0.581909547738694,0.025398003992016,0,0.128016766467066,0.381985350527879
297,0.2,0.585929648241206,0.363760479041916,0,0.412680239520958,0.381324620637659
298,0.2,0.589949748743719,0,0,0.095259880239521,NA
299,0.2,0.593969849246231,0.372655489021956,0,0.408471856287425,0.380156395399978
301,0.2,0.602010050251256,0.368306586826347,0,0.404231536926148,0.375808833247395
300,0.2,0.597989949748744,0.351325349301397,0,0.410246706586826,0.38423302835045
291,0.2,0.561809045226131,0.301160079840319,0,0.400630738522954,0.394444062298592
292,0.2,0.565829145728643,0.283877045908184,0,0.381450698602794,0.385555742975942
293,0.2,0.569849246231156,0.310488622754491,0,0.408480638722555,0.392984816414115
294,0.2,0.573869346733668,0.298168463073852,0,0.394236327345309,0.388029908992995
302,0.2,0.606030150753769,0.386661077844311,0,0.404357684630739,0.375085407874174
303,0.2,0.610050251256282,0.385378842315369,0,0.407128143712575,0.374315336072953
304,0.2,0.614070351758794,0.395023552894212,0,0.402566866267465,0.371209528718569
298,0.2,0.589949748743719,0.337097005988024,0,0.40226746506986,0.382541534701892
306,0.2,0.622110552763819,0.421845109780439,0,0.404146906187625,0.36976444600997
305,0.2,0.618090452261307,0.378006387225549,0,0.405937724550898,0.373427199011335
307,0.2,0.626130653266332,0.411596806387226,0,0.403621556886228,0.367975781923904
308,0.2,0.630150753768844,0.418588423153693,0,0.397458682634731,0.363413565754793
309,0.2,0.634170854271357,0.454707385229541,0,0.397618363273453,0.361237152346777
310,0.2,0.638190954773869,0.442474251497006,0,0.395996806387226,0.354905988157208
311,0.2,0.642211055276382,0.445261477045908,0,0.392796806387226,0.355183907662276
312,0.2,0.646231155778894,0.443664670658683,0,0.397469061876248,0.359365532480207
313,0.2,0.650251256281407,0.458946107784431,0,0.393812375249501,0.352645507273174
314,0.2,0.65427135678392,0.471786826347305,0,0.387123353293413,0.348956013817744
315,0.2,0.658291457286432,0,0,0.0935313373253493,NA
318,0.2,0.67035175879397,0.483279041916168,0,0.383973652694611,0.345590590440584
316,0.2,0.662311557788945,0.479722954091816,0,0.388370459081836,0.348362591494514
317,0.2,0.666331658291457,0.483718163672655,0,0.383468263473054,0.343912060034356
319,0.2,0.674371859296482,0.479099401197605,0,0.385771656686627,0.348593198875861
320,0.2,0.678391959798995,0.490343313373253,0,0.381239920159681,0.343277231459022
321,0.2,0.682412060301508,0.500982035928144,0,0.375833932135729,0.338005064732608
322,0.2,0.68643216080402,0.483749301397206,0,0.379369261477046,0.339858233797358
323,0.2,0.690452261306533,0.501755688622755,0,0.375701397205589,0.338120025784492
324,0.2,0.694472361809045,0.510009580838323,0,0.369833932135729,0.333138575471692
325,0.2,0.698492462311558,0.5088750499002,0,0.37373253493014,0.333827811743069
315,0.2,0.658291457286432,0.46339001996008,0,0.391671057884232,0.35236078475131
326,0.2,0.70251256281407,0.523517764471058,0,0.364364870259481,0.326729664387939
327,0.2,0.706532663316583,0.527382834331337,0,0.366043912175649,0.32714904485394
328,0.2,0.710552763819096,0.518150898203593,0,0.369670259481038,0.331093519675366
329,0.2,0.714572864321608,0.536221956087824,0,0.359445109780439,0.323813737968053
330,0.2,0.718592964824121,0.53576127744511,0,0.35979001996008,0.327701093218446
332,0.2,0.726633165829146,0.543081836327345,0,0.355602395209581,0.321404898142054
331,0.2,0.722613065326633,0.545444311377245,0,0.357509780439122,0.322529284440971
333,0.2,0.730653266331658,0.542710578842315,0,0.351664670658683,0.316534616028234
334,0.2,0.734673366834171,0.558824750499002,0,0.346402395209581,0.313162371215032
335,0.2,0.738693467336683,0.555097804391218,0,0.348812774451098,0.31568442416053
336,0.2,0.742713567839196,0.552737724550898,0,0.345676646706587,0.310301960618337
337,0.2,0.746733668341709,0.556252295409182,0,0.349709381237525,0.311533411310958
338,0.2,0.750753768844221,0.576182834331337,0,0.336670658682635,0.305492650418472
339,0.2,0.754773869346734,0.572367265469062,0,0.338948502994012,0.307843632628537
340,0.2,0.758793969849246,0.568423153692615,0,0.341327744510978,0.308090671334492
341,0.2,0.762814070351759,0.568835928143713,0,0.340712974051896,0.307881057263599
342,0.2,0.766834170854271,0.574209181636727,0,0.339560079840319,0.306295225775264
343,0.2,0.770854271356784,0.58182754491018,0,0.331738922155689,0.300359100832741
344,0.2,0.774874371859297,0.585140918163673,0,0.330939720558882,0.29853062954247
345,0.2,0.778894472361809,0.578298602794411,0,0.334558882235529,0.303121653028017
346,0.2,0.782914572864322,0.593129740518962,0,0.328390419161677,0.297914664432271
347,0.2,0.786934673366834,0.595402794411178,0,0.323231936127745,0.292666765547387
348,0.2,0.790954773869347,0.595580838323353,0,0.326499800399202,0.295089154891066
349,0.2,0.794974874371859,0.589579241516966,0,0.329222355289421,0.296825087526471
350,0.2,0.798994974874372,0.589309381237525,0,0.329520159680639,0.299128403404624
352,0.2,0.807035175879397,0.609098602794411,0,0.314280239520958,0.285501867070239
351,0.2,0.803015075376885,0.602217165668663,0,0.323374850299401,0.293374565685244
354,0.2,0.815075376884422,0.603826746506986,0,0.317474650698603,0.286437368589485
353,0.2,0.81105527638191,0.609783632734531,0,0.316794411177645,0.288349829312431
355,0.2,0.819095477386935,0.609559281437126,0,0.313659081836327,0.284261542270145
356,0.2,0.823115577889447,0.608364071856287,0,0.315879441117764,0.286149742770454
357,0.2,0.82713567839196,0.619233532934132,0,0.308950898203593,0.280581318509295
358,0.2,0.831155778894472,0.629555289421158,0,0.302942914171657,0.27549185221292
359,0.2,0.835175879396985,0.624633133732535,0,0.307564071856287,0.281102924731572
360,0.2,0.839195979899497,0.625698203592814,0,0.305615169660679,0.278999370324777
361,0.2,0.84321608040201,0.636423952095808,0,0.300427145708583,0.276216627420526
362,0.2,0.847236180904523,0.632009580838323,0,0.300986826347305,0.275936503714013
363,0.2,0.851256281407035,0.626414371257485,0,0.304281037924152,0.27751853162326
364,0.2,0.855276381909548,0.641501796407186,0,0.29212375249501,0.266325102677057
365,0.2,0.85929648241206,0.63736127744511,0,0.296411976047904,0.269584534423891
366,0.2,0.863316582914573,0.64380119760479,0,0.292874251497006,0.267629728316997
367,0.2,0.867336683417085,0.644507784431138,0,0.294134930139721,0.269022296385954
368,0.2,0.871356783919598,0.645886626746507,0,0.29227624750499,0.266085064460298
369,0.2,0.875376884422111,0.653281437125748,0,0.287690219560878,0.263008623630158
371,0.2,0.883417085427136,0.657011576846307,0,0.283886626746507,0.260118443052211
370,0.2,0.879396984924623,0.653819560878244,0,0.288916566866267,0.265256173569248
372,0.2,0.887437185929648,0.647632734530938,0,0.290702594810379,0.265590648267424
374,0.2,0.895477386934673,0.658623552894212,0,0.283289421157685,0.259646853897899
373,0.2,0.891457286432161,0.654506187624751,0,0.285869061876247,0.261192882283258
377,0.2,0.907537688442211,0.66139001996008,0,0.279751696606786,0.254963140932509
376,0.2,0.903517587939699,0.660912574850299,0,0.281501796407186,0.258179002544008
375,0.2,0.899497487437186,0.669912974051896,0,0.273426746506986,0.25053676126953
378,0.2,0.911557788944724,0.659315768463074,0,0.282258682634731,0.258126597234393
379,0.2,0.915577889447236,0.671405189620758,0,0.274649900199601,0.252400237810676
380,0.2,0.919597989949749,0.673968063872255,0,0.271009181636727,0.250689938569047
381,0.2,0.923618090452261,0.671768463073852,0,0.273944910179641,0.250906571614337
382,0.2,0.927638190954774,0.678600399201597,0,0.26927744510978,0.247665924421912
383,0.2,0.931658291457287,0.686950898203593,0,0.263615169660679,0.242997144655156
384,0.2,0.935678391959799,0.674568463073852,0,0.270339321357285,0.248501513327519
385,0.2,0.939698492462312,0.683421157684631,0,0.263643912175649,0.243197625628388
387,0.2,0.947738693467337,0.687945708582834,0,0.260728143712575,0.241111322893901
388,0.2,0.951758793969849,0.676264271457086,0,0.269627145708583,0.246082391385573
386,0.2,0.943718592964824,0.680538123752495,0,0.266835129740519,0.243770122687515
389,0.2,0.955778894472362,0.686557285429142,0,0.26349620758483,0.241274677622431
390,0.2,0.959798994974874,0.686796007984032,0,0.263281437125749,0.242906252632899
391,0.2,0.963819095477387,0.694170858283433,0,0.25777005988024,0.238144053435636
392,0.2,0.9678391959799,0.685564071856287,0,0.263342914171657,0.241809384522838
393,0.2,0.971859296482412,0.691650299401198,0,0.259055489021956,0.239248216446554
394,0.2,0.975879396984925,0.69094371257485,0,0.258343313373254,0.237576226364348
395,0.2,0.979899497487437,0.695193612774451,0,0.25590499001996,0.235376904610733
396,0.2,0.98391959798995,0.698792015968064,0,0.254273053892216,0.233969097937073
397,0.2,0.987939698492462,0.703032335329341,0,0.248987624750499,0.23019921220162
399,0.2,0.995979899497488,0.707168063872256,0,0.248363273453094,0.230878101555849
398,0.2,0.991959798994975,0.702211576846307,0,0.25055249500998,0.231696826017994
401,0.3,0.2,0,0,0.0919512974051896,NA
400,0.2,1,0.701498602794411,0,0.254153293413174,0.23393028371247
402,0.3,0.204020100502513,0,0,0.0941005988023952,NA
403,0.3,0.208040201005025,0,0,0.0922163672654691,NA
404,0.3,0.212060301507538,0,0,0.0900774451097804,NA
405,0.3,0.21608040201005,0,0,0.0907560878243513,NA
406,0.3,0.220100502512563,0,0,0.0906283433133733,NA
407,0.3,0.224120603015075,0,0,0.0906091816367265,NA
408,0.3,0.228140703517588,0,0,0.0969508982035928,NA
409,0.3,0.232160804020101,0,0,0.0892439121756487,NA
410,0.3,0.236180904522613,0,0,0.0887481037924152,NA
401,0.3,0.2,0,0,0.0919512974051896,NA
411,0.3,0.240201005025126,0,0,0.094538123752495,NA
402,0.3,0.204020100502513,0,0,0.0941005988023952,NA
403,0.3,0.208040201005025,0,0,0.0922163672654691,NA
404,0.3,0.212060301507538,0,0,0.0900774451097804,NA
405,0.3,0.21608040201005,0,0,0.0907560878243513,NA
406,0.3,0.220100502512563,0,0,0.0906283433133733,NA
407,0.3,0.224120603015075,0,0,0.0906091816367265,NA
408,0.3,0.228140703517588,0,0,0.0969508982035928,NA
409,0.3,0.232160804020101,0,0,0.0892439121756487,NA
410,0.3,0.236180904522613,0,0,0.0887481037924152,NA
412,0.3,0.244221105527638,0,0,0.088839121756487,NA
411,0.3,0.240201005025126,0,0,0.094538123752495,NA
413,0.3,0.248241206030151,0,0,0.0879449101796407,NA
414,0.3,0.252261306532663,0,0,0.0874027944111776,NA
415,0.3,0.256281407035176,0,0,0.0883161676646707,NA
416,0.3,0.260301507537688,0,0,0.0957077844311377,NA
417,0.3,0.264321608040201,0,0,0.0916982035928144,NA
418,0.3,0.268341708542714,0,0,0.0895233532934132,NA
420,0.3,0.276381909547739,0,0,0.0854786427145709,NA
419,0.3,0.272361809045226,0,0,0.0902099800399202,NA
421,0.3,0.280402010050251,0,0,0.0939209580838323,NA
412,0.3,0.244221105527638,0,0,0.088839121756487,NA
422,0.3,0.284422110552764,0,0,0.0945660678642715,NA
413,0.3,0.248241206030151,0,0,0.0879449101796407,NA
414,0.3,0.252261306532663,0,0,0.0874027944111776,NA
415,0.3,0.256281407035176,0,0,0.0883161676646707,NA
416,0.3,0.260301507537688,0,0,0.0957077844311377,NA
417,0.3,0.264321608040201,0,0,0.0916982035928144,NA
418,0.3,0.268341708542714,0,0,0.0895233532934132,NA
420,0.3,0.276381909547739,0,0,0.0854786427145709,NA
419,0.3,0.272361809045226,0,0,0.0902099800399202,NA
421,0.3,0.280402010050251,0,0,0.0939209580838323,NA
423,0.3,0.288442211055276,0,0,0.0956534930139721,NA
422,0.3,0.284422110552764,0,0,0.0945660678642715,NA
424,0.3,0.292462311557789,0,0,0.0891377245508982,NA
425,0.3,0.296482412060302,0,0,0.0906291417165669,NA
426,0.3,0.300502512562814,0,0,0.0900942115768463,NA
427,0.3,0.304522613065327,0,0,0.082573253493014,NA
428,0.3,0.308542713567839,0,0,0.0907369261477046,NA
429,0.3,0.312562814070352,0,0,0.0929397205588822,NA
430,0.3,0.316582914572864,0,0,0.0942099800399202,NA
431,0.3,0.320603015075377,0,0,0.0830810379241517,NA
432,0.3,0.324623115577889,0,0,0.093826746506986,NA
423,0.3,0.288442211055276,0,0,0.0956534930139721,NA
424,0.3,0.292462311557789,0,0,0.0891377245508982,NA
433,0.3,0.328643216080402,0,0,0.0957764471057884,NA
425,0.3,0.296482412060302,0,0,0.0906291417165669,NA
426,0.3,0.300502512562814,0,0,0.0900942115768463,NA
427,0.3,0.304522613065327,0,0,0.082573253493014,NA
428,0.3,0.308542713567839,0,0,0.0907369261477046,NA
429,0.3,0.312562814070352,0,0,0.0929397205588822,NA
430,0.3,0.316582914572864,0,0,0.0942099800399202,NA
431,0.3,0.320603015075377,0,0,0.0830810379241517,NA
432,0.3,0.324623115577889,0,0,0.093826746506986,NA
434,0.3,0.332663316582915,0,0,0.0985149700598802,NA
435,0.3,0.336683417085427,0,0,0.0908215568862275,NA
433,0.3,0.328643216080402,0,0,0.0957764471057884,NA
436,0.3,0.34070351758794,0,0,0.0924822355289421,NA
437,0.3,0.344723618090452,0,0,0.0872079840319361,NA
438,0.3,0.348743718592965,0,0,0.0929676646706587,NA
439,0.3,0.352763819095477,0,0,0.0933477045908184,NA
440,0.3,0.35678391959799,0,0,0.0894259481037924,NA
441,0.3,0.360804020100503,0,0,0.0862323353293413,NA
442,0.3,0.364824120603015,0,0,0.0948255489021956,NA
443,0.3,0.368844221105528,0,0,0.0921397205588822,NA
434,0.3,0.332663316582915,0,0,0.0985149700598802,NA
444,0.3,0.37286432160804,0,0,0.0880558882235529,NA
435,0.3,0.336683417085427,0,0,0.0908215568862275,NA
436,0.3,0.34070351758794,0,0,0.0924822355289421,NA
437,0.3,0.344723618090452,0,0,0.0872079840319361,NA
438,0.3,0.348743718592965,0,0,0.0929676646706587,NA
439,0.3,0.352763819095477,0,0,0.0933477045908184,NA
440,0.3,0.35678391959799,0,0,0.0894259481037924,NA
441,0.3,0.360804020100503,0,0,0.0862323353293413,NA
442,0.3,0.364824120603015,0,0,0.0948255489021956,NA
443,0.3,0.368844221105528,0,0,0.0921397205588822,NA
445,0.3,0.376884422110553,0,0,0.0939840319361277,NA
444,0.3,0.37286432160804,0,0,0.0880558882235529,NA
446,0.3,0.380904522613065,0,0,0.0919568862275449,NA
447,0.3,0.384924623115578,0,0,0.085398003992016,NA
448,0.3,0.388944723618091,0,0,0.0857820359281437,NA
449,0.3,0.392964824120603,0,0,0.0920918163672655,NA
450,0.3,0.396984924623116,0,0,0.0942395209580838,NA
451,0.3,0.401005025125628,0,0,0.0919664670658683,NA
452,0.3,0.405025125628141,0,0,0.0916,NA
453,0.3,0.409045226130653,0,0,0.0906506986027944,NA
454,0.3,0.413065326633166,0,0,0.0904215568862275,NA
445,0.3,0.376884422110553,0,0,0.0939840319361277,NA
455,0.3,0.417085427135678,0,0,0.0925261477045908,NA
446,0.3,0.380904522613065,0,0,0.0919568862275449,NA
447,0.3,0.384924623115578,0,0,0.085398003992016,NA
448,0.3,0.388944723618091,0,0,0.0857820359281437,NA
449,0.3,0.392964824120603,0,0,0.0920918163672655,NA
450,0.3,0.396984924623116,0,0,0.0942395209580838,NA
451,0.3,0.401005025125628,0,0,0.0919664670658683,NA
452,0.3,0.405025125628141,0,0,0.0916,NA
453,0.3,0.409045226130653,0,0,0.0906506986027944,NA
454,0.3,0.413065326633166,0,0,0.0904215568862275,NA
456,0.3,0.421105527638191,0,0,0.0881221556886227,NA
455,0.3,0.417085427135678,0,0,0.0925261477045908,NA
457,0.3,0.425125628140704,0,0,0.0945668662674651,NA
458,0.3,0.429145728643216,0,0,0.0897660678642715,NA
459,0.3,0.433165829145729,0,0,0.0894562874251497,NA
460,0.3,0.437185929648241,0,0,0.0919600798403194,NA
461,0.3,0.441206030150754,0,0,0.0957908183632735,NA
462,0.3,0.445226130653266,0,0,0.0880039920159681,NA
463,0.3,0.449246231155779,0,0,0.0899273453093812,NA
464,0.3,0.453266331658291,0,0,0.0971417165668663,NA
465,0.3,0.457286432160804,0,0,0.0902115768463074,NA
456,0.3,0.421105527638191,0,0,0.0881221556886227,NA
457,0.3,0.425125628140704,0,0,0.0945668662674651,NA
466,0.3,0.461306532663317,0,0,0.0922778443113772,NA
458,0.3,0.429145728643216,0,0,0.0897660678642715,NA
459,0.3,0.433165829145729,0,0,0.0894562874251497,NA
460,0.3,0.437185929648241,0,0,0.0919600798403194,NA
461,0.3,0.441206030150754,0,0,0.0957908183632735,NA
462,0.3,0.445226130653266,0,0,0.0880039920159681,NA
463,0.3,0.449246231155779,0,0,0.0899273453093812,NA
464,0.3,0.453266331658291,0,0,0.0971417165668663,NA
465,0.3,0.457286432160804,0,0,0.0902115768463074,NA
467,0.3,0.465326633165829,0,0,0.0828566866267465,NA
468,0.3,0.469346733668342,0,0,0.0951720558882236,NA
466,0.3,0.461306532663317,0,0,0.0922778443113772,NA
469,0.3,0.473366834170854,0,0,0.0911329341317365,NA
470,0.3,0.477386934673367,0,0,0.0852582834331337,NA
471,0.3,0.481407035175879,0,0,0.0909197604790419,NA
472,0.3,0.485427135678392,0,0,0.0930602794411178,NA
473,0.3,0.489447236180905,0,0,0.0878674650698603,NA
474,0.3,0.493467336683417,0,0,0.089185628742515,NA
475,0.3,0.49748743718593,0,0,0.0878483033932136,NA
476,0.3,0.501507537688442,0,0,0.09024750499002,NA
467,0.3,0.465326633165829,0,0,0.0828566866267465,NA
468,0.3,0.469346733668342,0,0,0.0951720558882236,NA
477,0.3,0.505527638190955,0,0,0.091125748502994,NA
469,0.3,0.473366834170854,0,0,0.0911329341317365,NA
470,0.3,0.477386934673367,0,0,0.0852582834331337,NA
471,0.3,0.481407035175879,0,0,0.0909197604790419,NA
472,0.3,0.485427135678392,0,0,0.0930602794411178,NA
473,0.3,0.489447236180905,0,0,0.0878674650698603,NA
474,0.3,0.493467336683417,0,0,0.089185628742515,NA
475,0.3,0.49748743718593,0,0,0.0878483033932136,NA
476,0.3,0.501507537688442,0,0,0.09024750499002,NA
478,0.3,0.509547738693467,0,0,0.0895409181636727,NA
479,0.3,0.51356783919598,0,0,0.0892982035928144,NA
477,0.3,0.505527638190955,0,0,0.091125748502994,NA
480,0.3,0.517587939698492,0,0,0.0938147704590818,NA
481,0.3,0.521608040201005,0,0,0.0920838323353293,NA
482,0.3,0.525628140703518,0,0,0.0945612774451098,NA
483,0.3,0.52964824120603,0,0,0.0891145708582834,NA
484,0.3,0.533668341708543,0,0,0.0906554890219561,NA
485,0.3,0.537688442211055,0,0,0.0938578842315369,NA
486,0.3,0.541708542713568,0,0,0.0950491017964072,NA
487,0.3,0.54572864321608,0,0,0.0882658682634731,NA
479,0.3,0.51356783919598,0,0,0.0892982035928144,NA
478,0.3,0.509547738693467,0,0,0.0895409181636727,NA
488,0.3,0.549748743718593,0,0,0.0888942115768463,NA
480,0.3,0.517587939698492,0,0,0.0938147704590818,NA
481,0.3,0.521608040201005,0,0,0.0920838323353293,NA
482,0.3,0.525628140703518,0,0,0.0945612774451098,NA
483,0.3,0.52964824120603,0,0,0.0891145708582834,NA
484,0.3,0.533668341708543,0,0,0.0906554890219561,NA
485,0.3,0.537688442211055,0,0,0.0938578842315369,NA
486,0.3,0.541708542713568,0,0,0.0950491017964072,NA
487,0.3,0.54572864321608,0,0,0.0882658682634731,NA
489,0.3,0.553768844221106,0,0,0.0847161676646707,NA
490,0.3,0.557788944723618,0,0,0.0896063872255489,NA
488,0.3,0.549748743718593,0,0,0.0888942115768463,NA
491,0.3,0.561809045226131,0,0,0.0897508982035928,NA
492,0.3,0.565829145728643,0,0,0.0877341317365269,NA
493,0.3,0.569849246231156,0,0,0.0916359281437126,NA
494,0.3,0.573869346733668,0,0,0.0865317365269461,NA
495,0.3,0.577889447236181,0,0,0.0880079840319361,NA
496,0.3,0.581909547738694,0,0,0.0894259481037924,NA
497,0.3,0.585929648241206,0,0,0.09412375249501,NA
498,0.3,0.589949748743719,0,0,0.0872502994011976,NA
489,0.3,0.553768844221106,0,0,0.0847161676646707,NA
490,0.3,0.557788944723618,0,0,0.0896063872255489,NA
499,0.3,0.593969849246231,0,0,0.0873940119760479,NA
491,0.3,0.561809045226131,0,0,0.0897508982035928,NA
492,0.3,0.565829145728643,0,0,0.0877341317365269,NA
493,0.3,0.569849246231156,0,0,0.0916359281437126,NA
494,0.3,0.573869346733668,0,0,0.0865317365269461,NA
495,0.3,0.577889447236181,0,0,0.0880079840319361,NA
496,0.3,0.581909547738694,0,0,0.0894259481037924,NA
497,0.3,0.585929648241206,0,0,0.09412375249501,NA
498,0.3,0.589949748743719,0,0,0.0872502994011976,NA
500,0.3,0.597989949748744,0,0,0.0878954091816367,NA
501,0.3,0.602010050251256,0,0,0.0922291417165669,NA
499,0.3,0.593969849246231,0,0,0.0873940119760479,NA
502,0.3,0.606030150753769,0,0,0.0927624750499002,NA
503,0.3,0.610050251256282,0,0,0.0925397205588822,NA
504,0.3,0.614070351758794,0,0,0.089461876247505,NA
505,0.3,0.618090452261307,0,0,0.0927105788423154,NA
506,0.3,0.622110552763819,0,0,0.092261876247505,NA
507,0.3,0.626130653266332,0,0,0.0925652694610778,NA
508,0.3,0.630150753768844,0,0,0.0897245508982036,NA
509,0.3,0.634170854271357,0,0,0.0873045908183633,NA
500,0.3,0.597989949748744,0,0,0.0878954091816367,NA
501,0.3,0.602010050251256,0,0,0.0922291417165669,NA
510,0.3,0.638190954773869,0,0,0.0874602794411178,NA
502,0.3,0.606030150753769,0,0,0.0927624750499002,NA
503,0.3,0.610050251256282,0,0,0.0925397205588822,NA
504,0.3,0.614070351758794,0,0,0.089461876247505,NA
505,0.3,0.618090452261307,0,0,0.0927105788423154,NA
506,0.3,0.622110552763819,0,0,0.092261876247505,NA
507,0.3,0.626130653266332,0,0,0.0925652694610778,NA
508,0.3,0.630150753768844,0,0,0.0897245508982036,NA
509,0.3,0.634170854271357,0,0,0.0873045908183633,NA
511,0.3,0.642211055276382,0,0,0.0909892215568862,NA
512,0.3,0.646231155778894,0,0,0.0886538922155689,NA
510,0.3,0.638190954773869,0,0,0.0874602794411178,NA
513,0.3,0.650251256281407,0,0,0.0867321357285429,NA
514,0.3,0.65427135678392,0,0,0.088998003992016,NA
515,0.3,0.658291457286432,0,0,0.0877253493013972,NA
516,0.3,0.662311557788945,0,0,0.0947872255489022,NA
517,0.3,0.666331658291457,0,0,0.0934794411177645,NA
518,0.3,0.67035175879397,0,0,0.085426746506986,NA
519,0.3,0.674371859296482,0,0,0.0919209580838323,NA
520,0.3,0.678391959798995,0,0,0.0923041916167665,NA
511,0.3,0.642211055276382,0,0,0.0909892215568862,NA
512,0.3,0.646231155778894,0,0,0.0886538922155689,NA
521,0.3,0.682412060301508,0,0,0.0892327345309381,NA
513,0.3,0.650251256281407,0,0,0.0867321357285429,NA
514,0.3,0.65427135678392,0,0,0.088998003992016,NA
515,0.3,0.658291457286432,0,0,0.0877253493013972,NA
516,0.3,0.662311557788945,0,0,0.0947872255489022,NA
517,0.3,0.666331658291457,0,0,0.0934794411177645,NA
518,0.3,0.67035175879397,0,0,0.085426746506986,NA
519,0.3,0.674371859296482,0,0,0.0919209580838323,NA
520,0.3,0.678391959798995,0,0,0.0923041916167665,NA
522,0.3,0.68643216080402,0,0,0.0889229540918164,NA
523,0.3,0.690452261306533,0,0,0.0908135728542914,NA
521,0.3,0.682412060301508,0,0,0.0892327345309381,NA
524,0.3,0.694472361809045,0,0,0.0909756487025948,NA
525,0.3,0.698492462311558,0,0,0.0908055888223553,NA
526,0.3,0.70251256281407,0,0,0.0932678642714571,NA
527,0.3,0.706532663316583,0,0,0.0940079840319361,NA
528,0.3,0.710552763819096,0,0,0.0912670658682635,NA
529,0.3,0.714572864321608,0,0,0.0909037924151697,NA
530,0.3,0.718592964824121,0,0,0.0885740518962076,NA
531,0.3,0.722613065326633,0,0,0.091426746506986,NA
522,0.3,0.68643216080402,0,0,0.0889229540918164,NA
523,0.3,0.690452261306533,0,0,0.0908135728542914,NA
532,0.3,0.726633165829146,0,0,0.0885085828343313,NA
524,0.3,0.694472361809045,0,0,0.0909756487025948,NA
525,0.3,0.698492462311558,0,0,0.0908055888223553,NA
526,0.3,0.70251256281407,0,0,0.0932678642714571,NA
527,0.3,0.706532663316583,0,0,0.0940079840319361,NA
528,0.3,0.710552763819096,0,0,0.0912670658682635,NA
529,0.3,0.714572864321608,0,0,0.0909037924151697,NA
530,0.3,0.718592964824121,0,0,0.0885740518962076,NA
531,0.3,0.722613065326633,0,0,0.091426746506986,NA
533,0.3,0.730653266331658,0,0,0.0907952095808383,NA
534,0.3,0.734673366834171,0,0,0.0890546906187625,NA
532,0.3,0.726633165829146,0,0,0.0885085828343313,NA
535,0.3,0.738693467336683,0,0,0.0923465069860279,NA
536,0.3,0.742713567839196,0,0,0.0920295409181637,NA
537,0.3,0.746733668341709,0,0,0.0925924151696607,NA
538,0.3,0.750753768844221,0,0,0.0883928143712575,NA
539,0.3,0.754773869346734,0,0,0.0868862275449102,NA
540,0.3,0.758793969849246,0,0,0.0936870259481038,NA
541,0.3,0.762814070351759,0,0,0.0857357285429142,NA
542,0.3,0.766834170854271,0,0,0.0973221556886227,NA
533,0.3,0.730653266331658,0,0,0.0907952095808383,NA
534,0.3,0.734673366834171,0,0,0.0890546906187625,NA
543,0.3,0.770854271356784,0,0,0.0871249500998004,NA
536,0.3,0.742713567839196,0,0,0.0920295409181637,NA
535,0.3,0.738693467336683,0,0,0.0923465069860279,NA
537,0.3,0.746733668341709,0,0,0.0925924151696607,NA
538,0.3,0.750753768844221,0,0,0.0883928143712575,NA
539,0.3,0.754773869346734,0,0,0.0868862275449102,NA
540,0.3,0.758793969849246,0,0,0.0936870259481038,NA
541,0.3,0.762814070351759,0,0,0.0857357285429142,NA
542,0.3,0.766834170854271,0,0,0.0973221556886227,NA
544,0.3,0.774874371859297,0,0,0.09664750499002,NA
545,0.3,0.778894472361809,0,0,0.0882011976047904,NA
543,0.3,0.770854271356784,0,0,0.0871249500998004,NA
547,0.3,0.786934673366834,0,0,0.0915057884231537,NA
546,0.3,0.782914572864322,0,0,0.0865892215568862,NA
548,0.3,0.790954773869347,0,0,0.0922331337325349,NA
549,0.3,0.794974874371859,0,0,0.0927417165668663,NA
550,0.3,0.798994974874372,0,0,0.084364870259481,NA
551,0.3,0.803015075376885,0,0,0.0967584830339321,NA
552,0.3,0.807035175879397,0,0,0.0887081836327345,NA
553,0.3,0.81105527638191,0,0,0.0867904191616767,NA
544,0.3,0.774874371859297,0,0,0.09664750499002,NA
545,0.3,0.778894472361809,0,0,0.0882011976047904,NA
554,0.3,0.815075376884422,0,0,0.0897053892215569,NA
547,0.3,0.786934673366834,0,0,0.0915057884231537,NA
546,0.3,0.782914572864322,0,0,0.0865892215568862,NA
548,0.3,0.790954773869347,0.00408303393213573,0,0.102984431137725,0.391831559082236
549,0.3,0.794974874371859,0.0176455089820359,0,0.1244,0.403177897778058
550,0.3,0.798994974874372,0.117483433133733,0,0.293040319361277,0.403468656298108
551,0.3,0.803015075376885,0.0114570858283433,0,0.118374451097804,0.410921964317417
552,0.3,0.807035175879397,0.191245508982036,0,0.343186427145709,0.390241091783539
553,0.3,0.81105527638191,0.0782882235528942,0,0.234403992015968,0.408552106250365
555,0.3,0.819095477386935,0,0,0.0922986027944112,NA
556,0.3,0.823115577889447,0,0,0.0905349301397206,NA
554,0.3,0.815075376884422,0.24700998003992,0,0.390237125748503,0.396167019052877
557,0.3,0.82713567839196,0,0,0.091585628742515,NA
558,0.3,0.831155778894472,0,0,0.0873357285429142,NA
559,0.3,0.835175879396985,0,0,0.0883848303393214,NA
560,0.3,0.839195979899497,0,0,0.0938850299401198,NA
561,0.3,0.84321608040201,0,0,0.0904431137724551,NA
562,0.3,0.847236180904523,0,0,0.100856686626747,NA
563,0.3,0.851256281407035,0,0,0.0923784431137725,NA
564,0.3,0.855276381909548,0.351927345309381,0,0.408925349301397,0.379394028316437
555,0.3,0.819095477386935,0.257642315369261,0,0.39259880239521,0.391509699985077
556,0.3,0.823115577889447,0.261065868263473,0,0.392822355289421,0.391815873455752
565,0.3,0.85929648241206,0,0,0.0902499001996008,NA
558,0.3,0.831155778894472,0.27998003992016,0,0.402234730538922,0.39123110180991
557,0.3,0.82713567839196,0.297405988023952,0,0.406324151696607,0.391101659943974
559,0.3,0.835175879396985,0.31486626746507,0,0.406205988023952,0.388164662777584
560,0.3,0.839195979899497,0.338689820359281,0,0.412746506986028,0.386026867941565
561,0.3,0.84321608040201,0.336644311377245,0,0.415458682634731,0.388299639049841
562,0.3,0.847236180904523,0.368039121756487,0,0.421972055888224,0.381753807016925
563,0.3,0.851256281407035,0.348336926147705,0,0.419873053892216,0.383465902711981
566,0.3,0.863316582914573,0,0,0.08652375249501,NA
567,0.3,0.867336683417085,0,0,0.0898842315369262,NA
568,0.3,0.871356783919598,0.379868263473054,0,0.415583233532934,0.378008261525018
565,0.3,0.85929648241206,0.382207584830339,0,0.416862275449102,0.376397569641149
570,0.3,0.879396984924623,0,0,0.100679441117764,NA
569,0.3,0.875376884422111,0.412840718562874,0,0.414850299401198,0.374842038966985
571,0.3,0.883417085427136,0,0,0.0924463073852295,NA
572,0.3,0.887437185929648,0.388467065868263,0,0.406063872255489,0.367118616607828
573,0.3,0.891457286432161,0.415530538922156,0,0.41078003992016,0.370723811024381
574,0.3,0.895477386934673,0,0,0.0902922155688623,NA
575,0.3,0.899497487437186,0.430244311377246,0,0.402962874251497,0.362302851610128
566,0.3,0.863316582914573,0.38046626746507,0,0.416951696606786,0.378577253655872
567,0.3,0.867336683417085,0.404815169660679,0,0.414681037924152,0.371900748349224
576,0.3,0.903517587939699,0.439192015968064,0,0.403759680638723,0.361563214288972
577,0.3,0.907537688442211,0,0,0.095564870259481,NA
570,0.3,0.879396984924623,0.423635129740519,0,0.409148103792415,0.366179408502524
578,0.3,0.911557788944724,0.437497005988024,0,0.403239121756487,0.362449860219078
571,0.3,0.883417085427136,0.405525748502994,0,0.409272654690619,0.370087895672546
579,0.3,0.915577889447236,0.444490219560878,0,0.401626347305389,0.359570368865891
580,0.3,0.919597989949749,0,0,0.086138123752495,NA
574,0.3,0.895477386934673,0.420773652694611,0,0.408386427145709,0.36517761935875
581,0.3,0.923618090452261,0,0,0.0882059880239521,NA
582,0.3,0.927638190954774,0.463780439121756,0,0.393354890219561,0.350183488257798
583,0.3,0.931658291457287,0,0,0.0889397205588822,NA
584,0.3,0.935678391959799,0.47951377245509,0,0.389052295409182,0.348384096751101
577,0.3,0.907537688442211,0.425519361277445,0,0.402775249500998,0.359553625429058
585,0.3,0.939698492462312,0.460939720558882,0,0.394787225548902,0.348487115088952
586,0.3,0.943718592964824,0.470649900199601,0,0.390562075848303,0.349855291959672
587,0.3,0.947738693467337,0.478228343313373,0,0.390938922155689,0.347851303406703
588,0.3,0.951758793969849,0.468235528942116,0,0.39457245508982,0.351402354189848
580,0.3,0.919597989949749,0.454148502994012,0,0.395596806387226,0.352071431035735
589,0.3,0.955778894472362,0.492941317365269,0,0.383135329341317,0.346265779037368
581,0.3,0.923618090452261,0.454180439121756,0,0.397631936127745,0.355954550445404
590,0.3,0.959798994974874,0.496974051896208,0,0.3824750499002,0.339741341612035
583,0.3,0.931658291457287,0.470261077844311,0,0.396721756487026,0.354616674936996
591,0.3,0.963819095477387,0.503424351297405,0,0.377681437125749,0.337601227741872
592,0.3,0.9678391959799,0.487809181636727,0,0.381030738522954,0.340377630594237
593,0.3,0.971859296482412,0.508874251497006,0,0.37377245508982,0.334909515622174
594,0.3,0.975879396984925,0.493901796407186,0,0.37943872255489,0.340251024874876
595,0.3,0.979899497487437,0,0,0.0886954091816367,NA
596,0.3,0.98391959798995,0.517560079840319,0,0.375641516966068,0.335982307228465
597,0.3,0.987939698492462,0.512854291417166,0,0.370279441117764,0.330531940144735
598,0.3,0.991959798994975,0.506041516966068,0,0.375004391217565,0.335921504952372
599,0.3,0.995979899497488,0.506318562874251,0,0.37502994011976,0.335492275771368
600,0.3,1,0.523229540918164,0,0.369620758483034,0.329560277650984
595,0.3,0.979899497487437,0.506630738522954,0,0.37967744510978,0.34058981771099
